step,dataset,run_id,fitness,accuracy,n_selected_features,n_total_features,runtime_seconds
1_RandomInit_NoRMS,Leukemia,4,0.01890902908348997,0.9857142857142858,1702,3571,1866.391454250086
1_RandomInit_NoRMS,Leukemia,1,0.018889426731207696,0.9857142857142858,1695,3571,1867.1912604584359
1_RandomInit_NoRMS,Leukemia,5,0.017859759171100508,0.9866666666666667,1664,3571,1868.1580909159966
1_RandomInit_NoRMS,Leukemia,7,0.01885302236268347,0.9857142857142858,1682,3571,1867.66264462471
1_RandomInit_NoRMS,Leukemia,2,0.018931431771812567,0.9857142857142858,1710,3571,1868.2155847088434
1_RandomInit_NoRMS,Leukemia,6,0.01793536824418928,0.9866666666666667,1691,3571,1867.7786852079444
1_RandomInit_NoRMS,Leukemia,0,0.018906228747449644,0.9857142857142858,1701,3571,1871.3985243332572
1_RandomInit_NoRMS,Leukemia,3,0.018008176981237724,0.9866666666666667,1717,3571,1879.51846766565
1_RandomInit_NoRMS,Leukemia,8,0.018094987398487795,0.9866666666666667,1748,3571,1383.346141540911
1_RandomInit_NoRMS,Leukemia,9,0.018055782693923245,0.9866666666666667,1734,3571,1383.0693264999427
1_RandomInit_NoRMS,Leukemia,11,0.01893983277993354,0.9857142857142858,1713,3571,1384.159342082683
1_RandomInit_NoRMS,Leukemia,13,0.017834556146737585,0.9866666666666667,1655,3571,1384.0190779580735
1_RandomInit_NoRMS,Leukemia,10,0.017980173620834476,0.9866666666666667,1707,3571,1385.528808250092
1_RandomInit_NoRMS,Leukemia,12,0.0187998159779173,0.9857142857142858,1663,3571,1385.4007484577596
1_RandomInit_NoRMS,Leukemia,14,0.019015441853022313,0.9857142857142858,1740,3571,1394.6243403339759
1_RandomInit_NoRMS,Leukemia,15,0.01881661799415925,0.9857142857142858,1669,3571,1389.8774360003881
1_RandomInit_NoRMS,Leukemia,16,0.01790736488378603,0.9866666666666667,1681,3571,1665.0035892501473
1_RandomInit_NoRMS,Leukemia,17,0.018886626395167368,0.9857142857142858,1694,3571,1666.9757017497905
1_RandomInit_NoRMS,Leukemia,18,0.018791414969796326,0.9857142857142858,1660,3571,1665.9344629165716
1_RandomInit_NoRMS,Leukemia,23,0.017966171940632852,0.9866666666666667,1702,3571,1664.037147208117
1_RandomInit_NoRMS,Leukemia,19,0.018906228747449644,0.9857142857142858,1701,3571,1681.6245601656847
1_RandomInit_NoRMS,Leukemia,21,0.018925831099731918,0.9857142857142858,1708,3571,1681.8554867920466
1_RandomInit_NoRMS,Leukemia,20,0.018855822698723795,0.9857142857142858,1683,3571,1683.068130041007
1_RandomInit_NoRMS,Leukemia,22,0.018878225387046393,0.9857142857142858,1691,3571,1679.351918417029
1_RandomInit_NoRMS,ColonCancer,1,0.19660384615384602,0.8064102564102565,990,2000,1510.624265416991
1_RandomInit_NoRMS,Leukemia,25,0.018970636476377114,0.9857142857142858,1724,3571,1540.9253892917186
1_RandomInit_NoRMS,ColonCancer,0,0.14975230769230774,0.8538461538461538,1012,2000,1525.058136250358
1_RandomInit_NoRMS,Leukemia,27,0.018889426731207696,0.9857142857142858,1695,3571,1544.8813679995947
1_RandomInit_NoRMS,Leukemia,26,0.01885302236268347,0.9857142857142858,1682,3571,1575.358139124699
1_RandomInit_NoRMS,Leukemia,24,0.018911829419530294,0.9857142857142858,1703,3571,1584.9531744578853
1_RandomInit_NoRMS,Leukemia,28,0.018895027403288345,0.9857142857142858,1697,3571,1602.8123075831681
1_RandomInit_NoRMS,Leukemia,29,0.018788614633756,0.9857142857142858,1659,3571,1638.3370980839245
1_RandomInit_NoRMS,ColonCancer,2,0.11788153846153838,0.885897435897436,984,2000,1497.5908488328569
1_RandomInit_NoRMS,ColonCancer,3,0.1788146153846154,0.8243589743589743,986,2000,1497.4612506669946
1_RandomInit_NoRMS,ColonCancer,4,0.1342215384615383,0.8692307692307694,952,2000,1496.7315272921696
1_RandomInit_NoRMS,ColonCancer,5,0.19528961538461537,0.8076923076923077,981,2000,1496.7374854171649
1_RandomInit_NoRMS,ColonCancer,7,0.13055884615384625,0.873076923076923,981,2000,1490.585844582878
1_RandomInit_NoRMS,ColonCancer,6,0.14971230769230773,0.8538461538461538,1004,2000,1496.3037616247311
1_RandomInit_NoRMS,ColonCancer,8,0.14705384615384595,0.8564102564102566,980,2000,1525.4981217500754
1_RandomInit_NoRMS,ColonCancer,9,0.18016884615384607,0.8230769230769232,1003,2000,1498.2906245840713
1_RandomInit_NoRMS,ColonCancer,10,0.1510315384615385,0.8525641025641025,1014,2000,1527.7351524583064
1_RandomInit_NoRMS,ColonCancer,12,0.16632730769230766,0.8371794871794872,1027,2000,1527.3762082499452
1_RandomInit_NoRMS,ColonCancer,11,0.14689884615384619,0.8564102564102564,949,2000,1529.5189685407095
1_RandomInit_NoRMS,ColonCancer,13,0.1787146153846153,0.8243589743589744,966,2000,1530.3617522502318
1_RandomInit_NoRMS,ColonCancer,14,0.1291496153846155,0.8743589743589743,953,2000,1528.038470083382
1_RandomInit_NoRMS,ColonCancer,15,0.14815307692307697,0.8551282051282051,946,2000,1533.2056217496283
1_RandomInit_NoRMS,ColonCancer,16,0.16219461538461538,0.841025641025641,962,2000,1542.8268463332206
1_RandomInit_NoRMS,ColonCancer,17,0.1609403846153846,0.8423076923076923,965,2000,1556.357177332975
1_RandomInit_NoRMS,ColonCancer,18,0.16623730769230766,0.8371794871794872,1009,2000,1738.8566053751856
1_RandomInit_NoRMS,ColonCancer,19,0.1800688461538462,0.823076923076923,983,2000,1736.1008000830188
1_RandomInit_NoRMS,ColonCancer,20,0.1646980769230769,0.8384615384615385,955,2000,1738.8392485408112
1_RandomInit_NoRMS,ColonCancer,21,0.13165807692307702,0.8717948717948717,947,2000,1734.8194315829314
1_RandomInit_NoRMS,ColonCancer,23,0.22811461538461536,0.7743589743589744,946,2000,1732.1404262077995
1_RandomInit_NoRMS,ColonCancer,22,0.13192807692307681,0.8717948717948719,1001,2000,1754.009342208039
1_RandomInit_NoRMS,ColonCancer,24,0.16365384615384615,0.8397435897435898,1000,2000,1717.788655540906
1_RandomInit_NoRMS,ColonCancer,25,0.11550807692307685,0.8884615384615385,1017,2000,1709.6643837923184
1_RandomInit_NoRMS,ColonCancer,26,0.14587961538461544,0.8576923076923076,999,2000,1493.0836316668428
1_RandomInit_NoRMS,ColonCancer,27,0.1508965384615385,0.8525641025641025,987,2000,1492.7820435827598
1_RandomInit_NoRMS,Sonar,0,0.12243205574912894,0.8803716608594657,24,60,1474.1288746669888
1_RandomInit_NoRMS,ColonCancer,29,0.1622796153846155,0.8410256410256409,979,2000,1495.120176833123
1_RandomInit_NoRMS,Sonar,1,0.11311846689895477,0.8897793263646921,24,60,1474.5251607089303
1_RandomInit_NoRMS,ColonCancer,28,0.21434307692307694,0.7884615384615384,984,2000,1529.6603432502598
1_RandomInit_NoRMS,Sonar,2,0.11340011614401856,0.8896631823461092,25,60,1482.5773279583082
1_RandomInit_NoRMS,Sonar,3,0.09952729384436701,0.9041811846689896,28,60,1489.2991520413198
1_RandomInit_NoRMS,Sonar,5,0.10413821138211383,0.8991869918699187,26,60,1464.5533608752303
1_RandomInit_NoRMS,Sonar,4,0.12349535423925662,0.8801393728222997,29,60,1466.9662812496535
1_RandomInit_NoRMS,Sonar,6,0.10016550522648097,0.9033681765389081,27,60,1464.2870652498677
1_RandomInit_NoRMS,Sonar,7,0.12832462253193966,0.8752613240418118,29,60,1461.7148019578308
1_RandomInit_NoRMS,Sonar,8,0.11806271777003483,0.8847851335656214,24,60,1455.3540282920003
1_RandomInit_NoRMS,Sonar,9,0.11824099883855986,0.8844367015098722,23,60,1456.9322627079673
1_RandomInit_NoRMS,Sonar,10,0.11778106852497092,0.8849012775842044,23,60,1455.142366624903
1_RandomInit_NoRMS,Sonar,11,0.12422531939605108,0.8799070847851336,32,60,1451.5285931662656
1_RandomInit_NoRMS,Sonar,12,0.11924099883855986,0.8844367015098722,29,60,1017.2685807091184
1_RandomInit_NoRMS,Sonar,13,0.11871777003484324,0.8851335656213705,30,60,1017.688273916021
1_RandomInit_NoRMS,Sonar,14,0.10990418118466908,0.8945412311265969,33,60,1024.3356774998829
1_RandomInit_NoRMS,Sonar,15,0.10990418118466908,0.8945412311265969,33,60,1027.3314356668852
1_RandomInit_NoRMS,Sonar,16,0.11912601626016263,0.8845528455284553,29,60,1028.074069000315
1_RandomInit_NoRMS,Sonar,17,0.11872938443670149,0.8847851335656214,28,60,1030.859421167057
1_RandomInit_NoRMS,Sonar,18,0.1137334494773519,0.8896631823461092,27,60,1019.3854200420901
1_RandomInit_NoRMS,Sonar,19,0.12265040650406503,0.8804878048780488,26,60,1013.1150199999101
1_RandomInit_NoRMS,Sonar,20,0.12421370499419283,0.8802555168408827,34,60,889.3799235406332
1_RandomInit_NoRMS,Sonar,21,0.13366550522648085,0.8700348432055749,30,60,889.6710561248474
1_RandomInit_NoRMS,Sonar,22,0.12911788617886183,0.8747967479674796,31,60,875.3228937499225
1_RandomInit_NoRMS,Sonar,23,0.1332688734030197,0.870267131242741,29,60,871.0325904591009
1_RandomInit_NoRMS,Sonar,24,0.11390011614401856,0.8896631823461092,28,60,867.3456156249158
1_RandomInit_NoRMS,Sonar,25,0.1093008130081301,0.8943089430894309,28,60,860.5413608327508
1_RandomInit_NoRMS,Sonar,26,0.11496341463414637,0.8894308943089431,33,60,857.3777591669932
1_RandomInit_NoRMS,Sonar,27,0.12327700348432052,0.8800232288037166,27,60,855.8674410409294
1_RandomInit_NoRMS,WDBC,2,0.028973761838223762,0.9771308802980905,19,30,990.941825249698
1_RandomInit_NoRMS,WDBC,3,0.027578947368421015,0.9771929824561404,15,30,985.9299662080593
1_RandomInit_NoRMS,WDBC,4,0.0248728458313925,0.9789163173420278,12,30,957.7429748750292
1_RandomInit_NoRMS,WDBC,0,0.027276354603322443,0.9771619313771154,14,30,1011.6127404579893
1_RandomInit_NoRMS,WDBC,5,0.02797376183822376,0.9771308802980905,16,30,1010.4892938751727
1_RandomInit_NoRMS,WDBC,1,0.028291724887439768,0.9771464058376029,17,30,1089.1372589590028
1_RandomInit_NoRMS,Sonar,28,0.1143600464576075,0.8891986062717769,28,60,1120.0622103749774
1_RandomInit_NoRMS,Sonar,29,0.12317363530778166,0.8797909407665505,25,60,1120.4242647089995
1_RandomInit_NoRMS,WDBC,9,0.026206179164725833,0.9789163173420278,16,30,1053.9961329172365
1_RandomInit_NoRMS,WDBC,7,0.026888216115510045,0.9789007918025151,18,30,1080.1977964998223
1_RandomInit_NoRMS,WDBC,8,0.02792765098587167,0.9771774569166279,16,30,1078.187901458703
1_RandomInit_NoRMS,WDBC,6,0.02940133519639811,0.9736686849868033,10,30,1121.5862473342568
1_RandomInit_NoRMS,WDBC,10,0.027291724887439767,0.9771464058376029,14,30,1110.3480651658028
1_RandomInit_NoRMS,WDBC,11,0.024469337059463,0.9806707033069397,16,30,1108.500268000178
1_RandomInit_NoRMS,WDBC,13,0.026872845831392503,0.9789163173420278,18,30,1117.5460693328641
1_RandomInit_NoRMS,WDBC,12,0.02591228070175435,0.9771929824561404,10,30,1146.5199007503688
1_RandomInit_NoRMS,WDBC,17,0.025539512498059167,0.9789163173420278,14,30,1124.518630915787
1_RandomInit_NoRMS,WDBC,14,0.026578947368421015,0.9771929824561404,12,30,1183.5525534162298
1_RandomInit_NoRMS,WDBC,15,0.02552414221394195,0.9789318428815401,14,30,1242.5414044172503
1_RandomInit_NoRMS,WDBC,16,0.026190808880608617,0.9789318428815401,16,30,1249.9772304580547
1_RandomInit_NoRMS,WDBC,18,0.025888216115510048,0.9789007918025151,15,30,1189.2723527499475
1_RandomInit_NoRMS,WDBC,21,0.027609687936655778,0.9771619313771154,15,30,1132.3349001668394
1_RandomInit_NoRMS,WDBC,19,0.02759431765253856,0.9771774569166277,15,30,1254.4702855003998
1_RandomInit_NoRMS,WDBC,20,0.02381804067691355,0.9806551777674274,14,30,1252.4226141674444
1_RandomInit_NoRMS,WDBC,22,0.028710603943487036,0.9753764943331781,13,30,1082.2114260829985
1_RandomInit_NoRMS,WDBC,23,0.024120633442012124,0.9806862288464524,15,30,1097.6668964582495
1_RandomInit_NoRMS,Zoo,0,0.025424999999999906,0.9800000000000001,9,16,113.92198449978605
1_RandomInit_NoRMS,Zoo,1,0.023549999999999908,0.9800000000000001,6,16,113.69645091658458
1_RandomInit_NoRMS,WDBC,28,0.02659431765253856,0.9771774569166277,12,30,1065.7945428332314
1_RandomInit_NoRMS,WDBC,25,0.02548470734358022,0.9806551777674274,19,30,1215.499694291968
1_RandomInit_NoRMS,Zoo,2,0.023549999999999908,0.9800000000000001,6,16,117.09375354181975
1_RandomInit_NoRMS,WDBC,29,0.028276354603322444,0.9771619313771154,17,30,1080.3478702497669
1_RandomInit_NoRMS,Zoo,3,0.024328571428571404,0.9804761904761905,8,16,122.98392212530598
1_RandomInit_NoRMS,Zoo,4,0.023078571428571514,0.9804761904761904,6,16,138.61226412467659
1_RandomInit_NoRMS,WDBC,24,0.026236919732960596,0.9788852662630028,16,30,1355.2451893333346
1_RandomInit_NoRMS,Zoo,5,0.02479999999999991,0.9800000000000001,8,16,143.1413724590093
1_RandomInit_NoRMS,Zoo,6,0.022924999999999907,0.9800000000000001,5,16,144.89006345858797
1_RandomInit_NoRMS,Zoo,7,0.01615000000000001,0.99,10,16,147.94675566628575
1_RandomInit_NoRMS,Zoo,8,0.02479999999999991,0.9800000000000001,8,16,146.76885541621596
1_RandomInit_NoRMS,WDBC,27,0.024166744294364214,0.9806396522279149,15,30,1376.5327213332057
1_RandomInit_NoRMS,Zoo,9,0.023549999999999908,0.9800000000000001,6,16,156.052865375299
1_RandomInit_NoRMS,Zoo,10,0.025424999999999906,0.9800000000000001,9,16,155.61321920901537
1_RandomInit_NoRMS,Zoo,11,0.023549999999999908,0.9800000000000001,6,16,159.1597725409083
1_RandomInit_NoRMS,Zoo,12,0.025578571428571402,0.9804761904761905,10,16,157.8897618749179
1_RandomInit_NoRMS,Zoo,13,0.026049999999999907,0.9800000000000001,10,16,160.34183712489903
1_RandomInit_NoRMS,Zoo,14,0.02479999999999991,0.9800000000000001,8,16,165.7568345000036
1_RandomInit_NoRMS,Zoo,15,0.025578571428571402,0.9804761904761905,10,16,166.1851005423814
1_RandomInit_NoRMS,Zoo,16,0.026049999999999907,0.9800000000000001,10,16,165.81941733276471
1_RandomInit_NoRMS,Zoo,17,0.015678571428571396,0.9904761904761905,10,16,167.97169000003487
1_RandomInit_NoRMS,Zoo,18,0.026049999999999907,0.9800000000000001,10,16,164.75340816611424
1_RandomInit_NoRMS,Zoo,19,0.036575000000000024,0.97,11,16,165.5541410841979
1_RandomInit_NoRMS,Zoo,20,0.01552500000000001,0.99,9,16,165.256197208073
1_RandomInit_NoRMS,Zoo,21,0.0336035714285713,0.9704761904761906,7,16,164.52166175004095
1_RandomInit_NoRMS,Zoo,22,0.025424999999999906,0.9800000000000001,9,16,164.02256433432922
1_RandomInit_NoRMS,WDBC,26,0.025245614035087682,0.9771929824561404,8,30,1748.5208436669782
1_RandomInit_NoRMS,Zoo,23,0.025424999999999906,0.9800000000000001,9,16,164.974449750036
1_RandomInit_NoRMS,Zoo,24,0.022924999999999907,0.9800000000000001,5,16,163.2010119589977
1_RandomInit_NoRMS,Zoo,25,0.01677500000000001,0.99,11,16,162.0969377090223
1_RandomInit_NoRMS,Zoo,26,0.026674999999999907,0.9800000000000001,11,16,160.3833279167302
1_RandomInit_NoRMS,Zoo,27,0.023078571428571403,0.9804761904761905,6,16,157.09299295814708
1_RandomInit_NoRMS,Zoo,28,0.026049999999999907,0.9800000000000001,10,16,150.2759311250411
1_RandomInit_NoRMS,Zoo,29,0.022924999999999907,0.9800000000000001,5,16,138.5102401250042
2_MIInit_NoRMS,Leukemia,0,0.015937872544705314,0.9857142857142858,641,3571,1511.424521875102
2_MIInit_NoRMS,Leukemia,1,0.014226867224066837,0.9857142857142858,30,3571,1492.232273416128
2_MIInit_NoRMS,Leukemia,4,0.015509421130535614,0.9857142857142858,488,3571,1457.4789736671373
2_MIInit_NoRMS,Leukemia,5,0.013415625875104989,0.9866666666666667,77,3571,1454.5177521253936
2_MIInit_NoRMS,Leukemia,6,0.013603248389806753,0.9866666666666667,144,3571,1462.2185885421932
2_MIInit_NoRMS,Leukemia,3,0.0003080369644357323,1.0,110,3571,1499.347362041939
2_MIInit_NoRMS,Leukemia,2,0.014660919310317188,0.9857142857142858,185,3571,1525.7220841669478
2_MIInit_NoRMS,Leukemia,7,0.015257390886906379,0.9857142857142858,398,3571,1507.169628832955
2_MIInit_NoRMS,Leukemia,10,0.01365925511061325,0.9866666666666667,164,3571,1351.0963083333336
2_MIInit_NoRMS,Leukemia,11,0.01462731527783329,0.9857142857142858,173,3571,1342.7103289160877
2_MIInit_NoRMS,Leukemia,14,0.014411689402728276,0.9857142857142858,96,3571,1393.9513388751075
2_MIInit_NoRMS,Leukemia,8,0.01530305236628393,0.9866666666666667,751,3571,1463.7193877501413
2_MIInit_NoRMS,Leukemia,12,0.0003892467096051526,1.0,139,3571,1419.25159324985
2_MIInit_NoRMS,Leukemia,9,0.013743265191822994,0.9866666666666667,194,3571,1467.0292732496746
2_MIInit_NoRMS,Leukemia,15,0.01451810217226062,0.9857142857142858,134,3571,1461.4506058753468
2_MIInit_NoRMS,Leukemia,13,0.013513637636516357,0.9866666666666667,112,3571,1532.6763565419242
2_MIInit_NoRMS,Leukemia,17,0.014823338800656028,0.9857142857142858,243,3571,1396.3721593748778
2_MIInit_NoRMS,Leukemia,16,0.013947689722766707,0.9866666666666667,267,3571,1424.0228678341955
2_MIInit_NoRMS,Leukemia,18,0.014288474616953983,0.9857142857142858,52,3571,1403.0803766669706
2_MIInit_NoRMS,Leukemia,19,0.014456494779373474,0.9857142857142858,112,3571,1418.2955080410466
2_MIInit_NoRMS,Leukemia,21,0.014817738128575378,0.9857142857142858,241,3571,1407.6771981674246
2_MIInit_NoRMS,Leukemia,20,0.014680521662599462,0.9857142857142858,192,3571,1464.0084311659448
2_MIInit_NoRMS,Leukemia,22,0.014809337120454404,0.9857142857142858,238,3571,1374.3096872498281
2_MIInit_NoRMS,Leukemia,23,0.00012601512181461774,1.0,45,3571,1389.1417152089998
2_MIInit_NoRMS,Leukemia,25,0.014896147537704475,0.9857142857142858,269,3571,1330.6433813329786
2_MIInit_NoRMS,Leukemia,24,0.016777973356802766,0.9857142857142858,941,3571,1397.748491208069
2_MIInit_NoRMS,Leukemia,27,0.01437248469816373,0.9857142857142858,82,3571,1294.4190745418891
2_MIInit_NoRMS,Leukemia,28,0.00019602352282273875,1.0,70,3571,1305.2932024593465
2_MIInit_NoRMS,ColonCancer,0,0.16281730769230776,0.8371794871794871,325,2000,1261.2066531251185
2_MIInit_NoRMS,ColonCancer,1,0.20436115384615378,0.7935897435897437,3,2000,1258.9977487078868
2_MIInit_NoRMS,Leukemia,26,0.015730647677721275,0.9857142857142858,567,3571,1373.8620021669194
2_MIInit_NoRMS,Leukemia,29,0.014686122334680111,0.9857142857142858,194,3571,1343.1715533747338
2_MIInit_NoRMS,ColonCancer,2,0.13329230769230777,0.8705128205128204,1020,2000,978.0353022501804
2_MIInit_NoRMS,ColonCancer,3,0.17643807692307695,0.8217948717948718,3,2000,980.1407993752509
2_MIInit_NoRMS,ColonCancer,4,0.11919076923076916,0.8846153846153847,992,2000,982.102561250329
2_MIInit_NoRMS,ColonCancer,5,0.17643807692307684,0.8217948717948719,3,2000,979.624726541806
2_MIInit_NoRMS,ColonCancer,6,0.11190730769230763,0.8871794871794872,43,2000,977.9101696670987
2_MIInit_NoRMS,ColonCancer,7,0.13052884615384625,0.873076923076923,975,2000,977.8647302081808
2_MIInit_NoRMS,ColonCancer,8,0.13078884615384626,0.873076923076923,1027,2000,979.5447397502139
2_MIInit_NoRMS,ColonCancer,9,0.1940153846153846,0.808974358974359,980,2000,979.4298836672679
2_MIInit_NoRMS,ColonCancer,10,0.14638230769230773,0.8538461538461538,338,2000,1250.1688844170421
2_MIInit_NoRMS,ColonCancer,11,0.14624884615384617,0.8564102564102564,819,2000,1249.6552937082015
2_MIInit_NoRMS,ColonCancer,12,0.12820730769230776,0.8705128205128204,3,2000,1249.7094275001436
2_MIInit_NoRMS,ColonCancer,13,0.16337384615384615,0.8397435897435898,944,2000,1247.9589737500064
2_MIInit_NoRMS,ColonCancer,14,0.12918961538461549,0.8743589743589743,961,2000,1249.19672854105
2_MIInit_NoRMS,ColonCancer,15,0.1294765384615383,0.8692307692307694,3,2000,1247.2014562501572
2_MIInit_NoRMS,ColonCancer,16,0.15993807692307688,0.8384615384615385,3,2000,1246.8473727093078
2_MIInit_NoRMS,ColonCancer,17,0.16224461538461538,0.841025641025641,972,2000,1246.0580975832418
2_MIInit_NoRMS,ColonCancer,18,0.15993807692307688,0.8384615384615385,3,2000,960.5994374160655
2_MIInit_NoRMS,ColonCancer,19,0.15866884615384613,0.8397435897435898,3,2000,966.0699848327786
2_MIInit_NoRMS,ColonCancer,20,0.14216884615384617,0.8564102564102564,3,2000,968.2765101669356
2_MIInit_NoRMS,ColonCancer,21,0.11681730769230762,0.8871794871794872,1025,2000,968.3729774169624
2_MIInit_NoRMS,ColonCancer,22,0.14470730769230772,0.8538461538461538,3,2000,966.6334008751437
2_MIInit_NoRMS,ColonCancer,23,0.17516884615384606,0.8230769230769232,3,2000,968.179515958298
2_MIInit_NoRMS,ColonCancer,24,0.16267730769230765,0.8371794871794872,297,2000,968.3152535422705
2_MIInit_NoRMS,ColonCancer,25,0.09704653846153845,0.9025641025641026,117,2000,969.2386844167486
2_MIInit_NoRMS,ColonCancer,26,0.13198307692307704,0.8717948717948717,1012,2000,938.6103372499347
2_MIInit_NoRMS,ColonCancer,27,0.13074576923076908,0.8679487179487181,3,2000,937.7177939168178
2_MIInit_NoRMS,ColonCancer,28,0.15993807692307688,0.8384615384615385,3,2000,937.6481769578531
2_MIInit_NoRMS,Sonar,0,0.12327700348432052,0.8800232288037166,27,60,908.2467285003513
2_MIInit_NoRMS,ColonCancer,29,0.16120730769230765,0.8371794871794872,3,2000,933.128595250193
2_MIInit_NoRMS,Sonar,1,0.11924099883855986,0.8844367015098722,29,60,908.7828161669895
2_MIInit_NoRMS,Sonar,2,0.1135150987224158,0.8895470383275261,25,60,907.9708871250041
2_MIInit_NoRMS,Sonar,3,0.08970209059233449,0.9139372822299652,27,60,906.0079605840147
2_MIInit_NoRMS,Sonar,4,0.12760627177700345,0.8751451800232288,24,60,877.7730270833708
2_MIInit_NoRMS,Sonar,5,0.123506968641115,0.8797909407665505,27,60,881.1531634158455
2_MIInit_NoRMS,Sonar,6,0.10476480836236944,0.8987224157955864,27,60,881.6021270421334
2_MIInit_NoRMS,Sonar,7,0.12384030197444833,0.8797909407665505,29,60,878.0270559578203
2_MIInit_NoRMS,Sonar,8,0.1140783972125436,0.88931475029036,27,60,878.7870877501555
2_MIInit_NoRMS,Sonar,9,0.11890766550522654,0.8844367015098722,27,60,881.320405874867
2_MIInit_NoRMS,Sonar,10,0.12788792102206736,0.8750290360046458,25,60,880.7484804997221
2_MIInit_NoRMS,Sonar,11,0.12355865272938442,0.8799070847851336,28,60,884.331879708916
2_MIInit_NoRMS,Sonar,12,0.12055865272938442,0.8799070847851336,10,60,861.7585074580275
2_MIInit_NoRMS,Sonar,13,0.11884436701509873,0.8846689895470383,28,60,864.1701641250402
2_MIInit_NoRMS,Sonar,14,0.1050865272938444,0.8990708478513356,31,60,863.5984212500043
2_MIInit_NoRMS,Sonar,15,0.1191660859465738,0.8850174216027874,32,60,861.6891449159011
2_MIInit_NoRMS,Sonar,16,0.11962601626016263,0.8845528455284553,32,60,860.8701833342202
2_MIInit_NoRMS,Sonar,17,0.1140150987224158,0.8895470383275261,28,60,861.6238577091135
2_MIInit_NoRMS,Sonar,18,0.1140150987224158,0.8895470383275261,28,60,862.4079445423558
2_MIInit_NoRMS,Sonar,19,0.11405516840882697,0.8900116144018583,31,60,862.1503232498653
2_MIInit_NoRMS,Sonar,20,0.12357026713124279,0.8795586527293844,26,60,842.3877249578945
2_MIInit_NoRMS,Sonar,21,0.13176887340301982,0.8702671312427409,20,60,847.5543748745695
2_MIInit_NoRMS,Sonar,22,0.12866957026713127,0.8749128919860627,29,60,847.5827708751895
2_MIInit_NoRMS,Sonar,23,0.13456213704994197,0.8698025551684088,34,60,845.7749742078595
2_MIInit_NoRMS,Sonar,24,0.12422531939605108,0.8799070847851336,32,60,855.0321182920597
2_MIInit_NoRMS,Sonar,25,0.11978106852497092,0.8849012775842044,35,60,846.231952750124
2_MIInit_NoRMS,Sonar,26,0.11834436701509873,0.8846689895470383,25,60,847.8388206250966
2_MIInit_NoRMS,Sonar,27,0.1238519163763067,0.8794425087108013,27,60,850.1067737499252
2_MIInit_NoRMS,WDBC,0,0.025554882782176713,0.9789007918025151,14,30,705.4246365409344
2_MIInit_NoRMS,WDBC,2,0.02413600372612945,0.98067070330694,15,30,716.363197166007
2_MIInit_NoRMS,WDBC,1,0.027609687936655778,0.9771619313771154,15,30,739.1708855843171
2_MIInit_NoRMS,WDBC,4,0.029664493091134943,0.9754230709517155,16,30,731.1060083745979
2_MIInit_NoRMS,Sonar,28,0.10476480836236944,0.8987224157955864,27,60,886.579215249978
2_MIInit_NoRMS,WDBC,3,0.027578947368421015,0.9771929824561404,15,30,803.3259270000271
2_MIInit_NoRMS,WDBC,5,0.02792765098587167,0.9771774569166279,16,30,770.1217546667904
2_MIInit_NoRMS,Sonar,29,0.13697154471544717,0.8658536585365854,25,60,892.2918434580788
2_MIInit_NoRMS,WDBC,6,0.02859431765253856,0.9771774569166277,18,30,770.6882719579153
2_MIInit_NoRMS,WDBC,7,0.026307095171557094,0.9771308802980905,11,30,754.4978166660294
2_MIInit_NoRMS,WDBC,8,0.028609687936655775,0.9771619313771154,18,30,778.9678291669115
2_MIInit_NoRMS,WDBC,9,0.025872845831392502,0.9789163173420278,15,30,782.0062948749401
2_MIInit_NoRMS,WDBC,10,0.026958391554106436,0.9771464058376029,13,30,742.4806197499856
2_MIInit_NoRMS,WDBC,11,0.025539512498059167,0.9789163173420278,14,30,792.3355144173838
2_MIInit_NoRMS,WDBC,12,0.026276354603322442,0.9771619313771154,11,30,788.895413374994
2_MIInit_NoRMS,WDBC,13,0.02729172488743999,0.9771464058376027,14,30,770.1658415840939
2_MIInit_NoRMS,WDBC,17,0.024438596491228128,0.9807017543859649,16,30,707.0279039167799
2_MIInit_NoRMS,WDBC,15,0.02478730010867879,0.9806862288464524,17,30,772.2869743751362
2_MIInit_NoRMS,WDBC,14,0.025175438596491073,0.9789473684210528,13,30,784.7480841670185
2_MIInit_NoRMS,WDBC,16,0.026943021269989112,0.9771619313771154,13,30,755.3790341671556
2_MIInit_NoRMS,WDBC,18,0.024857475547275285,0.9789318428815401,12,30,798.2619248330593
2_MIInit_NoRMS,WDBC,19,0.025640428504890428,0.9771308802980905,9,30,766.8362539173104
2_MIInit_NoRMS,WDBC,21,0.026857475547275175,0.9789318428815402,18,30,746.9096065419726
2_MIInit_NoRMS,WDBC,20,0.02306582828753317,0.982425089271852,17,30,844.8718232088722
2_MIInit_NoRMS,WDBC,22,0.026276354603322442,0.9771619313771154,11,30,765.9364987909794
2_MIInit_NoRMS,WDBC,23,0.026206179164725833,0.9789163173420278,16,30,767.1417801668867
2_MIInit_NoRMS,WDBC,24,0.023848781245148314,0.9806241266884024,14,30,785.4305647080764
2_MIInit_NoRMS,WDBC,25,0.024888216115510047,0.9789007918025151,12,30,809.5719989594072
2_MIInit_NoRMS,Zoo,0,0.025424999999999906,0.9800000000000001,9,16,129.88093841588125
2_MIInit_NoRMS,WDBC,26,0.02724561403508768,0.9771929824561404,14,30,787.1968086250126
2_MIInit_NoRMS,Zoo,1,0.025424999999999906,0.9800000000000001,9,16,133.88284345902503
2_MIInit_NoRMS,Zoo,2,0.022924999999999907,0.9800000000000001,5,16,137.39652370894328
2_MIInit_NoRMS,Zoo,3,0.022453571428571403,0.9804761904761905,5,16,142.54741850029677
2_MIInit_NoRMS,WDBC,27,0.02348470734358022,0.9806551777674274,13,30,903.404886667151
2_MIInit_NoRMS,Zoo,4,0.024953571428571512,0.9804761904761904,9,16,144.64072033343837
2_MIInit_NoRMS,Zoo,5,0.026674999999999907,0.9800000000000001,11,16,146.15101712523028
2_MIInit_NoRMS,Zoo,6,0.023549999999999908,0.9800000000000001,6,16,147.81092649977654
2_MIInit_NoRMS,Zoo,7,0.01615000000000001,0.99,10,16,147.4191249157302
2_MIInit_NoRMS,WDBC,28,0.025857475547275285,0.9789318428815401,15,30,962.3758019162342
2_MIInit_NoRMS,Zoo,8,0.02417499999999991,0.9800000000000001,7,16,150.83522737491876
2_MIInit_NoRMS,Zoo,9,0.01615000000000001,0.99,10,16,161.16552645899355
2_MIInit_NoRMS,WDBC,29,0.026276354603322442,0.9771619313771154,11,30,971.9640468331054
2_MIInit_NoRMS,Zoo,10,0.026049999999999907,0.9800000000000001,10,16,160.6619639582932
2_MIInit_NoRMS,Zoo,11,0.022924999999999907,0.9800000000000001,5,16,159.43716849992052
2_MIInit_NoRMS,Zoo,12,0.023549999999999908,0.9800000000000001,6,16,164.07611154206097
2_MIInit_NoRMS,Zoo,13,0.025424999999999906,0.9800000000000001,9,16,165.69533962476999
2_MIInit_NoRMS,Zoo,14,0.03470000000000002,0.97,8,16,171.47819195780903
2_MIInit_NoRMS,Zoo,15,0.026049999999999907,0.9800000000000001,10,16,175.18658608291298
2_MIInit_NoRMS,Zoo,16,0.02417499999999991,0.9800000000000001,7,16,176.3203724171035
2_MIInit_NoRMS,Zoo,17,0.022924999999999907,0.9800000000000001,5,16,177.95754124969244
2_MIInit_NoRMS,Zoo,18,0.026674999999999907,0.9800000000000001,11,16,177.8775028330274
2_MIInit_NoRMS,Zoo,19,0.0342285714285713,0.9704761904761906,8,16,177.04779229220003
2_MIInit_NoRMS,Zoo,20,0.01615000000000001,0.99,10,16,178.9619307499379
2_MIInit_NoRMS,Zoo,21,0.0329785714285713,0.9704761904761906,6,16,175.7183510842733
2_MIInit_NoRMS,Zoo,22,0.01677500000000001,0.99,11,16,178.89288241695613
2_MIInit_NoRMS,Zoo,23,0.026049999999999907,0.9800000000000001,10,16,175.1502865422517
2_MIInit_NoRMS,Zoo,24,0.026049999999999907,0.9800000000000001,10,16,168.19051233306527
2_MIInit_NoRMS,Zoo,25,0.01677500000000001,0.99,11,16,168.9389153327793
2_MIInit_NoRMS,Zoo,26,0.026049999999999907,0.9800000000000001,10,16,169.00367012480274
2_MIInit_NoRMS,Zoo,27,0.026203571428571402,0.9804761904761905,11,16,167.38686183281243
2_MIInit_NoRMS,Zoo,28,0.026674999999999907,0.9800000000000001,11,16,159.09174804203212
2_MIInit_NoRMS,Zoo,29,0.025424999999999906,0.9800000000000001,9,16,152.80230674985796
3_MIObjective_NoRMS,Leukemia,0,0.018906228747449644,0.9857142857142858,1701,3571,1096.0927114160731
3_MIObjective_NoRMS,Leukemia,1,0.018923030763691593,0.9857142857142858,1707,3571,1081.2767363749444
3_MIObjective_NoRMS,Leukemia,2,0.018931431771812567,0.9857142857142858,1710,3571,1042.2996024577878
3_MIObjective_NoRMS,Leukemia,5,0.017859759171100508,0.9866666666666667,1664,3571,1037.7920979168266
3_MIObjective_NoRMS,Leukemia,3,0.018022178661439348,0.9866666666666667,1722,3571,1042.6001656670123
3_MIObjective_NoRMS,Leukemia,4,0.01894543345201419,0.9857142857142858,1715,3571,1041.0510363746434
3_MIObjective_NoRMS,Leukemia,6,0.017957770932511878,0.9866666666666667,1699,3571,1040.9128753342666
3_MIObjective_NoRMS,Leukemia,7,0.018886626395167368,0.9857142857142858,1694,3571,1043.2734666247852
3_MIObjective_NoRMS,Leukemia,8,0.018024978997479672,0.9866666666666667,1723,3571,1060.7962319171056
3_MIObjective_NoRMS,Leukemia,9,0.018066984038084547,0.9866666666666667,1738,3571,1062.0560154160485
3_MIObjective_NoRMS,Leukemia,11,0.01889222706724802,0.9857142857142858,1696,3571,1061.0214511249214
3_MIObjective_NoRMS,Leukemia,10,0.01807538504620552,0.9866666666666667,1741,3571,1063.466927292291
3_MIObjective_NoRMS,Leukemia,12,0.0187998159779173,0.9857142857142858,1663,3571,1066.0770358750597
3_MIObjective_NoRMS,Leukemia,13,0.017870960515261807,0.9866666666666667,1668,3571,1064.688865417149
3_MIObjective_NoRMS,Leukemia,14,0.01906584790174816,0.9857142857142858,1758,3571,1067.5870545422658
3_MIObjective_NoRMS,Leukemia,15,0.018895027403288345,0.9857142857142858,1697,3571,1072.4397286251187
3_MIObjective_NoRMS,Leukemia,16,0.01790736488378603,0.9866666666666667,1681,3571,1073.1084491657093
3_MIObjective_NoRMS,Leukemia,17,0.018965035804296464,0.9857142857142858,1722,3571,1072.997694000136
3_MIObjective_NoRMS,Leukemia,18,0.01884742169060282,0.9857142857142858,1680,3571,1066.3964300411753
3_MIObjective_NoRMS,Leukemia,19,0.018889426731207696,0.9857142857142858,1695,3571,1071.1244396250695
3_MIObjective_NoRMS,Leukemia,21,0.018925831099731918,0.9857142857142858,1708,3571,1069.4835440833122
3_MIObjective_NoRMS,Leukemia,20,0.018872624714965744,0.9857142857142858,1689,3571,1071.8111095828936
3_MIObjective_NoRMS,Leukemia,22,0.018998639836780365,0.9857142857142858,1734,3571,1067.6047372082248
3_MIObjective_NoRMS,Leukemia,23,0.017966171940632852,0.9866666666666667,1702,3571,1067.711525583174
3_MIObjective_NoRMS,Leukemia,24,0.018861423370804445,0.9857142857142858,1685,3571,1069.3390213330276
3_MIObjective_NoRMS,Leukemia,25,0.018970636476377114,0.9857142857142858,1724,3571,1070.2517155418172
3_MIObjective_NoRMS,Leukemia,26,0.018827819338320548,0.9857142857142858,1673,3571,1066.2605793750845
3_MIObjective_NoRMS,ColonCancer,0,0.14975230769230774,0.8538461538461538,1012,2000,1041.579952124972
3_MIObjective_NoRMS,Leukemia,27,0.01889222706724802,0.9857142857142858,1696,3571,1069.6484909579158
3_MIObjective_NoRMS,Leukemia,28,0.01889222706724802,0.9857142857142858,1696,3571,1069.9146560002118
3_MIObjective_NoRMS,Leukemia,29,0.01880541664999795,0.9857142857142858,1665,3571,1071.9469079589471
3_MIObjective_NoRMS,ColonCancer,1,0.19660384615384602,0.8064102564102565,990,2000,1043.7973940842785
3_MIObjective_NoRMS,ColonCancer,2,0.11788153846153838,0.885897435897436,984,2000,1043.0086838747375
3_MIObjective_NoRMS,ColonCancer,3,0.16353884615384615,0.8397435897435898,977,2000,1042.0341724157333
3_MIObjective_NoRMS,ColonCancer,4,0.13315730769230777,0.8705128205128204,993,2000,1040.7660851250403
3_MIObjective_NoRMS,ColonCancer,5,0.19528961538461537,0.8076923076923077,981,2000,1044.1734758340754
3_MIObjective_NoRMS,ColonCancer,6,0.14971230769230773,0.8538461538461538,1004,2000,1043.5385437081568
3_MIObjective_NoRMS,ColonCancer,7,0.13042384615384625,0.873076923076923,954,2000,1045.087929165922
3_MIObjective_NoRMS,ColonCancer,8,0.14705384615384595,0.8564102564102566,980,2000,1044.1265555000864
3_MIObjective_NoRMS,ColonCancer,9,0.18016884615384607,0.8230769230769232,1003,2000,1046.1291796672158
3_MIObjective_NoRMS,ColonCancer,10,0.1510315384615385,0.8525641025641025,1014,2000,1020.6557245417498
3_MIObjective_NoRMS,ColonCancer,11,0.14689884615384619,0.8564102564102564,949,2000,1018.9499792917632
3_MIObjective_NoRMS,ColonCancer,12,0.16612730769230766,0.8371794871794872,987,2000,1015.4039376657456
3_MIObjective_NoRMS,ColonCancer,13,0.1787146153846153,0.8243589743589744,966,2000,1018.6613584170118
3_MIObjective_NoRMS,ColonCancer,14,0.1291496153846155,0.8743589743589743,953,2000,1017.4521544589661
3_MIObjective_NoRMS,ColonCancer,15,0.14822807692307696,0.8551282051282051,961,2000,1019.0304488749243
3_MIObjective_NoRMS,ColonCancer,16,0.16230961538461539,0.841025641025641,985,2000,1018.8490837500431
3_MIObjective_NoRMS,ColonCancer,17,0.1609403846153846,0.8423076923076923,965,2000,1020.6514512500726
3_MIObjective_NoRMS,ColonCancer,18,0.16623730769230766,0.8371794871794872,1009,2000,1015.7838920420036
3_MIObjective_NoRMS,ColonCancer,19,0.19653384615384611,0.8064102564102564,976,2000,1015.1509552081116
3_MIObjective_NoRMS,ColonCancer,20,0.1646980769230769,0.8384615384615385,955,2000,1012.2672517918982
3_MIObjective_NoRMS,ColonCancer,21,0.13166307692307702,0.8717948717948717,948,2000,1014.7039818749763
3_MIObjective_NoRMS,ColonCancer,22,0.13192807692307681,0.8717948717948719,1001,2000,1011.8048610002734
3_MIObjective_NoRMS,ColonCancer,23,0.22811461538461536,0.7743589743589744,946,2000,1013.4765122500248
3_MIObjective_NoRMS,ColonCancer,24,0.16365384615384615,0.8397435897435898,1000,2000,1014.1357732079923
3_MIObjective_NoRMS,ColonCancer,25,0.14688884615384618,0.8564102564102564,947,2000,1012.6296085002832
3_MIObjective_NoRMS,Sonar,0,0.11468176538908247,0.8895470383275261,32,60,571.3788711247034
3_MIObjective_NoRMS,Sonar,1,0.12377700348432052,0.8800232288037166,30,60,566.7629892500117
3_MIObjective_NoRMS,Sonar,2,0.1089558652729384,0.8946573751451801,28,60,564.2978687081486
3_MIObjective_NoRMS,ColonCancer,26,0.14587961538461544,0.8576923076923076,999,2000,600.1100347079337
3_MIObjective_NoRMS,ColonCancer,27,0.14827807692307696,0.8551282051282051,971,2000,597.96286520781
3_MIObjective_NoRMS,ColonCancer,28,0.21316384615384618,0.7897435897435897,1002,2000,594.3864668337628
3_MIObjective_NoRMS,Sonar,3,0.10823751451800229,0.894541231126597,23,60,558.9346452918835
3_MIObjective_NoRMS,ColonCancer,29,0.1622796153846155,0.8410256410256409,979,2000,588.439436874818
3_MIObjective_NoRMS,Sonar,4,0.13653484320557496,0.8656213704994192,21,60,305.17462120903656
3_MIObjective_NoRMS,Sonar,5,0.11437166085946586,0.8888501742160277,26,60,304.10544349998236
3_MIObjective_NoRMS,Sonar,6,0.10448315911730553,0.8988385598141695,26,60,305.5100559159182
3_MIObjective_NoRMS,Sonar,8,0.10996747967479677,0.8943089430894309,32,60,303.5585174160078
3_MIObjective_NoRMS,Sonar,9,0.11980429732868766,0.8842044134727061,31,60,303.0524917077273
3_MIObjective_NoRMS,Sonar,7,0.1429907084785134,0.8602787456445993,28,60,305.51808100007474
3_MIObjective_NoRMS,Sonar,10,0.11778106852497092,0.8849012775842044,23,60,303.6824081670493
3_MIObjective_NoRMS,Sonar,11,0.11862601626016263,0.8845528455284553,26,60,304.60402016621083
3_MIObjective_NoRMS,Sonar,12,0.11430836236933807,0.8890824622531939,27,60,311.92123712506145
3_MIObjective_NoRMS,Sonar,13,0.13264227642276424,0.8707317073170732,28,60,310.96840387489647
3_MIObjective_NoRMS,Sonar,14,0.1132967479674797,0.8894308943089431,23,60,311.54926508292556
3_MIObjective_NoRMS,Sonar,15,0.11756271777003482,0.8847851335656214,21,60,310.4620639998466
3_MIObjective_NoRMS,Sonar,16,0.12355865272938442,0.8799070847851336,28,60,310.5624247500673
3_MIObjective_NoRMS,Sonar,18,0.10414982578397221,0.8988385598141695,24,60,311.93539249990135
3_MIObjective_NoRMS,Sonar,17,0.11374506387921027,0.88931475029036,25,60,312.50471675023437
3_MIObjective_NoRMS,Sonar,19,0.12265040650406503,0.8804878048780488,26,60,311.25121220899746
3_MIObjective_NoRMS,Sonar,20,0.12839953542392574,0.8746806039488966,26,60,306.91280216677114
3_MIObjective_NoRMS,Sonar,21,0.12961788617886183,0.8747967479674796,34,60,306.6937242918648
3_MIObjective_NoRMS,Sonar,22,0.13266550522648085,0.8700348432055749,24,60,306.45316600007936
3_MIObjective_NoRMS,Sonar,24,0.12312195121951224,0.8796747967479674,24,60,305.0958690000698
3_MIObjective_NoRMS,Sonar,23,0.13787979094076655,0.8652729384436701,27,60,306.48854762502015
3_MIObjective_NoRMS,Sonar,25,0.123506968641115,0.8797909407665505,27,60,307.05377595871687
3_MIObjective_NoRMS,Sonar,26,0.10009059233449481,0.9039488966318234,30,60,307.93870154209435
3_MIObjective_NoRMS,Sonar,27,0.12327700348432052,0.8800232288037166,27,60,311.0439080414362
3_MIObjective_NoRMS,WDBC,0,0.029750038813848766,0.9736531594472908,11,30,392.2726577077992
3_MIObjective_NoRMS,WDBC,1,0.031416705480515436,0.9736531594472908,16,30,398.08028937503695
3_MIObjective_NoRMS,WDBC,2,0.0314474460487502,0.9736221083682658,16,30,400.13044670782983
3_MIObjective_NoRMS,WDBC,3,0.03040133519639811,0.9736686849868033,13,30,397.9905153750442
3_MIObjective_NoRMS,WDBC,4,0.03258779692594308,0.9701133364384413,9,30,399.77165691694245
3_MIObjective_NoRMS,Sonar,28,0.09011033681765397,0.9133565621370499,26,60,417.2670886251144
3_MIObjective_NoRMS,Sonar,29,0.13198722415795594,0.870383275261324,22,60,417.39861349994317
3_MIObjective_NoRMS,WDBC,5,0.030765409097966205,0.9736376339077782,14,30,402.9251190419309
3_MIObjective_NoRMS,WDBC,6,0.03455705635770854,0.9701443875174661,15,30,417.49175445828587
3_MIObjective_NoRMS,WDBC,7,0.02348470734358022,0.9806551777674274,13,30,415.62721633305773
3_MIObjective_NoRMS,WDBC,8,0.02973466852973144,0.9736686849868033,11,30,415.09514437476173
3_MIObjective_NoRMS,WDBC,9,0.034239093308492424,0.9701288619779538,14,30,416.73858249979094
3_MIObjective_NoRMS,WDBC,10,0.031184288154013473,0.9718677224033534,10,30,414.41323995869607
3_MIObjective_NoRMS,WDBC,13,0.025206179164725836,0.9789163173420278,13,30,414.27998533379287
3_MIObjective_NoRMS,WDBC,11,0.0290833721471821,0.9736531594472908,9,30,443.51360958302394
3_MIObjective_NoRMS,WDBC,12,0.03182021425244538,0.9718987734823784,12,30,491.42574220802635
3_MIObjective_NoRMS,WDBC,14,0.029719298245614114,0.9736842105263157,11,30,409.6015825420618
3_MIObjective_NoRMS,WDBC,16,0.026260984319205004,0.9771774569166279,11,30,405.20526954205707
3_MIObjective_NoRMS,WDBC,17,0.029331159757801612,0.9754230709517155,15,30,407.531066916883
3_MIObjective_NoRMS,WDBC,19,0.03138596491228078,0.9736842105263157,16,30,396.35232729138806
3_MIObjective_NoRMS,WDBC,18,0.028719298245614117,0.9736842105263157,8,30,409.5302561670542
3_MIObjective_NoRMS,WDBC,20,0.024166744294364433,0.9806396522279147,15,30,407.97448283294216
3_MIObjective_NoRMS,WDBC,15,0.02794302126998911,0.9771619313771154,16,30,484.0393708338961
3_MIObjective_NoRMS,WDBC,21,0.03247151063499461,0.971914299021891,14,30,405.7191894999705
3_MIObjective_NoRMS,WDBC,23,0.027655798789007976,0.9771153547585778,15,30,403.3419826659374
3_MIObjective_NoRMS,WDBC,22,0.03706148113646952,0.9666045645086166,12,30,413.6306028328836
3_MIObjective_NoRMS,WDBC,25,0.02834653004191894,0.9754075454122031,12,30,405.8978448747657
3_MIObjective_NoRMS,WDBC,26,0.029765409097966204,0.9736376339077782,11,30,404.37046333309263
3_MIObjective_NoRMS,WDBC,24,0.025903586399627487,0.9788852662630025,15,30,407.91746412497014
3_MIObjective_NoRMS,WDBC,27,0.0286952336593696,0.9753920198726906,13,30,409.51685987459496
3_MIObjective_NoRMS,WDBC,28,0.027346530041918938,0.9754075454122031,9,30,413.12107175029814
3_MIObjective_NoRMS,WDBC,29,0.0286952336593696,0.9753920198726906,13,30,416.47905024979264
3_MIObjective_NoRMS,Zoo,0,0.026674999999999907,0.9800000000000001,11,16,158.5255727916956
3_MIObjective_NoRMS,Zoo,1,0.03407500000000002,0.97,7,16,162.34213441703469
3_MIObjective_NoRMS,Zoo,2,0.023549999999999908,0.9800000000000001,6,16,163.5013524997048
3_MIObjective_NoRMS,Zoo,3,0.023078571428571403,0.9804761904761905,6,16,163.77142491657287
3_MIObjective_NoRMS,Zoo,4,0.023078571428571514,0.9804761904761904,6,16,163.4124329998158
3_MIObjective_NoRMS,Zoo,5,0.03345000000000002,0.97,6,16,166.46393345901743
3_MIObjective_NoRMS,Zoo,6,0.025424999999999906,0.9800000000000001,9,16,169.4199462090619
3_MIObjective_NoRMS,Zoo,7,0.026203571428571514,0.9804761904761904,11,16,168.88383716670796
3_MIObjective_NoRMS,Zoo,8,0.03282500000000003,0.97,5,16,170.52939083380625
3_MIObjective_NoRMS,Zoo,9,0.03470000000000002,0.97,8,16,169.97419583285227
3_MIObjective_NoRMS,Zoo,11,0.0323535714285713,0.9704761904761906,5,16,170.0633740001358
3_MIObjective_NoRMS,Zoo,12,0.01615000000000001,0.99,10,16,170.38280729111284
3_MIObjective_NoRMS,Zoo,10,0.03345000000000002,0.97,6,16,172.03948199981824
3_MIObjective_NoRMS,Zoo,13,0.03407500000000002,0.97,7,16,171.8212227919139
3_MIObjective_NoRMS,Zoo,14,0.033603571428571524,0.9704761904761904,7,16,171.50794279109687
3_MIObjective_NoRMS,Zoo,15,0.024328571428571404,0.9804761904761905,8,16,173.1517177503556
3_MIObjective_NoRMS,Zoo,16,0.03344999999999992,0.9700000000000001,6,16,172.70004850020632
3_MIObjective_NoRMS,Zoo,17,0.03344999999999992,0.9700000000000001,6,16,172.11872024973854
3_MIObjective_NoRMS,Zoo,18,0.03282500000000003,0.97,5,16,173.1087981252931
3_MIObjective_NoRMS,Zoo,19,0.0329785714285713,0.9704761904761906,6,16,172.04192416602746
3_MIObjective_NoRMS,Zoo,20,0.022453571428571403,0.9804761904761905,5,16,171.69286679197103
3_MIObjective_NoRMS,Zoo,21,0.022924999999999907,0.9800000000000001,5,16,171.32670429116115
3_MIObjective_NoRMS,Zoo,22,0.02417499999999991,0.9800000000000001,7,16,170.5369280828163
3_MIObjective_NoRMS,Zoo,23,0.025424999999999906,0.9800000000000001,9,16,171.5079184579663
3_MIObjective_NoRMS,Zoo,24,0.03282499999999992,0.9700000000000001,5,16,163.2223952920176
3_MIObjective_NoRMS,Zoo,25,0.025424999999999906,0.9800000000000001,9,16,160.83109879214317
3_MIObjective_NoRMS,Zoo,27,0.015678571428571396,0.9904761904761905,10,16,160.94900216627866
3_MIObjective_NoRMS,Zoo,26,0.02479999999999991,0.9800000000000001,8,16,161.39182083308697
3_MIObjective_NoRMS,Zoo,28,0.03407499999999992,0.9700000000000001,7,16,161.82224379107356
3_MIObjective_NoRMS,Zoo,29,0.022924999999999907,0.9800000000000001,5,16,149.8421930829063
4_MITransfer_RMS_NoUMR,Leukemia,0,0.01674436932431887,0.9857142857142858,929,3571,491.34459733311087
4_MITransfer_RMS_NoUMR,Leukemia,1,0.01680317638116569,0.9857142857142858,950,3571,484.8028356251307
4_MITransfer_RMS_NoUMR,Leukemia,2,0.016763971676601142,0.9857142857142858,936,3571,484.94292387505993
4_MITransfer_RMS_NoUMR,Leukemia,3,0.015821114533744025,0.9866666666666667,936,3571,484.0724313748069
4_MITransfer_RMS_NoUMR,Leukemia,5,0.015801512181461752,0.9866666666666667,929,3571,482.1074656662531
4_MITransfer_RMS_NoUMR,Leukemia,6,0.015837916549985974,0.9866666666666667,942,3571,483.43121070833877
4_MITransfer_RMS_NoUMR,Leukemia,4,0.016691162939552695,0.9857142857142858,910,3571,485.2614316670224
4_MITransfer_RMS_NoUMR,Leukemia,7,0.01679197503700439,0.9857142857142858,946,3571,484.71895024972036
4_MITransfer_RMS_NoUMR,Leukemia,8,0.015899523942873122,0.9866666666666667,964,3571,489.48130116658285
4_MITransfer_RMS_NoUMR,Leukemia,9,0.015717502100252006,0.9866666666666667,899,3571,493.42201416706666
4_MITransfer_RMS_NoUMR,Leukemia,10,0.01586591991038922,0.9866666666666667,952,3571,490.32107816589996
4_MITransfer_RMS_NoUMR,Leukemia,11,0.016825579069488287,0.9857142857142858,958,3571,491.20721825025976
4_MITransfer_RMS_NoUMR,Leukemia,12,0.01679197503700439,0.9857142857142858,946,3571,489.2196339997463
4_MITransfer_RMS_NoUMR,Leukemia,13,0.01581271352562305,0.9866666666666667,933,3571,490.9318907498382
4_MITransfer_RMS_NoUMR,Leukemia,14,0.016758371004520493,0.9857142857142858,934,3571,492.58316420810297
4_MITransfer_RMS_NoUMR,Leukemia,15,0.016772372684722116,0.9857142857142858,939,3571,490.71031366614625
4_MITransfer_RMS_NoUMR,Leukemia,16,0.015851918230187598,0.9866666666666667,947,3571,482.24626020807773
4_MITransfer_RMS_NoUMR,Leukemia,17,0.016789174700964065,0.9857142857142858,945,3571,487.0203141672537
4_MITransfer_RMS_NoUMR,Leukemia,18,0.01673316798015757,0.9857142857142858,925,3571,488.27738662529737
4_MITransfer_RMS_NoUMR,Leukemia,20,0.01678637436492374,0.9857142857142858,944,3571,484.9064207500778
4_MITransfer_RMS_NoUMR,Leukemia,19,0.016783574028883416,0.9857142857142858,943,3571,488.8600705419667
4_MITransfer_RMS_NoUMR,Leukemia,21,0.01679757570908504,0.9857142857142858,948,3571,487.4827060839161
4_MITransfer_RMS_NoUMR,Leukemia,22,0.016819978397407637,0.9857142857142858,956,3571,488.3649030001834
4_MITransfer_RMS_NoUMR,Leukemia,23,0.015896723606832794,0.9866666666666667,963,3571,487.76326762512326
4_MITransfer_RMS_NoUMR,Leukemia,24,0.016811577389286663,0.9857142857142858,953,3571,478.17395808314905
4_MITransfer_RMS_NoUMR,Leukemia,25,0.016870384446133486,0.9857142857142858,974,3571,477.3296900000423
4_MITransfer_RMS_NoUMR,ColonCancer,0,0.1156865384615384,0.885897435897436,545,2000,458.4218890410848
4_MITransfer_RMS_NoUMR,Leukemia,26,0.01676957234868179,0.9857142857142858,938,3571,475.8494686251506
4_MITransfer_RMS_NoUMR,Leukemia,27,0.016800376045125364,0.9857142857142858,949,3571,473.65617041662335
4_MITransfer_RMS_NoUMR,Leukemia,28,0.016819978397407637,0.9857142857142858,956,3571,475.7699029999785
4_MITransfer_RMS_NoUMR,Leukemia,29,0.016766772012641467,0.9857142857142858,937,3571,475.306143166963
4_MITransfer_RMS_NoUMR,ColonCancer,1,0.1627330769230769,0.8384615384615385,562,2000,456.68760829186067
4_MITransfer_RMS_NoUMR,ColonCancer,2,0.08401576923076927,0.9179487179487179,557,2000,404.72348708380014
4_MITransfer_RMS_NoUMR,ColonCancer,3,0.12853384615384625,0.873076923076923,576,2000,404.61928608315066
4_MITransfer_RMS_NoUMR,ColonCancer,4,0.10054076923076923,0.9012820512820513,562,2000,404.18924254225567
4_MITransfer_RMS_NoUMR,ColonCancer,5,0.16131884615384615,0.8397435897435898,533,2000,403.0441497080028
4_MITransfer_RMS_NoUMR,ColonCancer,6,0.11465730769230761,0.8871794871794872,593,2000,403.23956970870495
4_MITransfer_RMS_NoUMR,ColonCancer,7,0.09534884615384616,0.9064102564102564,539,2000,403.94449479179457
4_MITransfer_RMS_NoUMR,ColonCancer,8,0.11311807692307686,0.8884615384615385,539,2000,403.62946574995294
4_MITransfer_RMS_NoUMR,ColonCancer,9,0.11447730769230761,0.8871794871794872,557,2000,404.6975701251067
4_MITransfer_RMS_NoUMR,ColonCancer,10,0.11697576923076915,0.8846153846153847,549,2000,390.59024170879275
4_MITransfer_RMS_NoUMR,ColonCancer,11,0.11327307692307687,0.8884615384615385,570,2000,396.8158239577897
4_MITransfer_RMS_NoUMR,ColonCancer,12,0.14622807692307696,0.8551282051282051,561,2000,390.5937975002453
4_MITransfer_RMS_NoUMR,ColonCancer,13,0.11587653846153839,0.885897435897436,583,2000,389.84189137490466
4_MITransfer_RMS_NoUMR,ColonCancer,14,0.09532384615384616,0.9064102564102564,534,2000,389.7639529579319
4_MITransfer_RMS_NoUMR,ColonCancer,15,0.09934153846153844,0.9025641025641026,576,2000,391.2329687499441
4_MITransfer_RMS_NoUMR,ColonCancer,16,0.11317307692307686,0.8884615384615385,550,2000,391.1209019999951
4_MITransfer_RMS_NoUMR,ColonCancer,17,0.11441730769230785,0.887179487179487,545,2000,389.65704879164696
4_MITransfer_RMS_NoUMR,ColonCancer,18,0.12837384615384625,0.873076923076923,544,2000,396.60161083284765
4_MITransfer_RMS_NoUMR,ColonCancer,19,0.14752730769230774,0.8538461538461538,567,2000,393.90315187489614
4_MITransfer_RMS_NoUMR,ColonCancer,20,0.13103730769230776,0.8705128205128204,569,2000,394.6614665831439
4_MITransfer_RMS_NoUMR,ColonCancer,21,0.11316307692307687,0.8884615384615385,548,2000,394.7122661662288
4_MITransfer_RMS_NoUMR,ColonCancer,22,0.09794730769230768,0.9038461538461539,551,2000,394.8600439587608
4_MITransfer_RMS_NoUMR,ColonCancer,23,0.1766196153846154,0.8243589743589743,547,2000,394.1417047083378
4_MITransfer_RMS_NoUMR,ColonCancer,24,0.09818730769230768,0.9038461538461539,599,2000,394.6533960411325
4_MITransfer_RMS_NoUMR,ColonCancer,25,0.0980573076923077,0.9038461538461539,573,2000,395.81242962460965
4_MITransfer_RMS_NoUMR,Sonar,2,0.10291986062717774,0.8990708478513356,18,60,310.0898479591124
4_MITransfer_RMS_NoUMR,Sonar,0,0.11274506387921027,0.88931475029036,19,60,323.7201276253909
4_MITransfer_RMS_NoUMR,Sonar,1,0.10658246225319401,0.8941927990708478,11,60,318.7174632078968
4_MITransfer_RMS_NoUMR,Sonar,3,0.09692392566782815,0.9039488966318234,11,60,319.796822541859
4_MITransfer_RMS_NoUMR,ColonCancer,26,0.09789730769230769,0.9038461538461539,541,2000,440.1938216248527
4_MITransfer_RMS_NoUMR,ColonCancer,27,0.1155765384615384,0.885897435897436,523,2000,447.76459824992344
4_MITransfer_RMS_NoUMR,ColonCancer,29,0.1294830769230768,0.8717948717948719,512,2000,452.66408920893446
4_MITransfer_RMS_NoUMR,ColonCancer,28,0.16387730769230766,0.8371794871794872,537,2000,453.70241199992597
4_MITransfer_RMS_NoUMR,Sonar,4,0.1263478513356563,0.8745644599303135,13,60,319.4448532499373
4_MITransfer_RMS_NoUMR,Sonar,6,0.10291986062717774,0.8990708478513356,18,60,322.4158235830255
4_MITransfer_RMS_NoUMR,Sonar,5,0.11252671312427416,0.8891986062717769,17,60,328.48959029233083
4_MITransfer_RMS_NoUMR,Sonar,7,0.10769744483159123,0.8940766550522647,17,60,323.0390230421908
4_MITransfer_RMS_NoUMR,Sonar,8,0.0981538908246226,0.9037166085946573,17,60,314.0282204998657
4_MITransfer_RMS_NoUMR,Sonar,9,0.12180023228803727,0.8793263646922183,14,60,321.55456970771775
4_MITransfer_RMS_NoUMR,Sonar,11,0.12134030197444834,0.8797909407665505,14,60,314.93908820906654
4_MITransfer_RMS_NoUMR,Sonar,10,0.1216620209059234,0.8801393728222996,18,60,333.2813612502068
4_MITransfer_RMS_NoUMR,Sonar,12,0.11268176538908246,0.8895470383275261,20,60,313.6528091672808
4_MITransfer_RMS_NoUMR,Sonar,13,0.11639605110336827,0.8847851335656213,14,60,317.6580630829558
4_MITransfer_RMS_NoUMR,Sonar,14,0.11190011614401855,0.8896631823461092,16,60,326.90243362495676
4_MITransfer_RMS_NoUMR,Sonar,15,0.0983722415795587,0.9038327526132404,19,60,317.40410000039265
4_MITransfer_RMS_NoUMR,Sonar,16,0.1122334494773519,0.8896631823461092,18,60,317.27296845801175
4_MITransfer_RMS_NoUMR,Sonar,17,0.1168559814169571,0.8843205574912891,14,60,319.11597087513655
4_MITransfer_RMS_NoUMR,Sonar,18,0.11268176538908246,0.8895470383275261,20,60,323.78116149967536
4_MITransfer_RMS_NoUMR,Sonar,19,0.12464634146341463,0.875609756097561,9,60,323.4867302500643
4_MITransfer_RMS_NoUMR,Sonar,20,0.10804239256678293,0.8937282229965156,17,60,320.11583070876077
4_MITransfer_RMS_NoUMR,Sonar,21,0.1262845528455285,0.8747967479674796,14,60,317.19929629191756
4_MITransfer_RMS_NoUMR,Sonar,22,0.116637630662021,0.8842044134727061,12,60,318.29623574996367
4_MITransfer_RMS_NoUMR,Sonar,23,0.1212886178861789,0.8796747967479674,13,60,323.44534416589886
4_MITransfer_RMS_NoUMR,Sonar,24,0.1078641114982579,0.8940766550522647,18,60,315.8699305001646
4_MITransfer_RMS_NoUMR,Sonar,25,0.1120150987224158,0.8895470383275261,16,60,322.2522513750009
4_MITransfer_RMS_NoUMR,Sonar,26,0.107582462253194,0.8941927990708478,17,60,318.7951639997773
4_MITransfer_RMS_NoUMR,Sonar,27,0.09820557491289204,0.9038327526132404,18,60,324.74546650005504
4_MITransfer_RMS_NoUMR,Sonar,28,0.1076457607433218,0.8939605110336817,16,60,347.9064974170178
4_MITransfer_RMS_NoUMR,WDBC,0,0.027664493091134945,0.9754230709517155,10,30,336.18464658409357
4_MITransfer_RMS_NoUMR,Sonar,29,0.12105865272938442,0.8799070847851336,13,60,356.9513908326626
4_MITransfer_RMS_NoUMR,WDBC,2,0.023469337059462785,0.98067070330694,13,30,325.1108784158714
4_MITransfer_RMS_NoUMR,WDBC,1,0.026260984319205004,0.9771774569166279,11,30,383.02290499955416
4_MITransfer_RMS_NoUMR,WDBC,3,0.022368421052631742,0.982456140350877,15,30,360.8599741249345
4_MITransfer_RMS_NoUMR,WDBC,4,0.023802670392796117,0.98067070330694,14,30,357.55644029192626
4_MITransfer_RMS_NoUMR,WDBC,5,0.025206179164725836,0.9789163173420278,13,30,361.4733026660979
4_MITransfer_RMS_NoUMR,WDBC,6,0.02733115975780161,0.9754230709517155,9,30,371.5819186246954
4_MITransfer_RMS_NoUMR,WDBC,8,0.02733115975780161,0.9754230709517155,9,30,372.8539498751052
4_MITransfer_RMS_NoUMR,WDBC,7,0.024484707343580218,0.9806551777674274,16,30,389.7034844169393
4_MITransfer_RMS_NoUMR,WDBC,9,0.024508771929824404,0.9789473684210528,11,30,373.7929813750088
4_MITransfer_RMS_NoUMR,WDBC,10,0.026625058220773323,0.9771464058376027,12,30,376.9820257076062
4_MITransfer_RMS_NoUMR,WDBC,11,0.0248728458313925,0.9789163173420278,12,30,384.04663783311844
4_MITransfer_RMS_NoUMR,WDBC,12,0.02617543859649107,0.9789473684210528,16,30,371.19708054093644
4_MITransfer_RMS_NoUMR,WDBC,13,0.022802670392796116,0.98067070330694,11,30,377.8659560829401
4_MITransfer_RMS_NoUMR,WDBC,14,0.025260984319205006,0.9771774569166279,8,30,374.5465682912618
4_MITransfer_RMS_NoUMR,WDBC,15,0.026958391554106436,0.9771464058376029,13,30,374.2103602499701
4_MITransfer_RMS_NoUMR,WDBC,17,0.024206179164725835,0.9789163173420278,10,30,374.2788114170544
4_MITransfer_RMS_NoUMR,WDBC,16,0.024857475547275285,0.9789318428815401,12,30,388.26167016709223
4_MITransfer_RMS_NoUMR,WDBC,18,0.025857475547275285,0.9789318428815401,15,30,378.9429230000824
4_MITransfer_RMS_NoUMR,WDBC,19,0.024554882782176712,0.9789007918025151,11,30,382.9452557908371
4_MITransfer_RMS_NoUMR,WDBC,20,0.026276354603322442,0.9771619313771154,11,30,381.82501337490976
4_MITransfer_RMS_NoUMR,WDBC,21,0.02519080888060862,0.9789318428815401,13,30,375.55794970924035
4_MITransfer_RMS_NoUMR,WDBC,22,0.02629172488743999,0.9771464058376027,11,30,374.6013306672685
4_MITransfer_RMS_NoUMR,WDBC,23,0.02313600372612945,0.98067070330694,12,30,372.8952792081982
4_MITransfer_RMS_NoUMR,WDBC,24,0.025221549448843382,0.9789007918025151,13,30,365.0861311252229
4_MITransfer_RMS_NoUMR,WDBC,25,0.024206179164725835,0.9789163173420278,10,30,374.61755512515083
4_MITransfer_RMS_NoUMR,WDBC,26,0.023857475547275176,0.9789318428815402,9,30,376.34231787500903
4_MITransfer_RMS_NoUMR,WDBC,27,0.025958391554106435,0.9771464058376029,10,30,392.71108095906675
4_MITransfer_RMS_NoUMR,Zoo,0,0.026049999999999907,0.9800000000000001,10,16,157.28413924993947
4_MITransfer_RMS_NoUMR,WDBC,28,0.024539512498059166,0.9789163173420278,11,30,386.32562762498856
4_MITransfer_RMS_NoUMR,Zoo,1,0.022924999999999907,0.9800000000000001,5,16,158.82179079158232
4_MITransfer_RMS_NoUMR,Zoo,2,0.01615000000000001,0.99,10,16,158.947758667171
4_MITransfer_RMS_NoUMR,WDBC,29,0.0256250582207731,0.9771464058376029,9,30,381.61933649983257
4_MITransfer_RMS_NoUMR,Zoo,3,0.022453571428571403,0.9804761904761905,5,16,161.5534132081084
4_MITransfer_RMS_NoUMR,Zoo,4,0.022453571428571514,0.9804761904761904,5,16,164.75495391711593
4_MITransfer_RMS_NoUMR,Zoo,5,0.02417499999999991,0.9800000000000001,7,16,168.62814241694286
4_MITransfer_RMS_NoUMR,Zoo,6,0.023549999999999908,0.9800000000000001,6,16,168.053999457974
4_MITransfer_RMS_NoUMR,Zoo,7,0.025578571428571402,0.9804761904761905,10,16,167.39697274984792
4_MITransfer_RMS_NoUMR,Zoo,8,0.022924999999999907,0.9800000000000001,5,16,168.53215208323672
4_MITransfer_RMS_NoUMR,Zoo,9,0.022924999999999907,0.9800000000000001,5,16,167.37589154113084
4_MITransfer_RMS_NoUMR,Zoo,10,0.026049999999999907,0.9800000000000001,10,16,168.33468795800582
4_MITransfer_RMS_NoUMR,Zoo,11,0.022924999999999907,0.9800000000000001,5,16,170.45375408418477
4_MITransfer_RMS_NoUMR,Zoo,12,0.022924999999999907,0.9800000000000001,5,16,169.0294030830264
4_MITransfer_RMS_NoUMR,Zoo,13,0.026049999999999907,0.9800000000000001,10,16,170.5566286672838
4_MITransfer_RMS_NoUMR,Zoo,14,0.023549999999999908,0.9800000000000001,6,16,171.85273787518963
4_MITransfer_RMS_NoUMR,Zoo,15,0.026674999999999907,0.9800000000000001,11,16,170.55046408297494
4_MITransfer_RMS_NoUMR,Zoo,16,0.02417499999999991,0.9800000000000001,7,16,170.44252195907757
4_MITransfer_RMS_NoUMR,Zoo,17,0.022924999999999907,0.9800000000000001,5,16,169.99441316677257
4_MITransfer_RMS_NoUMR,Zoo,18,0.026049999999999907,0.9800000000000001,10,16,170.30304024973884
4_MITransfer_RMS_NoUMR,Zoo,19,0.03407500000000002,0.97,7,16,171.41142887528986
4_MITransfer_RMS_NoUMR,Zoo,20,0.01615000000000001,0.99,10,16,169.7684640418738
4_MITransfer_RMS_NoUMR,Zoo,21,0.0329785714285713,0.9704761904761906,6,16,169.21198849985376
4_MITransfer_RMS_NoUMR,Zoo,22,0.022924999999999907,0.9800000000000001,5,16,168.95353312510997
4_MITransfer_RMS_NoUMR,Zoo,23,0.03407499999999992,0.9700000000000001,7,16,168.98322075000033
4_MITransfer_RMS_NoUMR,Zoo,24,0.025424999999999906,0.9800000000000001,9,16,168.31460654130206
4_MITransfer_RMS_NoUMR,Zoo,25,0.01615000000000001,0.99,10,16,169.74547254201025
4_MITransfer_RMS_NoUMR,Zoo,26,0.03407500000000002,0.97,7,16,167.09473258256912
4_MITransfer_RMS_NoUMR,Zoo,27,0.023078571428571403,0.9804761904761905,6,16,162.63530474994332
4_MITransfer_RMS_NoUMR,Zoo,28,0.02417499999999991,0.9800000000000001,7,16,151.025864708703
4_MITransfer_RMS_NoUMR,Zoo,29,0.01615000000000001,0.99,10,16,124.81470008334145
5_RMS_UMR_Full,Leukemia,0,0.01673316798015757,0.9857142857142858,925,3571,482.1315612080507
5_RMS_UMR_Full,Leukemia,1,0.016831179741568936,0.9857142857142858,960,3571,480.9623331669718
5_RMS_UMR_Full,Leukemia,3,0.0158071128535424,0.9866666666666667,931,3571,475.63834270928055
5_RMS_UMR_Full,Leukemia,2,0.016772372684722116,0.9857142857142858,939,3571,479.2251077918336
5_RMS_UMR_Full,Leukemia,4,0.016679961595391396,0.9857142857142858,906,3571,479.59470254182816
5_RMS_UMR_Full,Leukemia,5,0.015790310837300453,0.9866666666666667,925,3571,480.14934283401817
5_RMS_UMR_Full,Leukemia,6,0.015826715205824675,0.9866666666666667,938,3571,484.18896225001663
5_RMS_UMR_Full,Leukemia,7,0.016833980077609265,0.9857142857142858,961,3571,485.72315866686404
5_RMS_UMR_Full,Leukemia,8,0.015930327639316694,0.9866666666666667,975,3571,489.41677970904857
5_RMS_UMR_Full,Leukemia,9,0.015706300756090707,0.9866666666666667,895,3571,491.5145701658912
5_RMS_UMR_Full,Leukemia,10,0.015891122934752144,0.9866666666666667,961,3571,487.65566162532195
5_RMS_UMR_Full,Leukemia,11,0.016766772012641467,0.9857142857142858,937,3571,490.1876230002381
5_RMS_UMR_Full,Leukemia,12,0.01679197503700439,0.9857142857142858,946,3571,490.4762679170817
5_RMS_UMR_Full,Leukemia,13,0.015809913189582726,0.9866666666666667,932,3571,488.8751262500882
5_RMS_UMR_Full,Leukemia,14,0.016755570668480168,0.9857142857142858,933,3571,491.8768129590899
5_RMS_UMR_Full,Leukemia,15,0.016763971676601142,0.9857142857142858,936,3571,491.80622225021943
5_RMS_UMR_Full,Leukemia,16,0.0158183141977037,0.9866666666666667,935,3571,487.5381363751367
5_RMS_UMR_Full,Leukemia,17,0.01677517302076244,0.9857142857142858,940,3571,489.85530854202807
5_RMS_UMR_Full,Leukemia,18,0.016724766972036596,0.9857142857142858,922,3571,488.7644257918
5_RMS_UMR_Full,Leukemia,19,0.01677517302076244,0.9857142857142858,940,3571,491.1148149170913
5_RMS_UMR_Full,Leukemia,20,0.016783574028883416,0.9857142857142858,943,3571,490.5597905004397
5_RMS_UMR_Full,Leukemia,21,0.01684798175781089,0.9857142857142858,966,3571,487.7154530826956
5_RMS_UMR_Full,Leukemia,22,0.016817178061367313,0.9857142857142858,955,3571,491.19018583279103
5_RMS_UMR_Full,Leukemia,23,0.01581271352562305,0.9866666666666667,933,3571,490.4028647080995
5_RMS_UMR_Full,Leukemia,24,0.016763971676601142,0.9857142857142858,936,3571,479.92081162473187
5_RMS_UMR_Full,Leukemia,25,0.016856382765931863,0.9857142857142858,969,3571,479.40370204206556
5_RMS_UMR_Full,Leukemia,26,0.016761171340560817,0.9857142857142858,935,3571,475.08936858316883
5_RMS_UMR_Full,Leukemia,27,0.01677517302076244,0.9857142857142858,940,3571,476.7759202499874
5_RMS_UMR_Full,Leukemia,28,0.01679757570908504,0.9857142857142858,948,3571,475.88766212482005
5_RMS_UMR_Full,Leukemia,29,0.016741568988278544,0.9857142857142858,928,3571,474.0829172502272
5_RMS_UMR_Full,ColonCancer,0,0.11570653846153839,0.885897435897436,549,2000,458.54551795870066
5_RMS_UMR_Full,ColonCancer,1,0.16157384615384615,0.8397435897435898,584,2000,450.95215929159895
5_RMS_UMR_Full,ColonCancer,2,0.08401076923076928,0.9179487179487179,556,2000,402.56494866730645
5_RMS_UMR_Full,ColonCancer,3,0.12850884615384625,0.873076923076923,571,2000,402.45527220796794
5_RMS_UMR_Full,ColonCancer,4,0.10053576923076922,0.9012820512820513,561,2000,400.3537958753295
5_RMS_UMR_Full,ColonCancer,5,0.14621307692307695,0.8551282051282051,558,2000,401.92604620801285
5_RMS_UMR_Full,ColonCancer,6,0.11465230769230762,0.8871794871794872,592,2000,401.1014264160767
5_RMS_UMR_Full,ColonCancer,7,0.09545384615384615,0.9064102564102564,560,2000,399.5516147920862
5_RMS_UMR_Full,ColonCancer,8,0.12830384615384627,0.873076923076923,530,2000,399.47274999972433
5_RMS_UMR_Full,ColonCancer,9,0.1158365384615384,0.885897435897436,575,2000,399.2928045410663
5_RMS_UMR_Full,ColonCancer,10,0.1157715384615384,0.885897435897436,562,2000,394.06890341686085
5_RMS_UMR_Full,ColonCancer,12,0.14622807692307696,0.8551282051282051,561,2000,391.1689071669243
5_RMS_UMR_Full,ColonCancer,11,0.11325807692307686,0.8884615384615385,567,2000,393.7428571670316
5_RMS_UMR_Full,ColonCancer,13,0.13088730769230777,0.8705128205128204,539,2000,395.0372047498822
5_RMS_UMR_Full,ColonCancer,14,0.09546384615384616,0.9064102564102564,562,2000,394.50492145773023
5_RMS_UMR_Full,ColonCancer,15,0.11434730769230762,0.8871794871794872,531,2000,394.9668324999511
5_RMS_UMR_Full,ColonCancer,16,0.11319807692307686,0.8884615384615385,555,2000,396.25213054195046
5_RMS_UMR_Full,ColonCancer,17,0.09809730769230769,0.9038461538461539,581,2000,395.8072301247157
5_RMS_UMR_Full,ColonCancer,18,0.1296380769230768,0.8717948717948719,543,2000,401.4444459588267
5_RMS_UMR_Full,ColonCancer,19,0.14764730769230774,0.8538461538461538,591,2000,400.32620404241607
5_RMS_UMR_Full,ColonCancer,20,0.13103730769230776,0.8705128205128204,569,2000,402.64689195901155
5_RMS_UMR_Full,ColonCancer,21,0.11314307692307686,0.8884615384615385,544,2000,401.73817404173315
5_RMS_UMR_Full,ColonCancer,22,0.11454230769230762,0.8871794871794872,570,2000,400.29731395933777
5_RMS_UMR_Full,ColonCancer,23,0.1627930769230769,0.8384615384615385,574,2000,400.325701541733
5_RMS_UMR_Full,ColonCancer,24,0.09929653846153845,0.9025641025641026,567,2000,399.36868695775047
5_RMS_UMR_Full,ColonCancer,25,0.09804230769230769,0.9038461538461539,570,2000,404.4231846672483
5_RMS_UMR_Full,Sonar,0,0.11784436701509873,0.8846689895470383,22,60,338.18722554203123
5_RMS_UMR_Full,Sonar,2,0.1120150987224158,0.8895470383275261,16,60,319.6066284161061
5_RMS_UMR_Full,Sonar,1,0.10824912891986067,0.8941927990708478,21,60,334.9146644170396
5_RMS_UMR_Full,ColonCancer,26,0.09796730769230769,0.9038461538461539,555,2000,438.05832237470895
5_RMS_UMR_Full,ColonCancer,27,0.11471230769230761,0.8871794871794872,604,2000,437.174578291364
5_RMS_UMR_Full,ColonCancer,28,0.16387230769230765,0.8371794871794872,536,2000,439.4932289160788
5_RMS_UMR_Full,Sonar,3,0.09860220673635317,0.9036004645760742,19,60,353.13748054066673
5_RMS_UMR_Full,ColonCancer,29,0.1298080769230768,0.8717948717948719,577,2000,441.1892558336258
5_RMS_UMR_Full,Sonar,4,0.11651103368176541,0.8846689895470383,14,60,284.2710175830871
5_RMS_UMR_Full,Sonar,6,0.09793554006968651,0.9036004645760742,15,60,335.2900267499499
5_RMS_UMR_Full,Sonar,5,0.10785249709639953,0.8944250871080139,20,60,348.8668664172292
5_RMS_UMR_Full,Sonar,8,0.0981538908246226,0.9037166085946573,17,60,353.8270051246509
5_RMS_UMR_Full,Sonar,10,0.10313821138211383,0.8991869918699187,20,60,357.20985308336094
5_RMS_UMR_Full,Sonar,9,0.1121416957026714,0.8890824622531939,14,60,359.9690710422583
5_RMS_UMR_Full,Sonar,7,0.10313821138211383,0.8991869918699187,20,60,373.93465345865116
5_RMS_UMR_Full,Sonar,11,0.10740418118466907,0.8945412311265969,18,60,409.23683733306825
5_RMS_UMR_Full,Sonar,12,0.10753077816492457,0.8940766550522647,16,60,461.31018049968407
5_RMS_UMR_Full,Sonar,13,0.11218176538908246,0.8895470383275261,17,60,514.4746046657674
5_RMS_UMR_Full,Sonar,14,0.1120783972125436,0.88931475029036,15,60,553.1288798749447
5_RMS_UMR_Full,Sonar,19,0.1255946573751452,0.8754936120789779,14,60,470.09936941601336
5_RMS_UMR_Full,Sonar,16,0.11313008130081303,0.8894308943089431,22,60,537.9516849168576
5_RMS_UMR_Full,Sonar,15,0.08859872241579561,0.913704994192799,19,60,555.8466015420854
5_RMS_UMR_Full,Sonar,17,0.11496341463414637,0.8894308943089431,33,60,556.2960541252978
5_RMS_UMR_Full,Sonar,18,0.09347967479674797,0.9089430894308943,20,60,554.7116724578664
5_RMS_UMR_Full,Sonar,20,0.10841579558652734,0.8941927990708478,22,60,421.5936190839857
5_RMS_UMR_Full,Sonar,21,0.1137049941927992,0.8888501742160277,22,60,378.6439326670952
5_RMS_UMR_Full,Sonar,22,0.11774099883855986,0.8844367015098722,20,60,353.0671409582719
5_RMS_UMR_Full,Sonar,24,0.09836062717770035,0.9041811846689896,21,60,324.89093737490475
5_RMS_UMR_Full,Sonar,23,0.11324506387921027,0.88931475029036,22,60,341.3909178748727
5_RMS_UMR_Full,Sonar,26,0.1073008130081301,0.8943089430894309,16,60,322.0837154579349
5_RMS_UMR_Full,Sonar,25,0.11206678281068522,0.8896631823461092,17,60,352.005843040999
5_RMS_UMR_Full,Sonar,27,0.09381300813008131,0.9089430894308943,22,60,347.30440954165533
5_RMS_UMR_Full,Sonar,28,0.11694773519163759,0.8849012775842044,18,60,358.8601041249931
5_RMS_UMR_Full,WDBC,0,0.027997826424468276,0.9754230709517155,11,30,325.17819591704756
5_RMS_UMR_Full,Sonar,29,0.1124518002322881,0.8897793263646921,20,60,382.21974170813337
5_RMS_UMR_Full,WDBC,1,0.026260984319205004,0.9771774569166279,11,30,346.6304600420408
5_RMS_UMR_Full,WDBC,3,0.021368421052631523,0.9824561403508772,12,30,353.09223691700026
5_RMS_UMR_Full,WDBC,2,0.023120633442012123,0.9806862288464524,12,30,363.1343831657432
5_RMS_UMR_Full,WDBC,4,0.026943021269989112,0.9771619313771154,13,30,361.99496574979275
5_RMS_UMR_Full,WDBC,5,0.02653951249805939,0.9789163173420276,17,30,409.93662666669115
5_RMS_UMR_Full,WDBC,6,0.024175438596491294,0.9789473684210526,10,30,361.4116951250471
5_RMS_UMR_Full,WDBC,7,0.024151374010246886,0.9806551777674274,15,30,402.78390895808116
5_RMS_UMR_Full,WDBC,8,0.027609687936655778,0.9771619313771154,15,30,374.8622987912968
5_RMS_UMR_Full,WDBC,9,0.02378730010867879,0.9806862288464524,14,30,372.66511366702616
5_RMS_UMR_Full,WDBC,10,0.02523691973296082,0.9788852662630025,13,30,371.11030604178086
5_RMS_UMR_Full,WDBC,12,0.025958391554106657,0.9771464058376027,10,30,373.57605595793575
5_RMS_UMR_Full,WDBC,11,0.02306582828753317,0.982425089271852,17,30,436.9235169161111
5_RMS_UMR_Full,WDBC,13,0.023469337059462674,0.9806707033069401,13,30,395.67970074992627
5_RMS_UMR_Full,WDBC,14,0.025260984319205006,0.9771774569166279,8,30,370.29245975008234
5_RMS_UMR_Full,WDBC,16,0.024857475547275285,0.9789318428815401,12,30,389.3998295417987
5_RMS_UMR_Full,WDBC,15,0.02136842105263174,0.982456140350877,12,30,400.9584051668644
5_RMS_UMR_Full,WDBC,17,0.024206179164725835,0.9789163173420278,10,30,389.29509008303285
5_RMS_UMR_Full,WDBC,18,0.022787300108678788,0.9806862288464524,11,30,389.6231575002894
5_RMS_UMR_Full,WDBC,19,0.021383791336748958,0.9824406148113647,12,30,391.01631358312443
5_RMS_UMR_Full,WDBC,20,0.022469337059462784,0.98067070330694,10,30,394.8264069999568
5_RMS_UMR_Full,WDBC,21,0.022802670392796116,0.98067070330694,11,30,396.0790528329089
5_RMS_UMR_Full,WDBC,22,0.028059307560937913,0.9753609687936654,11,30,381.31507824966684
5_RMS_UMR_Full,WDBC,23,0.02248470734358022,0.9806551777674274,10,30,375.25785770779476
5_RMS_UMR_Full,WDBC,24,0.024554882782176712,0.9789007918025151,11,30,372.46720937499776
5_RMS_UMR_Full,Zoo,0,0.025424999999999906,0.9800000000000001,9,16,150.1923623746261
5_RMS_UMR_Full,WDBC,25,0.02248470734358022,0.9806551777674274,10,30,382.493468250148
5_RMS_UMR_Full,WDBC,26,0.02419080888060862,0.9789318428815401,10,30,371.4113631248474
5_RMS_UMR_Full,WDBC,27,0.024206179164725835,0.9789163173420278,10,30,400.57235737517476
5_RMS_UMR_Full,WDBC,28,0.02348470734358022,0.9806551777674274,13,30,387.3259248333052
5_RMS_UMR_Full,Zoo,1,0.025424999999999906,0.9800000000000001,9,16,163.2346497499384
5_RMS_UMR_Full,Zoo,2,0.01677500000000001,0.99,11,16,162.23990141693503
5_RMS_UMR_Full,WDBC,29,0.025958391554106657,0.9771464058376027,10,30,386.22077366616577
5_RMS_UMR_Full,Zoo,3,0.0249535714285714,0.9804761904761905,9,16,165.6077394168824
5_RMS_UMR_Full,Zoo,4,0.022453571428571514,0.9804761904761904,5,16,166.15971287479624
5_RMS_UMR_Full,Zoo,5,0.02417499999999991,0.9800000000000001,7,16,165.5144397499971
5_RMS_UMR_Full,Zoo,6,0.023549999999999908,0.9800000000000001,6,16,167.9823240423575
5_RMS_UMR_Full,Zoo,7,0.022453571428571403,0.9804761904761905,5,16,167.37228137534112
5_RMS_UMR_Full,Zoo,8,0.022924999999999907,0.9800000000000001,5,16,168.37756916694343
5_RMS_UMR_Full,Zoo,9,0.022924999999999907,0.9800000000000001,5,16,168.65070141712204
5_RMS_UMR_Full,Zoo,10,0.02479999999999991,0.9800000000000001,8,16,169.3079828750342
5_RMS_UMR_Full,Zoo,11,0.022924999999999907,0.9800000000000001,5,16,168.33582066604868
5_RMS_UMR_Full,Zoo,12,0.022924999999999907,0.9800000000000001,5,16,168.76687291590497
5_RMS_UMR_Full,Zoo,13,0.026049999999999907,0.9800000000000001,10,16,168.4453816250898
5_RMS_UMR_Full,Zoo,14,0.022924999999999907,0.9800000000000001,5,16,169.6734293331392
5_RMS_UMR_Full,Zoo,15,0.026049999999999907,0.9800000000000001,10,16,169.82059995876625
5_RMS_UMR_Full,Zoo,16,0.02417499999999991,0.9800000000000001,7,16,172.8205321249552
5_RMS_UMR_Full,Zoo,17,0.022924999999999907,0.9800000000000001,5,16,170.9248717497103
5_RMS_UMR_Full,Zoo,18,0.026049999999999907,0.9800000000000001,10,16,171.64084866689518
5_RMS_UMR_Full,Zoo,19,0.0329785714285713,0.9704761904761906,6,16,172.13524541677907
5_RMS_UMR_Full,Zoo,20,0.01490000000000001,0.99,8,16,172.43533179117367
5_RMS_UMR_Full,Zoo,21,0.0323535714285713,0.9704761904761906,5,16,171.07704045809805
5_RMS_UMR_Full,Zoo,22,0.022924999999999907,0.9800000000000001,5,16,172.1665918752551
5_RMS_UMR_Full,Zoo,23,0.026049999999999907,0.9800000000000001,10,16,170.15363891702145
5_RMS_UMR_Full,Zoo,24,0.025424999999999906,0.9800000000000001,9,16,167.0526219997555
5_RMS_UMR_Full,Zoo,25,0.01615000000000001,0.99,10,16,164.82676479173824
5_RMS_UMR_Full,Zoo,26,0.02417499999999991,0.9800000000000001,7,16,158.78898970782757
5_RMS_UMR_Full,Zoo,27,0.022453571428571403,0.9804761904761905,5,16,154.68204624997452
5_RMS_UMR_Full,Zoo,28,0.02417499999999991,0.9800000000000001,7,16,148.94092079205438
5_RMS_UMR_Full,Zoo,29,0.01615000000000001,0.99,10,16,145.1231988328509
