config_name,dataset,run_id,fitness,accuracy,n_selected_features,runtime_seconds
Full,Leukemia,4,0.016724766972036596,0.9857142857142858,922,456.26381412509363
Full,Leukemia,6,0.01586591991038922,0.9866666666666667,952,456.3373094580602
Full,Leukemia,1,0.01673316798015757,0.9857142857142858,925,456.84283095796127
Full,Leukemia,5,0.015790310837300453,0.9866666666666667,925,457.25081387499813
Full,Leukemia,3,0.015837916549985974,0.9866666666666667,942,457.63358124997467
Full,Leukemia,2,0.016772372684722116,0.9857142857142858,939,458.0957382499473
Full,Leukemia,0,0.016721966635996267,0.9857142857142858,921,457.5323825420346
Full,Leukemia,7,0.01668836260351237,0.9857142857142858,909,457.9819110420067
Full,Leukemia,8,0.015815513861663376,0.9866666666666667,934,459.8133256669389
Full,Leukemia,9,0.015846317558106948,0.9866666666666667,945,460.07504350005183
Full,Leukemia,10,0.01577630915709883,0.9866666666666667,920,459.8749989999924
Full,Leukemia,11,0.016805976717206014,0.9857142857142858,951,460.9524277499877
Full,Leukemia,12,0.016649157898947824,0.9857142857142858,895,461.10038045805413
Full,Leukemia,14,0.016828379405528615,0.9857142857142858,959,461.2499785410473
Full,Leukemia,13,0.015837916549985974,0.9866666666666667,942,461.4973045840161
Full,Leukemia,15,0.016607152858342952,0.9857142857142858,880,461.43364637496416
Full,Leukemia,16,0.015826715205824675,0.9866666666666667,938,458.32315862504765
Full,Leukemia,17,0.016730367644117245,0.9857142857142858,924,458.2253010829445
Full,Leukemia,18,0.01661835420250425,0.9857142857142858,884,459.1918290419271
Full,Leukemia,19,0.016713565627875293,0.9857142857142858,918,459.7964665419422
Full,Leukemia,20,0.01669956394767367,0.9857142857142858,913,460.0521612080047
Full,Leukemia,22,0.016800376045125364,0.9857142857142858,949,459.8595341669861
Full,Leukemia,23,0.01574270512461493,0.9866666666666667,908,460.3085821249988
Full,Leukemia,21,0.016794775373044715,0.9857142857142858,947,460.6227017500205
Full,ColonCancer,0,0.11592653846153839,0.885897435897436,593,439.7479950420093
Full,ColonCancer,1,0.162638076923077,0.8384615384615384,543,439.78952358395327
Full,Leukemia,24,0.01674436932431887,0.9857142857142858,929,452.5342899999814
Full,Leukemia,25,0.016772372684722116,0.9857142857142858,939,452.8569284580881
Full,Leukemia,26,0.01674436932431887,0.9857142857142858,929,453.31962191697676
Full,Leukemia,27,0.01665195823498815,0.9857142857142858,896,453.151122167008
Full,Leukemia,28,0.016828379405528615,0.9857142857142858,959,454.0375984170241
Full,Leukemia,29,0.01664075689082685,0.9857142857142858,892,454.2268863749923
Full,ColonCancer,2,0.09934653846153844,0.9025641025641026,577,389.64243866701145
Full,ColonCancer,3,0.12854884615384626,0.873076923076923,579,389.7863499999512
Full,ColonCancer,5,0.14613307692307695,0.8551282051282051,542,387.5020124579314
Full,ColonCancer,4,0.08400076923076916,0.917948717948718,554,388.33671200007666
Full,ColonCancer,6,0.11436230769230762,0.8871794871794872,534,389.24589604197536
Full,ColonCancer,7,0.09662307692307691,0.9051282051282051,540,388.0459795839852
Full,ColonCancer,9,0.11313307692307686,0.8884615384615385,542,388.77227795904037
Full,ColonCancer,8,0.09806230769230768,0.9038461538461539,574,389.20369420794304
Full,ColonCancer,11,0.09669307692307691,0.9051282051282051,554,377.54765187506564
Full,ColonCancer,10,0.1296480769230768,0.8717948717948719,545,377.72012691607233
Full,ColonCancer,12,0.14610807692307695,0.8551282051282051,537,376.25692729104776
Full,ColonCancer,13,0.11573653846153839,0.885897435897436,555,376.2220317920437
Full,ColonCancer,14,0.09550384615384616,0.9064102564102564,570,377.40370525000617
Full,ColonCancer,15,0.11447230769230762,0.8871794871794872,556,376.89700379106216
Full,ColonCancer,16,0.11434730769230762,0.8871794871794872,531,378.22782416595146
Full,ColonCancer,17,0.11308307692307686,0.8884615384615385,532,378.85516729205847
Full,ColonCancer,18,0.11582153846153861,0.8858974358974357,572,393.59630016691517
Full,ColonCancer,19,0.13088230769230777,0.8705128205128204,538,393.63661445793696
Full,ColonCancer,21,0.09790230769230769,0.9038461538461539,542,391.692360999994
Full,ColonCancer,20,0.11569653846153839,0.885897435897436,547,392.1978314999724
Full,ColonCancer,23,0.17906307692307696,0.8217948717948718,528,392.6899760410888
Full,ColonCancer,22,0.11444230769230762,0.8871794871794872,550,393.944847250008
Full,ColonCancer,24,0.11428230769230761,0.8871794871794872,518,393.25597995892167
Full,ColonCancer,25,0.11306307692307686,0.8884615384615385,528,393.49219312507194
Full,Sonar,3,0.09270963995354245,0.9087108013937282,14,317.516657417058
Full,Sonar,0,0.11774099883855986,0.8844367015098722,20,328.96182595798746
Full,Sonar,1,0.09326132404181188,0.9088269454123112,18,328.3205514169531
Full,Sonar,2,0.11246341463414637,0.8894308943089431,18,333.74906633410137
Full,ColonCancer,27,0.11444230769230762,0.8871794871794872,550,421.3048933329992
Full,ColonCancer,26,0.09674307692307692,0.9051282051282051,564,421.79852716694586
Full,ColonCancer,28,0.1627380769230769,0.8384615384615385,563,419.2017195839435
Full,ColonCancer,29,0.11461230769230762,0.8871794871794872,584,419.9689202919835
Full,Sonar,4,0.11269337979094084,0.8891986062717769,18,313.90791837498546
Full,Sonar,7,0.1258763066202091,0.8753774680603948,15,313.4571025419282
Full,Sonar,6,0.1054947735191639,0.8984901277584203,30,333.8564842910273
Full,Sonar,5,0.10874912891986067,0.8941927990708478,24,338.01632962503936
Full,Sonar,10,0.10696747967479678,0.8943089430894309,14,278.24438549997285
Full,Sonar,9,0.08344773519163771,0.9182346109175377,15,313.87945274997037
Full,Sonar,11,0.0982171893147504,0.9034843205574912,16,316.85950566700194
Full,Sonar,8,0.10781242740998846,0.8939605110336817,17,326.84859695797786
Full,Sonar,12,0.11252671312427416,0.8891986062717769,17,316.15681000007316
Full,Sonar,13,0.0978722415795587,0.9038327526132404,16,303.0195641670143
Full,Sonar,15,0.1027415795586527,0.8994192799070848,19,326.41927670896985
Full,Sonar,16,0.08866202090592341,0.9134727061556329,18,315.7867175419815
Full,Sonar,14,0.08849535423925674,0.9134727061556329,17,369.59256970800925
Full,Sonar,17,0.08939198606271788,0.9132404181184668,21,325.4558548750356
Full,Sonar,19,0.0978089430894309,0.9040650406504065,17,316.21416724997107
Full,Sonar,18,0.08405110336817657,0.9184668989547038,20,325.6871918750694
Full,Sonar,21,0.10769744483159123,0.8940766550522647,17,329.1182443749858
Full,Sonar,20,0.0993722415795587,0.9038327526132404,25,336.1802552919835
Full,Sonar,23,0.1116416957026714,0.8890824622531939,11,311.7723823330598
Full,Sonar,22,0.1133600464576075,0.8891986062717769,22,326.6613988339668
Full,Sonar,27,0.11202671312427417,0.8891986062717769,14,275.6868866250152
Full,Sonar,24,0.09807897793263642,0.9042973286875726,20,313.47067112498917
Full,Sonar,26,0.08343612078977934,0.9185830429732869,17,326.59788658306934
Full,Sonar,25,0.09449128919860635,0.9085946573751451,24,334.30976708303206
Full,Sonar,29,0.12190360046457613,0.8795586527293844,16,329.2228165420238
Full,Sonar,28,0.10275319396051107,0.8990708478513356,17,342.26364299992565
Full,WDBC,1,0.023120633442012123,0.9806862288464524,12,331.6181492500473
Full,WDBC,3,0.021368421052631523,0.9824561403508772,12,340.9012619999703
Full,WDBC,0,0.025206179164726058,0.9789163173420276,13,384.43849895801395
Full,WDBC,2,0.02381804067691355,0.9806551777674274,14,380.1157574999379
Full,WDBC,4,0.026276354603322442,0.9771619313771154,11,339.32552187505644
Full,WDBC,5,0.021399161620866504,0.982425089271852,12,337.7494598329067
Full,WDBC,6,0.025594317652538338,0.9771774569166279,9,372.6241058340529
Full,WDBC,7,0.021414531904983613,0.9824095637323398,12,367.0527260840172
Full,WDBC,8,0.026943021269989112,0.9771619313771154,13,374.1239955839701
Full,WDBC,9,0.02378730010867879,0.9806862288464524,14,374.9219357500551
Full,WDBC,10,0.027059307560937915,0.9753609687936654,8,368.35021049994975
Full,WDBC,12,0.025927650985871895,0.9771774569166277,10,368.4148448330816
Full,WDBC,11,0.02353951249805917,0.9789163173420278,8,389.5720525410725
Full,WDBC,13,0.02206582828753317,0.982425089271852,14,381.0738514170516
Full,WDBC,14,0.023508771929824628,0.9789473684210526,8,363.68896495795343
Full,WDBC,15,0.026276354603322442,0.9771619313771154,11,370.33101533399895
Full,WDBC,16,0.023857475547275284,0.9789318428815401,9,361.30526154092513
Full,WDBC,17,0.026276354603322442,0.9771619313771154,11,374.81031991599593
Full,WDBC,18,0.024175438596491294,0.9789473684210526,10,372.7732965409523
Full,WDBC,19,0.025554882782176713,0.9789007918025151,14,357.3383713749936
Full,WDBC,21,0.022802670392796116,0.98067070330694,11,363.8283170830691
Full,WDBC,20,0.023166744294364213,0.9806396522279149,12,367.37581224995665
Full,WDBC,22,0.02523691973296082,0.9788852662630025,13,361.3229427499464
Full,WDBC,23,0.023206179164725834,0.9789163173420278,7,354.0346232079901
Full,WDBC,24,0.025570253066294152,0.9788852662630025,14,369.9968220000155
Full,WDBC,25,0.024206179164725835,0.9789163173420278,10,370.9556728749303
Full,WDBC,26,0.02419080888060862,0.9789318428815401,10,364.53767854103353
Full,WDBC,27,0.02597376183822398,0.9771308802980903,10,372.705580290989
Full,WDBC,28,0.02238379133674896,0.9824406148113647,15,378.48761595902033
Full,WDBC,29,0.022453966775345457,0.9806862288464524,10,379.66888166603167
Full,Zoo,0,0.025424999999999906,0.9800000000000001,9,160.21528545801993
Full,Zoo,1,0.022924999999999907,0.9800000000000001,5,160.16124308295548
Full,Zoo,2,0.022924999999999907,0.9800000000000001,5,165.07646262506023
Full,Zoo,3,0.022453571428571403,0.9804761904761905,5,171.74105004104786
Full,Zoo,4,0.022453571428571514,0.9804761904761904,5,170.04928395792376
Full,Zoo,5,0.026049999999999907,0.9800000000000001,10,172.1470950419316
Full,Zoo,6,0.022924999999999907,0.9800000000000001,5,172.00943004200235
Full,Zoo,7,0.025578571428571402,0.9804761904761905,10,171.2623274170328
Full,Zoo,8,0.022924999999999907,0.9800000000000001,5,173.48173083295114
Full,Zoo,9,0.023549999999999908,0.9800000000000001,6,172.8220758329844
Full,Zoo,10,0.025424999999999906,0.9800000000000001,9,166.5327689589467
Full,Zoo,12,0.022924999999999907,0.9800000000000001,5,166.71486904204357
Full,Zoo,11,0.022924999999999907,0.9800000000000001,5,168.26021404203493
Full,Zoo,13,0.026674999999999907,0.9800000000000001,11,169.11462420795579
Full,Zoo,14,0.022924999999999907,0.9800000000000001,5,165.51983854197897
Full,Zoo,15,0.022453571428571403,0.9804761904761905,5,165.31093887495808
Full,Zoo,16,0.02417499999999991,0.9800000000000001,7,165.1617246660171
Full,Zoo,17,0.022924999999999907,0.9800000000000001,5,165.27642925002147
Full,Zoo,18,0.026049999999999907,0.9800000000000001,10,164.5217339999508
Full,Zoo,19,0.0329785714285713,0.9704761904761906,6,164.24883412499912
Full,Zoo,20,0.022453571428571403,0.9804761904761905,5,163.86852854199242
Full,Zoo,21,0.022924999999999907,0.9800000000000001,5,163.7788264589617
Full,Zoo,23,0.026049999999999907,0.9800000000000001,10,162.22997187497094
Full,Zoo,22,0.022924999999999907,0.9800000000000001,5,163.49580895807594
Full,Zoo,24,0.022924999999999907,0.9800000000000001,5,162.56603945803363
Full,Zoo,25,0.025424999999999906,0.9800000000000001,9,161.5272437920794
Full,Zoo,26,0.02479999999999991,0.9800000000000001,8,154.88351154199336
Full,Zoo,27,0.022453571428571403,0.9804761904761905,5,140.57354895805474
Full,Zoo,28,0.02417499999999991,0.9800000000000001,7,141.94957166700624
Full,Zoo,29,0.01615000000000001,0.99,10,137.0289845840307
NoRMS,Leukemia,0,0.01881661799415925,0.9857142857142858,1669,499.7518370420439
NoRMS,Leukemia,1,0.01875221026523178,0.9857142857142858,1646,499.6752227500547
NoRMS,Leukemia,3,0.018033380005600647,0.9866666666666667,1726,501.06792579207104
NoRMS,Leukemia,2,0.018923030763691593,0.9857142857142858,1707,501.3876864159247
NoRMS,Leukemia,4,0.018827819338320548,0.9857142857142858,1673,503.42365683300886
NoRMS,Leukemia,5,0.017840156818818235,0.9866666666666667,1657,510.1103786249878
NoRMS,Leukemia,6,0.01792416690002798,0.9866666666666667,1687,511.0589080839418
NoRMS,Leukemia,7,0.018760611273352754,0.9857142857142858,1649,512.0903600000311
NoRMS,Leukemia,8,0.018050182021842595,0.9866666666666667,1732,502.3070507500088
NoRMS,Leukemia,9,0.0180053766451974,0.9866666666666667,1716,503.4887199170189
NoRMS,Leukemia,10,0.017980173620834476,0.9866666666666667,1707,502.29103537497576
NoRMS,Leukemia,11,0.01889782773932867,0.9857142857142858,1698,503.7375719579868
NoRMS,Leukemia,12,0.018788614633756,0.9857142857142858,1659,501.05918004200794
NoRMS,Leukemia,13,0.017817754130495633,0.9866666666666667,1649,499.46933374996297
NoRMS,Leukemia,14,0.032218242189062614,0.9723809523809525,1741,501.53687133290805
NoRMS,Leukemia,15,0.01874660959315113,0.9857142857142858,1644,503.09412041690666
NoRMS,Leukemia,16,0.017966171940632852,0.9866666666666667,1702,505.71762650005985
NoRMS,Leukemia,17,0.018861423370804445,0.9857142857142858,1685,507.30672999995295
NoRMS,Leukemia,18,0.018791414969796326,0.9857142857142858,1660,505.7678027499933
NoRMS,Leukemia,19,0.01885862303476412,0.9857142857142858,1684,506.47150866605807
NoRMS,Leukemia,20,0.018732607912949503,0.9857142857142858,1639,504.79861062497366
NoRMS,Leukemia,21,0.018917430091610943,0.9857142857142858,1705,503.9303532090271
NoRMS,Leukemia,22,0.0188110173220786,0.9857142857142858,1667,504.2637364579132
NoRMS,Leukemia,23,0.017980173620834476,0.9866666666666667,1707,506.2421859590104
NoRMS,Leukemia,24,0.018813817658118924,0.9857142857142858,1668,494.13134049996734
NoRMS,Leukemia,25,0.018889426731207696,0.9857142857142858,1695,495.93094583402853
NoRMS,Leukemia,26,0.018769012281473728,0.9857142857142858,1652,494.1618842909811
NoRMS,Leukemia,27,0.018777413289594702,0.9857142857142858,1655,494.6451402090024
NoRMS,Leukemia,28,0.01885302236268347,0.9857142857142858,1682,491.20822795899585
NoRMS,ColonCancer,0,0.14974230769230773,0.8538461538461538,1010,466.76517024997156
NoRMS,ColonCancer,1,0.21177961538461532,0.7910256410256411,979,466.1186929999385
NoRMS,Leukemia,29,0.01880541664999795,0.9857142857142858,1665,487.7062111248961
NoRMS,ColonCancer,2,0.11910076923076915,0.8846153846153847,974,450.20454720791895
NoRMS,ColonCancer,3,0.1787896153846153,0.8243589743589744,981,451.3779845829122
NoRMS,ColonCancer,4,0.1344165384615383,0.8692307692307694,991,451.46596570895053
NoRMS,ColonCancer,5,0.21053538461538454,0.7923076923076924,984,451.76193295803387
NoRMS,ColonCancer,6,0.14953730769230772,0.8538461538461538,969,450.38971649995074
NoRMS,ColonCancer,7,0.13061884615384625,0.873076923076923,993,451.2378403330222
NoRMS,ColonCancer,8,0.14584961538461544,0.8576923076923076,993,451.64283391600475
NoRMS,ColonCancer,9,0.1649480769230769,0.8384615384615385,1005,449.3370166659588
NoRMS,ColonCancer,10,0.16589730769230765,0.8371794871794872,941,438.1391836660914
NoRMS,ColonCancer,11,0.14695384615384618,0.8564102564102564,960,439.565441209008
NoRMS,ColonCancer,12,0.16625730769230765,0.8371794871794872,1013,438.7686852919869
NoRMS,ColonCancer,13,0.1786796153846153,0.8243589743589744,959,439.1044365410926
NoRMS,ColonCancer,14,0.1291246153846155,0.8743589743589743,948,437.7778644589707
NoRMS,ColonCancer,15,0.14808807692307696,0.8551282051282051,933,437.0506999579957
NoRMS,ColonCancer,17,0.16206961538461537,0.841025641025641,937,434.5792319159955
NoRMS,ColonCancer,16,0.14700884615384618,0.8564102564102564,971,436.826348374947
NoRMS,ColonCancer,18,0.18132307692307684,0.8217948717948719,980,448.08334266697057
NoRMS,ColonCancer,19,0.19660384615384613,0.8064102564102564,990,450.0847314170096
NoRMS,ColonCancer,20,0.16466307692307688,0.8384615384615385,948,449.32564237504266
NoRMS,ColonCancer,21,0.13160807692307702,0.8717948717948717,937,449.8428895829711
NoRMS,ColonCancer,22,0.1318780769230768,0.8717948717948719,991,448.6735224579461
NoRMS,ColonCancer,23,0.22822461538461536,0.7743589743589744,968,447.05189241690096
NoRMS,ColonCancer,24,0.16363384615384616,0.8397435897435898,996,445.63684504199773
NoRMS,ColonCancer,25,0.14692384615384618,0.8564102564102564,954,447.769445916987
NoRMS,ColonCancer,26,0.1469288461538462,0.8564102564102564,955,410.9906793750124
NoRMS,ColonCancer,27,0.16474807692307689,0.8384615384615385,965,412.0081385000376
NoRMS,ColonCancer,28,0.21430807692307693,0.7884615384615384,977,409.31121812493075
NoRMS,Sonar,0,0.08526945412311268,0.9185830429732869,28,388.05518504208885
NoRMS,ColonCancer,29,0.1622446153846155,0.8410256410256409,972,409.51205962500535
NoRMS,Sonar,1,0.11828106852497092,0.8849012775842044,26,382.55159320903476
NoRMS,Sonar,2,0.09953890824622537,0.9038327526132404,26,379.75938725005835
NoRMS,Sonar,3,0.07684088269454128,0.9281068524970963,34,379.5302690829849
NoRMS,Sonar,4,0.1233803716608595,0.8802555168408827,29,319.66871529095806
NoRMS,Sonar,5,0.08981707317073183,0.913821138211382,27,316.34228479105514
NoRMS,Sonar,6,0.0860110336817655,0.9180023228803715,29,311.01502099994104
NoRMS,Sonar,7,0.12804297328687578,0.8753774680603948,28,309.9239255420398
NoRMS,Sonar,8,0.08494773519163772,0.9182346109175377,24,310.0459816249786
NoRMS,Sonar,9,0.0949396051103369,0.908478513356562,26,310.2389544589678
NoRMS,Sonar,10,0.10857084785133563,0.894541231126597,25,308.3683098750189
NoRMS,Sonar,11,0.11834436701509873,0.8846689895470383,25,308.42050658294465
NoRMS,Sonar,12,0.09016202090592342,0.9134727061556329,27,295.8226474999683
NoRMS,Sonar,13,0.11917770034843207,0.8846689895470383,30,299.9414379999507
NoRMS,Sonar,14,0.09465795586527301,0.9085946573751451,25,299.5147325829603
NoRMS,Sonar,15,0.109582462253194,0.8941927990708478,29,298.65353958297055
NoRMS,Sonar,16,0.0950946573751452,0.9088269454123112,29,299.38846637506504
NoRMS,Sonar,17,0.10481649245063887,0.8988385598141695,28,297.2898089590017
NoRMS,Sonar,18,0.09004703832752618,0.913588850174216,27,297.18542804196477
NoRMS,Sonar,19,0.1186660859465738,0.8850174216027874,29,298.42816470901016
NoRMS,Sonar,20,0.10947909407665514,0.8939605110336817,27,301.93152741598897
NoRMS,Sonar,21,0.11291173054587693,0.88931475029036,20,299.3072757079499
NoRMS,Sonar,23,0.1253519163763067,0.8794425087108013,36,299.1744089591084
NoRMS,Sonar,22,0.13416550522648085,0.8700348432055749,33,299.4841695840005
NoRMS,Sonar,24,0.11816608594657368,0.8850174216027875,26,300.36807558394503
NoRMS,Sonar,25,0.1096457607433218,0.8939605110336817,28,307.48733966599684
NoRMS,Sonar,26,0.10509814169570277,0.8987224157955864,29,310.1701652921038
NoRMS,Sonar,27,0.10997909407665514,0.8939605110336817,30,311.3949666250264
NoRMS,Sonar,28,0.11902264808362377,0.8843205574912891,27,380.2777886670083
NoRMS,Sonar,29,0.11849941927990702,0.8850174216027875,28,386.18450366705656
NoRMS,WDBC,2,0.023120633442012123,0.9806862288464524,12,370.84870450000744
NoRMS,WDBC,1,0.02759431765253834,0.9771774569166279,15,386.9870827499544
NoRMS,WDBC,3,0.025508771929824627,0.9789473684210526,14,361.53267216705717
NoRMS,WDBC,5,0.023888216115510046,0.9789007918025151,9,377.21882750000805
NoRMS,WDBC,0,0.02348470734358022,0.9806551777674274,13,421.5032209160272
NoRMS,WDBC,4,0.0248728458313925,0.9789163173420278,12,477.45313983305823
NoRMS,WDBC,10,0.023802670392796335,0.9806707033069397,14,360.64091049996205
NoRMS,WDBC,6,0.026927650985871895,0.9771774569166277,13,399.2811694999691
NoRMS,WDBC,7,0.024500077627697545,0.9806396522279149,16,400.0140343749663
NoRMS,WDBC,9,0.02238379133674896,0.9824406148113647,15,389.05169525009114
NoRMS,WDBC,12,0.023120633442012123,0.9806862288464524,12,366.9700922080083
NoRMS,WDBC,8,0.02519080888060862,0.9789318428815401,13,512.7718211669708
NoRMS,WDBC,13,0.026206179164725833,0.9789163173420278,16,398.25077541708015
NoRMS,WDBC,11,0.023469337059463004,0.9806707033069397,13,537.5755062920507
NoRMS,WDBC,15,0.024508771929824404,0.9789473684210528,11,372.83461304102093
NoRMS,WDBC,14,0.026206179164725833,0.9789163173420278,16,415.1065246249782
NoRMS,WDBC,18,0.024802670392796006,0.9806707033069401,17,421.29078087501694
NoRMS,WDBC,16,0.02659431765253834,0.9771774569166279,12,442.84588295803405
NoRMS,WDBC,17,0.024771929824561462,0.9807017543859649,17,440.9775785410311
NoRMS,WDBC,20,0.02488821611550994,0.9789007918025152,12,385.37821537500713
NoRMS,WDBC,19,0.024585623350411475,0.9788697407234901,11,431.4804659159854
NoRMS,WDBC,21,0.027609687936655778,0.9771619313771154,15,438.3043182089459
NoRMS,WDBC,22,0.024903586399627486,0.9788852662630025,12,421.3816859170329
NoRMS,WDBC,23,0.025872845831392502,0.9789163173420278,15,413.18444133305456
NoRMS,WDBC,24,0.02276323552243449,0.9823940381928271,16,398.37676100002136
NoRMS,WDBC,26,0.02419080888060862,0.9789318428815401,10,420.0034281660337
NoRMS,Zoo,0,0.025424999999999906,0.9800000000000001,9,211.40958054200746
NoRMS,Zoo,1,0.022924999999999907,0.9800000000000001,5,228.92153845797293
NoRMS,WDBC,25,0.01966231951560323,0.9841794752367644,12,600.1029988749651
NoRMS,WDBC,27,0.027291724887439767,0.9771464058376029,14,540.5399685419397
NoRMS,Zoo,2,0.026674999999999907,0.9800000000000001,11,234.48743391700555
NoRMS,WDBC,28,0.025524142213941843,0.9789318428815402,14,545.9750555829378
NoRMS,Zoo,3,0.024328571428571404,0.9804761904761905,8,232.90644887508824
NoRMS,Zoo,4,0.023078571428571514,0.9804761904761904,6,231.28641758300364
NoRMS,Zoo,5,0.025424999999999906,0.9800000000000001,9,262.1600007499801
NoRMS,Zoo,6,0.023549999999999908,0.9800000000000001,6,268.86291212495416
NoRMS,Zoo,7,0.025578571428571402,0.9804761904761905,10,269.6521610839991
NoRMS,Zoo,8,0.022924999999999907,0.9800000000000001,5,270.52517791697755
NoRMS,Zoo,9,0.03532500000000002,0.97,9,292.62166312499903
NoRMS,Zoo,10,0.02479999999999991,0.9800000000000001,8,289.0113774170168
NoRMS,WDBC,29,0.026539512498059168,0.9789163173420278,17,893.0851177499862
NoRMS,Zoo,11,0.02479999999999991,0.9800000000000001,8,302.2768892920576
NoRMS,Zoo,12,0.025424999999999906,0.9800000000000001,9,266.29142029199284
NoRMS,Zoo,13,0.025424999999999906,0.9800000000000001,9,258.565798417083
NoRMS,Zoo,14,0.02479999999999991,0.9800000000000001,8,248.1013549590716
NoRMS,Zoo,15,0.022453571428571403,0.9804761904761905,5,249.3961117499275
NoRMS,Zoo,16,0.026049999999999907,0.9800000000000001,10,225.65036675008014
NoRMS,Zoo,17,0.02479999999999991,0.9800000000000001,8,225.53181887499522
NoRMS,Zoo,18,0.026049999999999907,0.9800000000000001,10,175.76970762503333
NoRMS,Zoo,19,0.0329785714285713,0.9704761904761906,6,176.8532082909951
NoRMS,Zoo,20,0.01552500000000001,0.99,9,181.72712970804423
NoRMS,Zoo,21,0.022924999999999907,0.9800000000000001,5,181.98661220807116
NoRMS,Zoo,22,0.02479999999999991,0.9800000000000001,8,181.22308554209303
NoRMS,Zoo,23,0.025424999999999906,0.9800000000000001,9,182.21584558300674
NoRMS,Zoo,24,0.025424999999999906,0.9800000000000001,9,183.07766616600566
NoRMS,Zoo,25,0.01615000000000001,0.99,10,186.4525127079105
NoRMS,Zoo,26,0.025424999999999906,0.9800000000000001,9,179.17782374995295
NoRMS,Zoo,27,0.015678571428571396,0.9904761904761905,10,175.0112846250413
NoRMS,Zoo,28,0.025424999999999906,0.9800000000000001,9,163.50823470798787
NoRMS,Zoo,29,0.022924999999999907,0.9800000000000001,5,160.278729459038
NoORL,Leukemia,0,0.01673316798015757,0.9857142857142858,925,583.5278094579699
NoORL,Leukemia,1,0.016831179741568936,0.9857142857142858,960,579.1305740419775
NoORL,Leukemia,2,0.016772372684722116,0.9857142857142858,939,568.5704758749343
NoORL,Leukemia,3,0.0158071128535424,0.9866666666666667,931,561.7236000420526
NoORL,Leukemia,4,0.016679961595391396,0.9857142857142858,906,548.311618458014
NoORL,Leukemia,5,0.015790310837300453,0.9866666666666667,925,547.0545238329796
NoORL,Leukemia,6,0.015826715205824675,0.9866666666666667,938,545.4379460409982
NoORL,Leukemia,7,0.016833980077609265,0.9857142857142858,961,546.1784475420136
NoORL,Leukemia,8,0.015930327639316694,0.9866666666666667,975,475.42534850002266
NoORL,Leukemia,9,0.015706300756090707,0.9866666666666667,895,475.98078545893077
NoORL,Leukemia,10,0.015891122934752144,0.9866666666666667,961,475.89050075004343
NoORL,Leukemia,11,0.016766772012641467,0.9857142857142858,937,475.06161712505855
NoORL,Leukemia,12,0.01679197503700439,0.9857142857142858,946,479.33377691707574
NoORL,Leukemia,13,0.015809913189582726,0.9866666666666667,932,478.8255554579664
NoORL,Leukemia,14,0.016755570668480168,0.9857142857142858,933,480.29212929098867
NoORL,Leukemia,15,0.016763971676601142,0.9857142857142858,936,481.6997101251036
NoORL,Leukemia,16,0.0158183141977037,0.9866666666666667,935,481.0131135409465
NoORL,Leukemia,17,0.01677517302076244,0.9857142857142858,940,483.0950774580706
NoORL,Leukemia,18,0.016724766972036596,0.9857142857142858,922,484.72362591698766
NoORL,Leukemia,19,0.01677517302076244,0.9857142857142858,940,484.29794912494253
NoORL,Leukemia,21,0.01684798175781089,0.9857142857142858,966,478.68125687504653
NoORL,Leukemia,20,0.016783574028883416,0.9857142857142858,943,480.6925507080741
NoORL,Leukemia,22,0.016817178061367313,0.9857142857142858,955,476.8119539170293
NoORL,Leukemia,23,0.01581271352562305,0.9866666666666667,933,477.1658709580079
NoORL,Leukemia,24,0.016763971676601142,0.9857142857142858,936,467.060889416025
NoORL,Leukemia,25,0.016856382765931863,0.9857142857142858,969,467.7526010420406
NoORL,Leukemia,27,0.01677517302076244,0.9857142857142858,940,467.6851273330394
NoORL,Leukemia,26,0.016761171340560817,0.9857142857142858,935,468.3016039999202
NoORL,Leukemia,28,0.01679757570908504,0.9857142857142858,948,461.93430275004357
NoORL,Leukemia,29,0.016741568988278544,0.9857142857142858,928,463.3004976250231
NoORL,ColonCancer,0,0.11570653846153839,0.885897435897436,549,444.11838491703384
NoORL,ColonCancer,1,0.16157384615384615,0.8397435897435898,584,443.24211533297785
NoORL,ColonCancer,2,0.08401076923076928,0.9179487179487179,556,401.312927166
NoORL,ColonCancer,3,0.12850884615384625,0.873076923076923,571,401.06753849994857
NoORL,ColonCancer,4,0.10053576923076922,0.9012820512820513,561,400.43880920798983
NoORL,ColonCancer,5,0.14621307692307695,0.8551282051282051,558,401.55667337495834
NoORL,ColonCancer,6,0.11465230769230762,0.8871794871794872,592,393.82643408398144
NoORL,ColonCancer,7,0.09545384615384615,0.9064102564102564,560,394.74726679211017
NoORL,ColonCancer,8,0.12830384615384627,0.873076923076923,530,394.9827413749881
NoORL,ColonCancer,9,0.1158365384615384,0.885897435897436,575,396.07552766695153
NoORL,ColonCancer,10,0.1157715384615384,0.885897435897436,562,395.77590295800474
NoORL,ColonCancer,11,0.11325807692307686,0.8884615384615385,567,397.0302514999639
NoORL,ColonCancer,12,0.14622807692307696,0.8551282051282051,561,399.08953258395195
NoORL,ColonCancer,13,0.13088730769230777,0.8705128205128204,539,400.4528343330603
NoORL,ColonCancer,14,0.09546384615384616,0.9064102564102564,562,404.97906499996316
NoORL,ColonCancer,15,0.11434730769230762,0.8871794871794872,531,406.1617154999403
NoORL,ColonCancer,16,0.11319807692307686,0.8884615384615385,555,406.60866049991455
NoORL,ColonCancer,17,0.09809730769230769,0.9038461538461539,581,407.64059783297125
NoORL,ColonCancer,18,0.1296380769230768,0.8717948717948719,543,431.7049702500226
NoORL,ColonCancer,19,0.14764730769230774,0.8538461538461538,591,431.7190562079195
NoORL,ColonCancer,20,0.13103730769230776,0.8705128205128204,569,430.36618637503125
NoORL,ColonCancer,21,0.11314307692307686,0.8884615384615385,544,432.0136716249399
NoORL,ColonCancer,22,0.11454230769230762,0.8871794871794872,570,430.35182570805773
NoORL,ColonCancer,23,0.1627930769230769,0.8384615384615385,574,430.8639427080052
NoORL,ColonCancer,24,0.09929653846153845,0.9025641025641026,567,432.328204334015
NoORL,ColonCancer,25,0.09804230769230769,0.9038461538461539,570,432.6345372919459
NoORL,Sonar,0,0.11784436701509873,0.8846689895470383,22,337.8778066249797
NoORL,Sonar,1,0.10824912891986067,0.8941927990708478,21,336.55872599990107
NoORL,Sonar,2,0.1120150987224158,0.8895470383275261,16,321.6842952920124
NoORL,ColonCancer,26,0.09796730769230769,0.9038461538461539,555,434.0071388750803
NoORL,ColonCancer,27,0.11471230769230761,0.8871794871794872,604,434.4469837920042
NoORL,Sonar,3,0.09860220673635317,0.9036004645760742,19,350.19377129198983
NoORL,ColonCancer,28,0.16387230769230765,0.8371794871794872,536,432.16895999992266
NoORL,ColonCancer,29,0.1298080769230768,0.8717948717948719,577,435.34112954093143
NoORL,Sonar,4,0.11651103368176541,0.8846689895470383,14,287.4118847909849
NoORL,Sonar,6,0.09793554006968651,0.9036004645760742,15,337.694974666927
NoORL,Sonar,5,0.10785249709639953,0.8944250871080139,20,350.2253452920122
NoORL,Sonar,8,0.0981538908246226,0.9037166085946573,17,334.186632417026
NoORL,Sonar,9,0.1121416957026714,0.8890824622531939,14,334.580546583049
NoORL,Sonar,7,0.10313821138211383,0.8991869918699187,20,346.2407823749818
NoORL,Sonar,10,0.10313821138211383,0.8991869918699187,20,331.31918200000655
NoORL,Sonar,11,0.10740418118466907,0.8945412311265969,18,353.4476707499707
NoORL,Sonar,12,0.10753077816492457,0.8940766550522647,16,283.28369208402
NoORL,Sonar,13,0.11218176538908246,0.8895470383275261,17,305.4787567498861
NoORL,Sonar,14,0.1120783972125436,0.88931475029036,15,325.28213137504645
NoORL,Sonar,19,0.1255946573751452,0.8754936120789779,14,291.5952235419536
NoORL,Sonar,16,0.11313008130081303,0.8894308943089431,22,327.18157762498595
NoORL,Sonar,15,0.08859872241579561,0.913704994192799,19,340.4627639580285
NoORL,Sonar,17,0.11496341463414637,0.8894308943089431,33,343.1904595409287
NoORL,Sonar,18,0.09347967479674797,0.9089430894308943,20,341.14382787491195
NoORL,Sonar,20,0.10841579558652734,0.8941927990708478,22,335.3606899169972
NoORL,Sonar,21,0.1137049941927992,0.8888501742160277,22,342.11006795894355
NoORL,Sonar,22,0.11774099883855986,0.8844367015098722,20,336.1421010410413
NoORL,Sonar,24,0.09836062717770035,0.9041811846689896,21,317.3710797079839
NoORL,Sonar,26,0.1073008130081301,0.8943089430894309,16,314.8574646660127
NoORL,Sonar,23,0.11324506387921027,0.88931475029036,22,332.368676250102
NoORL,Sonar,25,0.11206678281068522,0.8896631823461092,17,341.833573791082
NoORL,Sonar,27,0.09381300813008131,0.9089430894308943,22,334.8206205839524
NoORL,Sonar,28,0.11694773519163759,0.8849012775842044,18,371.6270851250738
NoORL,WDBC,0,0.027997826424468276,0.9754230709517155,11,358.38455512491055
NoORL,WDBC,1,0.026260984319205004,0.9771774569166279,11,369.89894345903303
NoORL,Sonar,29,0.1124518002322881,0.8897793263646921,20,407.3954154999228
NoORL,WDBC,2,0.023120633442012123,0.9806862288464524,12,364.4861864580307
NoORL,WDBC,3,0.021368421052631523,0.9824561403508772,12,370.91386133397464
NoORL,WDBC,4,0.026943021269989112,0.9771619313771154,13,371.87983049999457
NoORL,WDBC,5,0.02653951249805939,0.9789163173420276,17,429.727015750017
NoORL,WDBC,6,0.024175438596491294,0.9789473684210526,10,386.8921504999744
NoORL,WDBC,8,0.027609687936655778,0.9771619313771154,15,395.18784570798744
NoORL,WDBC,10,0.02523691973296082,0.9788852662630025,13,388.08748012501746
NoORL,WDBC,9,0.02378730010867879,0.9806862288464524,14,393.09805137489457
NoORL,WDBC,7,0.024151374010246886,0.9806551777674274,15,432.3765649170382
NoORL,WDBC,12,0.025958391554106657,0.9771464058376027,10,389.44657591707073
NoORL,WDBC,11,0.02306582828753317,0.982425089271852,17,487.0561150840949
NoORL,WDBC,13,0.023469337059462674,0.9806707033069401,13,420.2856455410365
NoORL,WDBC,14,0.025260984319205006,0.9771774569166279,8,417.0169305410236
NoORL,WDBC,16,0.024857475547275285,0.9789318428815401,12,439.1106729999883
NoORL,WDBC,17,0.024206179164725835,0.9789163173420278,10,440.22799237491563
NoORL,WDBC,18,0.022787300108678788,0.9806862288464524,11,437.9754878330277
NoORL,WDBC,15,0.02136842105263174,0.982456140350877,12,460.3502664999105
NoORL,WDBC,19,0.021383791336748958,0.9824406148113647,12,440.30215820798185
NoORL,WDBC,20,0.022469337059462784,0.98067070330694,10,456.267160709016
NoORL,WDBC,21,0.022802670392796116,0.98067070330694,11,449.55639220797457
NoORL,WDBC,22,0.028059307560937913,0.9753609687936654,11,420.92647579102777
NoORL,WDBC,24,0.024554882782176712,0.9789007918025151,11,416.1705119999824
NoORL,WDBC,23,0.02248470734358022,0.9806551777674274,10,423.72942383307964
NoORL,Zoo,0,0.025424999999999906,0.9800000000000001,9,155.84337437502109
NoORL,WDBC,26,0.02419080888060862,0.9789318428815401,10,422.11981479194947
NoORL,WDBC,25,0.02248470734358022,0.9806551777674274,10,445.7358652079711
NoORL,WDBC,27,0.024206179164725835,0.9789163173420278,10,472.2783803330967
NoORL,WDBC,28,0.02348470734358022,0.9806551777674274,13,443.54256420908496
NoORL,WDBC,29,0.025958391554106657,0.9771464058376027,10,443.4050293749897
NoORL,Zoo,1,0.025424999999999906,0.9800000000000001,9,183.13392275001388
NoORL,Zoo,2,0.01677500000000001,0.99,11,182.25100875005592
NoORL,Zoo,3,0.0249535714285714,0.9804761904761905,9,181.33347166597378
NoORL,Zoo,4,0.022453571428571514,0.9804761904761904,5,183.45248133304995
NoORL,Zoo,5,0.02417499999999991,0.9800000000000001,7,185.67726291704457
NoORL,Zoo,6,0.023549999999999908,0.9800000000000001,6,186.7578509170562
NoORL,Zoo,7,0.022453571428571403,0.9804761904761905,5,189.2123842089204
NoORL,Zoo,8,0.022924999999999907,0.9800000000000001,5,187.9278211669298
NoORL,Zoo,10,0.02479999999999991,0.9800000000000001,8,187.29356766701676
NoORL,Zoo,9,0.022924999999999907,0.9800000000000001,5,190.30693566706032
NoORL,Zoo,11,0.022924999999999907,0.9800000000000001,5,189.12530237494502
NoORL,Zoo,12,0.022924999999999907,0.9800000000000001,5,188.6043892079033
NoORL,Zoo,13,0.026049999999999907,0.9800000000000001,10,186.3239220000105
NoORL,Zoo,14,0.022924999999999907,0.9800000000000001,5,187.4694068330573
NoORL,Zoo,15,0.026049999999999907,0.9800000000000001,10,187.39328825008124
NoORL,Zoo,16,0.02417499999999991,0.9800000000000001,7,189.76819804206025
NoORL,Zoo,17,0.022924999999999907,0.9800000000000001,5,187.00788604200352
NoORL,Zoo,18,0.026049999999999907,0.9800000000000001,10,187.0401068329811
NoORL,Zoo,19,0.0329785714285713,0.9704761904761906,6,187.83130237506703
NoORL,Zoo,20,0.01490000000000001,0.99,8,186.82255404093303
NoORL,Zoo,21,0.0323535714285713,0.9704761904761906,5,188.78309641696978
NoORL,Zoo,22,0.022924999999999907,0.9800000000000001,5,185.35508566594217
NoORL,Zoo,23,0.026049999999999907,0.9800000000000001,10,186.0537975829793
NoORL,Zoo,24,0.025424999999999906,0.9800000000000001,9,183.5067672909936
NoORL,Zoo,25,0.01615000000000001,0.99,10,180.26813295902684
NoORL,Zoo,26,0.02417499999999991,0.9800000000000001,7,179.63817333301995
NoORL,Zoo,27,0.022453571428571403,0.9804761904761905,5,176.71021329204086
NoORL,Zoo,28,0.02417499999999991,0.9800000000000001,7,174.2901708750287
NoORL,Zoo,29,0.01615000000000001,0.99,10,166.86854820803273
NoUMR,Leukemia,0,0.01677517302076244,0.9857142857142858,940,488.98675512499176
NoUMR,Leukemia,1,0.016730367644117245,0.9857142857142858,924,481.0880947909318
NoUMR,Leukemia,2,0.016825579069488287,0.9857142857142858,958,476.1263866670197
NoUMR,Leukemia,3,0.01591072528703442,0.9866666666666667,968,473.1951968750218
NoUMR,Leukemia,4,0.016755570668480168,0.9857142857142858,933,472.21897066698875
NoUMR,Leukemia,5,0.0158071128535424,0.9866666666666667,931,473.6496247090399
NoUMR,Leukemia,6,0.015837916549985974,0.9866666666666667,942,475.2162556250114
NoUMR,Leukemia,7,0.01679197503700439,0.9857142857142858,946,476.1939511250239
NoUMR,Leukemia,8,0.015843517222066623,0.9866666666666667,944,478.46423391602
NoUMR,Leukemia,10,0.015849117894147273,0.9866666666666667,946,475.52538341702893
NoUMR,Leukemia,9,0.015821114533744025,0.9866666666666667,936,479.01677941705566
NoUMR,Leukemia,11,0.01674996999639952,0.9857142857142858,931,476.1505903330399
NoUMR,Leukemia,12,0.016730367644117245,0.9857142857142858,924,476.6981635419652
NoUMR,Leukemia,13,0.015885522262671495,0.9866666666666667,959,475.64056824997533
NoUMR,Leukemia,14,0.016783574028883416,0.9857142857142858,943,477.5947939589387
NoUMR,Leukemia,15,0.01667716125935107,0.9857142857142858,905,477.79765674995724
NoUMR,Leukemia,16,0.01590512461495377,0.9866666666666667,966,474.812487707939
NoUMR,Leukemia,17,0.016794775373044715,0.9857142857142858,947,473.0401029159548
NoUMR,Leukemia,18,0.016811577389286663,0.9857142857142858,953,475.5626223330619
NoUMR,Leukemia,20,0.016763971676601142,0.9857142857142858,936,474.2357554589398
NoUMR,Leukemia,19,0.016800376045125364,0.9857142857142858,949,475.8932049591094
NoUMR,Leukemia,21,0.016850782093851213,0.9857142857142858,967,474.5097320000641
NoUMR,Leukemia,22,0.01680317638116569,0.9857142857142858,950,475.98356470791623
NoUMR,Leukemia,23,0.015815513861663376,0.9866666666666667,934,476.08288658305537
NoUMR,Leukemia,24,0.016853582429891538,0.9857142857142858,968,469.2643100420246
NoUMR,Leukemia,25,0.016819978397407637,0.9857142857142858,956,466.1674562089611
NoUMR,Leukemia,26,0.016730367644117245,0.9857142857142858,924,469.2532765829237
NoUMR,ColonCancer,0,0.1157965384615384,0.885897435897436,567,449.2111723329872
NoUMR,Leukemia,27,0.016643557226867174,0.9857142857142858,893,466.5993514159927
NoUMR,Leukemia,28,0.016766772012641467,0.9857142857142858,937,467.47343145799823
NoUMR,Leukemia,29,0.016707964955794644,0.9857142857142858,916,466.44011708407197
NoUMR,ColonCancer,1,0.16141384615384616,0.8397435897435898,552,447.3830610840814
NoUMR,ColonCancer,2,0.08430076923076928,0.9179487179487179,614,409.7344258329831
NoUMR,ColonCancer,3,0.12854884615384626,0.873076923076923,579,402.131454708986
NoUMR,ColonCancer,4,0.08402076923076916,0.917948717948718,558,401.9843108339701
NoUMR,ColonCancer,5,0.16137384615384615,0.8397435897435898,544,399.59536133299116
NoUMR,ColonCancer,7,0.09663807692307691,0.9051282051282051,543,398.76782320800703
NoUMR,ColonCancer,6,0.11548653846153839,0.885897435897436,505,399.9091719160788
NoUMR,ColonCancer,8,0.11317807692307685,0.8884615384615385,551,398.54046041704714
NoUMR,ColonCancer,9,0.11317807692307685,0.8884615384615385,551,399.3167690419359
NoUMR,ColonCancer,10,0.11576153846153839,0.885897435897436,560,383.148124083993
NoUMR,ColonCancer,11,0.11297307692307686,0.8884615384615385,510,385.1174755831016
NoUMR,ColonCancer,12,0.14614807692307696,0.8551282051282051,545,384.76178120891564
NoUMR,ColonCancer,14,0.11061961538461555,0.8910256410256409,547,385.4930216249777
NoUMR,ColonCancer,13,0.12965307692307682,0.8717948717948719,546,387.4561160419835
NoUMR,ColonCancer,15,0.11445730769230762,0.8871794871794872,553,386.9653157920111
NoUMR,ColonCancer,16,0.11433730769230784,0.887179487179487,529,386.14180929097347
NoUMR,ColonCancer,17,0.09814730769230769,0.9038461538461539,591,387.2184052079683
NoUMR,ColonCancer,18,0.11586153846153861,0.8858974358974357,580,398.05023379204795
NoUMR,ColonCancer,19,0.14743730769230773,0.8538461538461538,549,399.41008379193954
NoUMR,ColonCancer,20,0.11570653846153839,0.885897435897436,549,398.1193452079315
NoUMR,ColonCancer,21,0.09792730769230769,0.9038461538461539,547,392.5987361250445
NoUMR,ColonCancer,22,0.11446730769230762,0.8871794871794872,555,393.1098691660445
NoUMR,ColonCancer,23,0.17908807692307696,0.8217948717948718,533,392.35867062502075
NoUMR,ColonCancer,24,0.11428730769230762,0.8871794871794872,519,392.53736487508286
NoUMR,ColonCancer,25,0.09937653846153845,0.9025641025641026,583,393.0799267499242
NoUMR,Sonar,0,0.11661440185830425,0.8849012775842044,16,304.5570342920255
NoUMR,Sonar,2,0.11200348432055743,0.8898954703832753,18,309.38331004197244
NoUMR,Sonar,1,0.10669744483159124,0.8940766550522647,11,325.3952950829407
NoUMR,Sonar,3,0.10696747967479678,0.8943089430894309,14,313.27795937506016
NoUMR,ColonCancer,26,0.1120588461538461,0.8897435897435898,581,408.3138152080355
NoUMR,ColonCancer,27,0.11445730769230762,0.8871794871794872,553,412.87474283296615
NoUMR,ColonCancer,28,0.16276807692307688,0.8384615384615385,569,414.4263614999363
NoUMR,ColonCancer,29,0.11452230769230762,0.8871794871794872,566,416.0586065000389
NoUMR,Sonar,4,0.11683275261324047,0.8850174216027874,18,305.5401336249197
NoUMR,Sonar,5,0.1170110336817654,0.8846689895470383,17,304.3328086670954
NoUMR,Sonar,6,0.10797909407665514,0.8939605110336817,18,301.2925719160121
NoUMR,Sonar,7,0.12172531939605108,0.8799070847851336,17,300.7971179999877
NoUMR,Sonar,8,0.10741579558652734,0.8941927990708478,16,297.8522496250225
NoUMR,Sonar,9,0.12240360046457613,0.8795586527293844,19,310.2186278749723
NoUMR,Sonar,10,0.11644773519163759,0.8849012775842044,15,303.9840770000592
NoUMR,Sonar,11,0.10708246225319401,0.8941927990708478,14,314.24618629098404
NoUMR,Sonar,12,0.1115783972125436,0.88931475029036,12,310.32811620796565
NoUMR,Sonar,13,0.11688443670150979,0.8851335656213706,19,305.6801944170147
NoUMR,Sonar,14,0.1115150987224158,0.8895470383275261,13,303.39264133397955
NoUMR,Sonar,15,0.11233681765389086,0.8898954703832752,20,308.0705741660204
NoUMR,Sonar,16,0.11774099883855986,0.8844367015098722,20,304.5683058750583
NoUMR,Sonar,17,0.11739605110336815,0.8847851335656214,20,304.6926612079842
NoUMR,Sonar,18,0.1122967479674797,0.8894308943089431,17,312.4588755409932
NoUMR,Sonar,19,0.12161033681765385,0.8800232288037166,17,301.11758162500337
NoUMR,Sonar,21,0.11246341463414637,0.8894308943089431,18,301.6622046669945
NoUMR,Sonar,20,0.11303832752613253,0.8888501742160277,18,305.6145042089047
NoUMR,Sonar,22,0.11622938443670149,0.8847851335656214,13,301.7629906660877
NoUMR,Sonar,24,0.11268176538908246,0.8895470383275261,20,294.28246004192624
NoUMR,Sonar,23,0.1172926829268293,0.8845528455284553,18,343.18432958307676
NoUMR,Sonar,25,0.1073641114982579,0.8940766550522647,15,312.9520657089306
NoUMR,Sonar,26,0.10735249709639953,0.8944250871080139,17,319.61548533302266
NoUMR,Sonar,27,0.1087090592334496,0.8937282229965156,21,319.01496095897164
NoUMR,Sonar,28,0.1122967479674797,0.8894308943089431,17,318.02338370808866
NoUMR,Sonar,29,0.12189198606271776,0.8799070847851336,18,323.58964104100596
NoUMR,WDBC,0,0.026609687936655777,0.9771619313771154,12,340.42279924999457
NoUMR,WDBC,1,0.02617543859649107,0.9789473684210528,16,358.4735910000745
NoUMR,WDBC,2,0.025973761838223763,0.9771308802980905,10,320.3173799579963
NoUMR,WDBC,4,0.025927650985871672,0.9771774569166279,10,324.5693338329438
NoUMR,WDBC,5,0.02629172488743999,0.9771464058376027,11,343.0402480419725
NoUMR,WDBC,3,0.022368421052631742,0.982456140350877,15,413.59919129195623
NoUMR,WDBC,6,0.02591228070175435,0.9771929824561404,10,356.2301949580433
NoUMR,WDBC,7,0.021414531904983613,0.9824095637323398,12,351.61250362498686
NoUMR,WDBC,8,0.026260984319205004,0.9771774569166279,11,365.13238087506033
NoUMR,WDBC,9,0.024469337059462783,0.98067070330694,16,359.7779371669749
NoUMR,WDBC,10,0.02488821611550994,0.9789007918025152,12,380.22018012509216
NoUMR,WDBC,11,0.0248728458313925,0.9789163173420278,12,360.08284179191105
NoUMR,WDBC,12,0.025927650985871895,0.9771774569166277,10,363.1638799580978
NoUMR,WDBC,13,0.0248728458313925,0.9789163173420278,12,361.48338912497275
NoUMR,WDBC,14,0.02343859649122813,0.9807017543859649,13,355.14057191694155
NoUMR,WDBC,15,0.025175438596491073,0.9789473684210528,13,364.18347004102543
NoUMR,WDBC,16,0.026206179164726055,0.9789163173420276,16,367.73432145803235
NoUMR,WDBC,17,0.026276354603322442,0.9771619313771154,11,369.0418424999807
NoUMR,WDBC,19,0.025221549448843382,0.9789007918025151,13,347.0870971250115
NoUMR,WDBC,18,0.022787300108678788,0.9806862288464524,11,391.2777908749413
NoUMR,WDBC,20,0.02422154944884338,0.9789007918025151,10,349.3287434170488
NoUMR,WDBC,21,0.0266250582207731,0.9771464058376029,12,368.3824596659979
NoUMR,WDBC,22,0.0273772706101537,0.9753764943331781,9,356.4828456249088
NoUMR,WDBC,23,0.02353951249805917,0.9789163173420278,8,365.84713041596115
NoUMR,WDBC,24,0.023515447911814983,0.9806241266884024,13,357.25707325001713
NoUMR,WDBC,25,0.024888216115510047,0.9789007918025151,12,369.42238345905207
NoUMR,WDBC,27,0.023802670392796117,0.98067070330694,14,364.5823560419958
NoUMR,WDBC,26,0.02419080888060862,0.9789318428815401,10,372.8776306670625
NoUMR,Zoo,0,0.026049999999999907,0.9800000000000001,10,148.56875529093668
NoUMR,WDBC,28,0.023120633442012123,0.9806862288464524,12,366.41666854103096
NoUMR,Zoo,1,0.01677500000000001,0.99,11,152.9670012500137
NoUMR,Zoo,2,0.022924999999999907,0.9800000000000001,5,156.18969462509267
NoUMR,Zoo,3,0.022453571428571403,0.9804761904761905,5,157.93467091605999
NoUMR,WDBC,29,0.025539512498059167,0.9789163173420278,14,390.3284935830161
NoUMR,Zoo,4,0.023078571428571514,0.9804761904761904,6,156.08596537495032
NoUMR,Zoo,5,0.02479999999999991,0.9800000000000001,8,157.96191412501503
NoUMR,Zoo,6,0.022924999999999907,0.9800000000000001,5,158.36290508299135
NoUMR,Zoo,7,0.022453571428571403,0.9804761904761905,5,158.67828383401502
NoUMR,Zoo,8,0.022924999999999907,0.9800000000000001,5,158.48530904203653
NoUMR,Zoo,9,0.03345000000000002,0.97,6,160.542125417036
NoUMR,Zoo,11,0.022924999999999907,0.9800000000000001,5,159.20050525001716
NoUMR,Zoo,10,0.025424999999999906,0.9800000000000001,9,159.56146479200106
NoUMR,Zoo,12,0.01615000000000001,0.99,10,161.03472850006074
NoUMR,Zoo,13,0.026049999999999907,0.9800000000000001,10,160.89210766600445
NoUMR,Zoo,14,0.02417499999999991,0.9800000000000001,7,160.86405662505422
NoUMR,Zoo,15,0.022453571428571403,0.9804761904761905,5,162.30274225003086
NoUMR,Zoo,16,0.02479999999999991,0.9800000000000001,8,161.91039725008886
NoUMR,Zoo,17,0.023549999999999908,0.9800000000000001,6,163.87011429201812
NoUMR,Zoo,19,0.03407500000000002,0.97,7,163.20289604202844
NoUMR,Zoo,18,0.026049999999999907,0.9800000000000001,10,164.87982308398932
NoUMR,Zoo,20,0.022453571428571403,0.9804761904761905,5,163.0694346249802
NoUMR,Zoo,21,0.022924999999999907,0.9800000000000001,5,162.7882899590768
NoUMR,Zoo,22,0.022924999999999907,0.9800000000000001,5,161.74646966601722
NoUMR,Zoo,23,0.026049999999999907,0.9800000000000001,10,161.38064012501854
NoUMR,Zoo,24,0.022924999999999907,0.9800000000000001,5,159.2141387090087
NoUMR,Zoo,25,0.025424999999999906,0.9800000000000001,9,154.63157741702162
NoUMR,Zoo,26,0.025424999999999906,0.9800000000000001,9,147.3763267500326
NoUMR,Zoo,27,0.022453571428571403,0.9804761904761905,5,149.32140566699672
NoUMR,Zoo,28,0.02417499999999991,0.9800000000000001,7,137.76347150001675
NoUMR,Zoo,29,0.01615000000000001,0.99,10,134.80629116599448
NoImprovement,Leukemia,0,0.018906228747449644,0.9857142857142858,1701,505.9278219580883
NoImprovement,Leukemia,1,0.018889426731207696,0.9857142857142858,1695,494.28407145803794
NoImprovement,Leukemia,2,0.018931431771812567,0.9857142857142858,1710,491.0761179999681
NoImprovement,Leukemia,3,0.018008176981237724,0.9866666666666667,1717,493.49336470791604
NoImprovement,Leukemia,4,0.01890902908348997,0.9857142857142858,1702,496.2997630829923
NoImprovement,Leukemia,5,0.017859759171100508,0.9866666666666667,1664,498.845826834091
NoImprovement,Leukemia,6,0.01793536824418928,0.9866666666666667,1691,501.0305066659348
NoImprovement,Leukemia,7,0.01885302236268347,0.9857142857142858,1682,502.3165767919272
NoImprovement,Leukemia,8,0.018094987398487795,0.9866666666666667,1748,498.21465383307077
NoImprovement,Leukemia,9,0.018055782693923245,0.9866666666666667,1734,496.4896430420922
NoImprovement,Leukemia,10,0.017980173620834476,0.9866666666666667,1707,498.67313000001013
NoImprovement,Leukemia,11,0.01893983277993354,0.9857142857142858,1713,498.25347758294083
NoImprovement,Leukemia,12,0.0187998159779173,0.9857142857142858,1663,496.41006333299447
NoImprovement,Leukemia,13,0.017834556146737585,0.9866666666666667,1655,499.0642959999386
NoImprovement,Leukemia,14,0.019015441853022313,0.9857142857142858,1740,497.6455811660271
NoImprovement,Leukemia,15,0.01881661799415925,0.9857142857142858,1669,499.4864639589796
NoImprovement,Leukemia,16,0.01790736488378603,0.9866666666666667,1681,498.58901841694023
NoImprovement,Leukemia,17,0.018886626395167368,0.9857142857142858,1694,500.8402639590204
NoImprovement,Leukemia,18,0.018791414969796326,0.9857142857142858,1660,499.13502516702283
NoImprovement,Leukemia,19,0.018906228747449644,0.9857142857142858,1701,499.02696266700514
NoImprovement,Leukemia,20,0.018855822698723795,0.9857142857142858,1683,499.49514920799993
NoImprovement,Leukemia,21,0.018925831099731918,0.9857142857142858,1708,501.3412212090334
NoImprovement,Leukemia,22,0.018878225387046393,0.9857142857142858,1691,499.582355541992
NoImprovement,Leukemia,23,0.017966171940632852,0.9866666666666667,1702,500.73888433305547
NoImprovement,Leukemia,24,0.018911829419530294,0.9857142857142858,1703,500.5883627500152
NoImprovement,Leukemia,25,0.018970636476377114,0.9857142857142858,1724,499.6233955420321
NoImprovement,Leukemia,26,0.01885302236268347,0.9857142857142858,1682,500.30637766595464
NoImprovement,Leukemia,27,0.018889426731207696,0.9857142857142858,1695,498.0054731250275
NoImprovement,Leukemia,28,0.018895027403288345,0.9857142857142858,1697,496.2876699169865
NoImprovement,ColonCancer,0,0.14975230769230774,0.8538461538461538,1012,473.2156461669365
NoImprovement,Leukemia,29,0.018788614633756,0.9857142857142858,1659,498.2205972080119
NoImprovement,ColonCancer,1,0.19660384615384602,0.8064102564102565,990,474.4132332500303
NoImprovement,ColonCancer,2,0.11788153846153838,0.885897435897436,984,447.2732384999981
NoImprovement,ColonCancer,3,0.1788146153846154,0.8243589743589743,986,446.58577537501696
NoImprovement,ColonCancer,4,0.1342215384615383,0.8692307692307694,952,448.0837136670016
NoImprovement,ColonCancer,5,0.19528961538461537,0.8076923076923077,981,445.07772000005934
NoImprovement,ColonCancer,6,0.14971230769230773,0.8538461538461538,1004,444.1373899579048
NoImprovement,ColonCancer,7,0.13055884615384625,0.873076923076923,981,444.52512666699477
NoImprovement,ColonCancer,8,0.14705384615384595,0.8564102564102566,980,445.8701072500553
NoImprovement,ColonCancer,9,0.18016884615384607,0.8230769230769232,1003,445.3873952499125
NoImprovement,ColonCancer,10,0.1510315384615385,0.8525641025641025,1014,442.1068124170415
NoImprovement,ColonCancer,11,0.14689884615384619,0.8564102564102564,949,442.5058574579889
NoImprovement,ColonCancer,12,0.16632730769230766,0.8371794871794872,1027,443.59849462506827
NoImprovement,ColonCancer,13,0.1787146153846153,0.8243589743589744,966,444.8268612920074
NoImprovement,ColonCancer,14,0.1291496153846155,0.8743589743589743,953,443.7845632919343
NoImprovement,ColonCancer,15,0.14815307692307697,0.8551282051282051,946,444.5040322910063
NoImprovement,ColonCancer,16,0.16219461538461538,0.841025641025641,962,444.89631524996366
NoImprovement,ColonCancer,17,0.1609403846153846,0.8423076923076923,965,444.6664755829843
NoImprovement,ColonCancer,18,0.16623730769230766,0.8371794871794872,1009,441.1578592080623
NoImprovement,ColonCancer,19,0.1800688461538462,0.823076923076923,983,440.813372500008
NoImprovement,ColonCancer,20,0.1646980769230769,0.8384615384615385,955,443.14985804108437
NoImprovement,ColonCancer,21,0.13165807692307702,0.8717948717948717,947,442.4866811670363
NoImprovement,ColonCancer,22,0.13192807692307681,0.8717948717948719,1001,442.5698135419516
NoImprovement,ColonCancer,23,0.22811461538461536,0.7743589743589744,946,442.6579995829379
NoImprovement,ColonCancer,24,0.16365384615384615,0.8397435897435898,1000,443.77951733302325
NoImprovement,ColonCancer,25,0.11550807692307685,0.8884615384615385,1017,443.60479604196735
NoImprovement,ColonCancer,26,0.14587961538461544,0.8576923076923076,999,403.67194737505633
NoImprovement,ColonCancer,27,0.1508965384615385,0.8525641025641025,987,403.2826025830582
NoImprovement,ColonCancer,28,0.21434307692307694,0.7884615384615384,984,399.9870662500616
NoImprovement,ColonCancer,29,0.1622796153846155,0.8410256410256409,979,390.3788486251142
NoImprovement,Sonar,0,0.12243205574912894,0.8803716608594657,24,367.7537227080902
NoImprovement,Sonar,1,0.11311846689895477,0.8897793263646921,24,365.9740316250827
NoImprovement,Sonar,2,0.11340011614401856,0.8896631823461092,25,365.13184625003487
NoImprovement,Sonar,3,0.09952729384436701,0.9041811846689896,28,363.7227982080076
NoImprovement,Sonar,4,0.12349535423925662,0.8801393728222997,29,293.72060195798986
NoImprovement,Sonar,5,0.10413821138211383,0.8991869918699187,26,294.81789095897693
NoImprovement,Sonar,6,0.10016550522648097,0.9033681765389081,27,298.7332314590458
NoImprovement,Sonar,7,0.12832462253193966,0.8752613240418118,29,300.3640461670002
NoImprovement,Sonar,8,0.11806271777003483,0.8847851335656214,24,300.3879281668924
NoImprovement,Sonar,9,0.11824099883855986,0.8844367015098722,23,298.96805670892354
NoImprovement,Sonar,10,0.11778106852497092,0.8849012775842044,23,299.8923929169541
NoImprovement,Sonar,11,0.12422531939605108,0.8799070847851336,32,297.6145850419998
NoImprovement,Sonar,12,0.11924099883855986,0.8844367015098722,29,312.18663724989165
NoImprovement,Sonar,13,0.11871777003484324,0.8851335656213705,30,314.2333665830083
NoImprovement,Sonar,14,0.10990418118466908,0.8945412311265969,33,310.834648167016
NoImprovement,Sonar,15,0.10990418118466908,0.8945412311265969,33,305.318581874948
NoImprovement,Sonar,16,0.11912601626016263,0.8845528455284553,29,304.98447845794726
NoImprovement,Sonar,17,0.11872938443670149,0.8847851335656214,28,306.1681764581008
NoImprovement,Sonar,18,0.1137334494773519,0.8896631823461092,27,307.1382466669893
NoImprovement,Sonar,19,0.12265040650406503,0.8804878048780488,26,306.8512126249261
NoImprovement,Sonar,20,0.12421370499419283,0.8802555168408827,34,302.7434153329814
NoImprovement,Sonar,21,0.13366550522648085,0.8700348432055749,30,303.7634319170611
NoImprovement,Sonar,22,0.12911788617886183,0.8747967479674796,31,308.2670014160685
NoImprovement,Sonar,23,0.1332688734030197,0.870267131242741,29,307.2755809589289
NoImprovement,Sonar,24,0.11390011614401856,0.8896631823461092,28,307.3302336250199
NoImprovement,Sonar,25,0.1093008130081301,0.8943089430894309,28,306.70953270897735
NoImprovement,Sonar,26,0.11496341463414637,0.8894308943089431,33,309.2090899159666
NoImprovement,Sonar,27,0.12327700348432052,0.8800232288037166,27,310.8325418330496
NoImprovement,Sonar,28,0.1143600464576075,0.8891986062717769,28,344.2418174170889
NoImprovement,Sonar,29,0.12317363530778166,0.8797909407665505,25,342.9145086669596
NoImprovement,WDBC,1,0.028291724887439768,0.9771464058376029,17,358.36408499989193
NoImprovement,WDBC,2,0.028973761838223762,0.9771308802980905,19,384.1486764580477
NoImprovement,WDBC,5,0.02797376183822376,0.9771308802980905,16,377.1003564170096
NoImprovement,WDBC,4,0.0248728458313925,0.9789163173420278,12,484.24220958398655
NoImprovement,WDBC,0,0.027276354603322443,0.9771619313771154,14,572.6388838751009
NoImprovement,WDBC,3,0.027578947368421015,0.9771929824561404,15,550.9702064580051
NoImprovement,WDBC,6,0.02940133519639811,0.9736686849868033,10,391.5709176249802
NoImprovement,WDBC,7,0.026888216115510045,0.9789007918025151,18,392.1330250829924
NoImprovement,WDBC,8,0.02792765098587167,0.9771774569166279,16,393.7220450830646
NoImprovement,WDBC,9,0.026206179164725833,0.9789163173420278,16,394.8144267089665
NoImprovement,WDBC,10,0.027291724887439767,0.9771464058376029,14,428.269352250034
NoImprovement,WDBC,11,0.024469337059463,0.9806707033069397,16,451.6569000829477
NoImprovement,WDBC,12,0.02591228070175435,0.9771929824561404,10,403.6801844999427
NoImprovement,WDBC,13,0.026872845831392503,0.9789163173420278,18,519.650174667011
NoImprovement,WDBC,14,0.026578947368421015,0.9771929824561404,12,391.51584016601555
NoImprovement,WDBC,15,0.02552414221394195,0.9789318428815401,14,389.35759300005157
NoImprovement,WDBC,17,0.025539512498059167,0.9789163173420278,14,389.1923284579534
NoImprovement,WDBC,16,0.026190808880608617,0.9789318428815401,16,419.36872912500985
NoImprovement,WDBC,18,0.025888216115510048,0.9789007918025151,15,498.78620425006375
NoImprovement,WDBC,19,0.02759431765253856,0.9771774569166277,15,392.7891043750569
NoImprovement,WDBC,20,0.02381804067691355,0.9806551777674274,14,394.83160291600507
NoImprovement,WDBC,22,0.028710603943487036,0.9753764943331781,13,382.4499217920238
NoImprovement,WDBC,24,0.026236919732960596,0.9788852662630028,16,381.1956321670441
NoImprovement,WDBC,25,0.02548470734358022,0.9806551777674274,19,417.2496604169719
NoImprovement,WDBC,23,0.024120633442012124,0.9806862288464524,15,520.7729284999659
NoImprovement,WDBC,21,0.027609687936655778,0.9771619313771154,15,543.488851040951
NoImprovement,Zoo,0,0.025424999999999906,0.9800000000000001,9,123.65041620796546
NoImprovement,Zoo,1,0.023549999999999908,0.9800000000000001,6,147.49895858298987
NoImprovement,WDBC,26,0.025245614035087682,0.9771929824561404,8,408.09173679107334
NoImprovement,WDBC,27,0.024166744294364214,0.9806396522279149,15,397.3236372920219
NoImprovement,Zoo,2,0.023549999999999908,0.9800000000000001,6,138.2752002910711
NoImprovement,WDBC,28,0.02659431765253856,0.9771774569166277,12,399.45518175000325
NoImprovement,Zoo,3,0.024328571428571404,0.9804761904761905,8,141.21066279092338
NoImprovement,Zoo,4,0.023078571428571514,0.9804761904761904,6,145.79655779199675
NoImprovement,Zoo,6,0.022924999999999907,0.9800000000000001,5,154.02346837497316
NoImprovement,Zoo,5,0.02479999999999991,0.9800000000000001,8,156.2190220829798
NoImprovement,WDBC,29,0.028276354603322444,0.9771619313771154,17,424.02119666698854
NoImprovement,Zoo,7,0.01615000000000001,0.99,10,155.32249337492976
NoImprovement,Zoo,8,0.02479999999999991,0.9800000000000001,8,155.3471524999477
NoImprovement,Zoo,9,0.023549999999999908,0.9800000000000001,6,155.71288341702893
NoImprovement,Zoo,10,0.025424999999999906,0.9800000000000001,9,157.01550558395684
NoImprovement,Zoo,11,0.023549999999999908,0.9800000000000001,6,156.54105054202955
NoImprovement,Zoo,12,0.025578571428571402,0.9804761904761905,10,160.80431466700975
NoImprovement,Zoo,13,0.026049999999999907,0.9800000000000001,10,160.79665870801546
NoImprovement,Zoo,14,0.02479999999999991,0.9800000000000001,8,159.7547367089428
NoImprovement,Zoo,15,0.025578571428571402,0.9804761904761905,10,161.3921125830384
NoImprovement,Zoo,16,0.026049999999999907,0.9800000000000001,10,158.6330141669605
NoImprovement,Zoo,17,0.015678571428571396,0.9904761904761905,10,162.18918137496803
NoImprovement,Zoo,18,0.026049999999999907,0.9800000000000001,10,160.84658937505446
NoImprovement,Zoo,19,0.036575000000000024,0.97,11,159.29512304102536
NoImprovement,Zoo,21,0.0336035714285713,0.9704761904761906,7,159.47585733397864
NoImprovement,Zoo,20,0.01552500000000001,0.99,9,161.17646604205947
NoImprovement,Zoo,22,0.025424999999999906,0.9800000000000001,9,157.9933720419649
NoImprovement,Zoo,23,0.025424999999999906,0.9800000000000001,9,158.89121591602452
NoImprovement,Zoo,24,0.022924999999999907,0.9800000000000001,5,156.9827082499396
NoImprovement,Zoo,25,0.01677500000000001,0.99,11,156.83062241692096
NoImprovement,Zoo,26,0.026674999999999907,0.9800000000000001,11,151.98792141699232
NoImprovement,Zoo,27,0.023078571428571403,0.9804761904761905,6,134.8092410840327
NoImprovement,Zoo,28,0.026049999999999907,0.9800000000000001,10,107.56892466591671
NoImprovement,Zoo,29,0.022924999999999907,0.9800000000000001,5,107.30846041708719
