algorithm,dataset,metric,mean,std,best,worst
AOA,BreastEW,accuracy,0.9615439387433805,0.01708697416046699,0.9722091026191496,0.8785208243881495
AOA,BreastEW,fitness,0.04707150064405321,0.015207463344302952,0.0375129884070417,0.1224866060779542
AOA,BreastEW,n_selected_features,8.1,1.8321208111548393,9.0,2.0
COA,BreastEW,accuracy,0.9488088593101475,0.023506970113451608,0.967829540575354,0.8785208243881495
COA,BreastEW,fitness,0.055345895949620694,0.022295531390759453,0.0362931992748439,0.1224866060779542
COA,BreastEW,n_selected_features,4.2,1.4236104336041748,8.0,1.0
ECL-SCSO,BreastEW,accuracy,0.9484202805209675,0.03163465559314109,0.9736582224130528,0.8199978531558608
ECL-SCSO,BreastEW,fitness,0.05587873709905691,0.030212177232211816,0.0316339153666333,0.1793132364868089
ECL-SCSO,BreastEW,n_selected_features,4.333333333333333,1.4681810363696826,7.0,1.0
GA,BreastEW,accuracy,0.9398719049663662,0.018364344683029537,0.958995276942894,0.8785208243881495
GA,BreastEW,fitness,0.06393422149070489,0.01723563855351485,0.0461502313820905,0.1224866060779542
GA,BreastEW,n_selected_features,3.966666666666667,1.1100550536897809,6.0,1.0
GWO,BreastEW,accuracy,0.9419182052382997,0.02372734665786629,0.9662945470158868,0.8785208243881495
GWO,BreastEW,fitness,0.062130606443712884,0.022087807677796424,0.0389239540098277,0.1224866060779542
GWO,BreastEW,n_selected_features,4.166666666666667,1.6947631758514883,6.0,1.0
HHO,BreastEW,accuracy,0.9113192357234864,0.17229905220501351,0.9721661657363676,0.0
HHO,BreastEW,fitness,0.09338654922634095,0.17101865446754488,0.0345775607079815,1.0
HHO,BreastEW,n_selected_features,4.733333333333333,2.5681813712344295,9.0,0.0
OOA,BreastEW,accuracy,0.9400021468441391,0.04965439498971674,0.9765671962215544,0.7715113782739372
OOA,BreastEW,fitness,0.06362009684652445,0.048006316659852055,0.0298651424073278,0.2273148466199132
OOA,BreastEW,n_selected_features,3.8,1.5362291495737217,8.0,1.0
PSO,BreastEW,accuracy,0.943670745670531,0.030694175579352636,0.9722091026191496,0.8048733361957922
PSO,BreastEW,fitness,0.0603955914158039,0.029462132650777774,0.0330685439625973,0.1942865082772769
PSO,BreastEW,n_selected_features,4.166666666666667,1.3682917167849196,7.0,1.0
RG-SCSO,BreastEW,accuracy,0.9741788321167884,0.0014798587415208117,0.9780163160154572,0.9707707170459424
RG-SCSO,BreastEW,fitness,0.03056295620437949,0.0011826721054897314,0.0279983183054244,0.0327981608701874
RG-SCSO,BreastEW,n_selected_features,4.5,1.2315302134607444,7.0,3.0
RIME,BreastEW,accuracy,0.9475336338915128,0.026856660323161963,0.9750858737655644,0.8447509660798627
RIME,BreastEW,fitness,0.05675651726221709,0.02540472200898539,0.0313316516387577,0.154807654692047
RIME,BreastEW,n_selected_features,4.333333333333333,1.4907119849998598,7.0,1.0
SCSO,BreastEW,accuracy,0.9581758980964649,0.017808602762203446,0.9750858737655644,0.8785208243881495
SCSO,BreastEW,fitness,0.046591046069684935,0.016899468486895608,0.0313316516387577,0.1224866060779542
SCSO,BreastEW,n_selected_features,4.666666666666667,1.2995725793078619,7.0,2.0
SSA,BreastEW,accuracy,0.8214208530127379,0.3231568656616383,0.9706741090596824,0.0
SSA,BreastEW,fitness,0.18308965181368567,0.32124015719099325,0.0356992986975811,1.0
SSA,BreastEW,n_selected_features,4.466666666666667,2.8836705005176224,9.0,0.0
WOA,BreastEW,accuracy,0.9099592099613568,0.17149638192052094,0.9736367539716616,0.0
WOA,BreastEW,fitness,0.09443667843455303,0.17030526724624095,0.0349885024569437,1.0
WOA,BreastEW,n_selected_features,4.466666666666667,2.604269997949948,9.0,0.0
AOA,ColonCancer,accuracy,0.7701282051282052,0.03262251642179244,0.8243589743589744,0.7076923076923076
AOA,ColonCancer,fitness,0.23752774358974355,0.03230082766322136,0.1836946153846153,0.2993846153846154
AOA,ColonCancer,n_selected_features,1990.9333333333334,16.47408739674388,2000.0,1929.0
COA,ColonCancer,accuracy,0.7762820512820513,0.040580855455474796,0.8564102564102564,0.676923076923077
COA,ColonCancer,fitness,0.22432743589743584,0.03968288030825764,0.1451788461538461,0.3211461538461538
COA,ColonCancer,n_selected_features,569.3333333333334,278.3122147676758,1042.0,91.0
ECL-SCSO,ColonCancer,accuracy,0.7726923076923078,0.02963018093394626,0.823076923076923,0.6948717948717948
ECL-SCSO,ColonCancer,fitness,0.229986282051282,0.029331864253153404,0.1802438461538462,0.306971923076923
ECL-SCSO,ColonCancer,n_selected_features,990.3333333333334,38.284316487158144,1071.0,882.0
GA,ColonCancer,accuracy,0.749017094017094,0.030020599497430328,0.8076923076923077,0.6923076923076923
GA,ColonCancer,fitness,0.25349841025641023,0.029712172927709776,0.1956196153846153,0.3095553846153846
GA,ColonCancer,n_selected_features,1005.0666666666667,25.60199644992988,1061.0,953.0
GWO,ColonCancer,accuracy,0.7647008547008548,0.0329942206890087,0.841025641025641,0.7217948717948718
GWO,ColonCancer,fitness,0.23792932051282045,0.032668978199726965,0.1621846153846153,0.2803930769230769
GWO,ColonCancer,n_selected_features,996.6333333333333,22.861150938266913,1058.0,957.0
HHO,ColonCancer,accuracy,0.38995726495726496,0.3498285612706077,0.8371794871794872,0.0
HHO,ColonCancer,fitness,0.608428141025641,0.3509979095605536,0.1621073076923076,1.0
HHO,ColonCancer,n_selected_features,30.5,70.19057391606559,282.0,0.0
OOA,ColonCancer,accuracy,0.12051282051282051,0.27267355144670335,0.8551282051282051,0.0
OOA,ColonCancer,fitness,0.8791189743589743,0.2733851814721015,0.1456080769230769,1.0
OOA,ColonCancer,n_selected_features,18.666666666666668,79.71839324912553,437.0,0.0
PSO,ColonCancer,accuracy,0.7689743589743591,0.03711075285153857,0.823076923076923,0.6782051282051282
PSO,ColonCancer,fitness,0.23368905128205122,0.03672573720984834,0.1802638461538462,0.323546923076923
PSO,ColonCancer,n_selected_features,994.7333333333333,26.121425858648852,1064.0,949.0
RG-SCSO,ColonCancer,accuracy,0.880940170940171,0.021223617992660253,0.917948717948718,0.8371794871794872
RG-SCSO,ColonCancer,fitness,0.12068489743589737,0.021012529155674736,0.0840107692307692,0.1638723076923076
RG-SCSO,ColonCancer,n_selected_features,563.1333333333333,17.661131208265104,604.0,530.0
RIME,ColonCancer,accuracy,0.7775641025641026,0.02949414633417267,0.8538461538461538,0.7256410256410256
RIME,ColonCancer,fitness,0.22522937179487174,0.029204285979304127,0.1497923076923077,0.2766653846153846
RIME,ColonCancer,n_selected_features,1003.5666666666667,23.241748834562532,1040.0,944.0
SCSO,ColonCancer,accuracy,0.7810256410256411,0.04018148615888225,0.8397435897435898,0.6923076923076923
SCSO,ColonCancer,fitness,0.221768282051282,0.03979042045613827,0.1635388461538461,0.3095453846153846
SCSO,ColonCancer,n_selected_features,996.7333333333333,24.422576076700473,1047.0,934.0
SSA,ColonCancer,accuracy,0.2833333333333333,0.35449185480912476,0.8717948717948719,0.0
SSA,ColonCancer,fitness,0.716022,0.3549884523312616,0.1273830769230768,1.0
SSA,ColonCancer,n_selected_features,104.4,252.13139431653488,971.0,0.0
WOA,ColonCancer,accuracy,0.2844871794871795,0.3516643297079683,0.8371794871794872,0.0
WOA,ColonCancer,fitness,0.7144445256410257,0.35289106732627196,0.1617473076923076,1.0
WOA,ColonCancer,n_selected_features,17.366666666666667,41.38154446395424,152.0,0.0
AOA,Diabetes,accuracy,0.7291251450074979,0.02314139434195186,0.760427807486631,0.651056786350904
AOA,Diabetes,fitness,0.277416106442577,0.02157009962099052,0.2459264705882353,0.347953781512605
AOA,Diabetes,n_selected_features,7.4,1.2806248474865698,8.0,2.0
COA,Diabetes,accuracy,0.6989607560195795,0.04948552538472604,0.7616840675664205,0.5768695356930651
COA,Diabetes,fitness,0.30327885154061623,0.047684903749371926,0.2396827731092437,0.4201491596638655
COA,Diabetes,n_selected_features,4.2,1.6,7.0,1.0
ECL-SCSO,Diabetes,accuracy,0.7097623291740939,0.04135599206680704,0.757796451914099,0.5936932348697054
ECL-SCSO,Diabetes,fitness,0.29296029411764707,0.03997526659657148,0.247281512605042,0.4047436974789917
ECL-SCSO,Diabetes,n_selected_features,4.5,1.3354150416006754,7.0,1.0
GA,Diabetes,accuracy,0.6441776306482189,0.022003141604383793,0.6731941261353027,0.5793905440964264
GA,Diabetes,fitness,0.3564724789915966,0.020828425472447506,0.3297878151260502,0.4176533613445378
GA,Diabetes,n_selected_features,3.3666666666666667,1.168569876197207,6.0,1.0
GWO,Diabetes,accuracy,0.6562473474238181,0.12681422207226548,0.7513114336643748,0.0
GWO,Diabetes,fitness,0.34489845938375346,0.1263676232570666,0.2524516806722689,1.0
GWO,Diabetes,n_selected_features,3.4,1.3316656236958786,6.0,0.0
HHO,Diabetes,accuracy,0.6565642418583596,0.13323099040129324,0.7565232153467447,0.0
HHO,Diabetes,fitness,0.34500140056022405,0.13199661863126988,0.2497920168067227,1.0
HHO,Diabetes,n_selected_features,3.7333333333333334,1.8961950204437188,7.0,0.0
OOA,Diabetes,accuracy,0.6934083128200775,0.1349914571074494,0.7616840675664205,0.0
OOA,Diabetes,fitness,0.3096507703081232,0.1339601712505911,0.2396827731092437,1.0
OOA,Diabetes,n_selected_features,4.633333333333334,2.008039397577204,8.0,0.0
PSO,Diabetes,accuracy,0.6737328466740231,0.04563857765224804,0.7513708513708514,0.5625328919446567
PSO,Diabetes,fitness,0.3278378151260504,0.04432575860971812,0.2524432773109243,0.4343424369747898
PSO,Diabetes,n_selected_features,3.8666666666666667,1.4079141387961918,6.0,1.0
RG-SCSO,Diabetes,accuracy,0.7600251817898876,0.005020936797033204,0.7708513708513708,0.7499108734402853
RG-SCSO,Diabetes,fitness,0.24328340336134452,0.005414166012940605,0.2318571428571429,0.2523802521008402
RG-SCSO,Diabetes,n_selected_features,4.566666666666666,1.2023125864580955,7.0,3.0
RIME,Diabetes,accuracy,0.6705882352941176,0.035685884734649204,0.7331126389949919,0.6108140225787284
RIME,Diabetes,fitness,0.33070098039215684,0.03483143284357614,0.270468487394958,0.3865441176470588
RIME,Diabetes,n_selected_features,3.6666666666666665,1.1642832797715321,6.0,1.0
SCSO,Diabetes,accuracy,0.6936652236652237,0.04767994877554964,0.7604957134368899,0.6185043714455479
SCSO,Diabetes,fitness,0.3082297619047619,0.04665364975071152,0.2408592436974789,0.3801806722689075
SCSO,Diabetes,n_selected_features,3.966666666666667,1.3034143197344767,7.0,2.0
SSA,Diabetes,accuracy,0.6604232804232805,0.18198393641282887,0.7643918173329938,0.0
SSA,Diabetes,fitness,0.34380595238095235,0.18030746951194832,0.2420021008403361,1.0
SSA,Diabetes,n_selected_features,5.566666666666666,2.445176658012441,8.0,0.0
WOA,Diabetes,accuracy,0.6882058682058682,0.13597581868928743,0.7577879636703166,0.0
WOA,Diabetes,fitness,0.3162178571428571,0.13420016645285254,0.2485399159663865,1.0
WOA,Diabetes,n_selected_features,5.766666666666667,2.5519056060564274,8.0,0.0
AOA,GermanCredit,accuracy,0.7412666666666666,0.005955016559357521,0.754,0.7310000000000001
AOA,GermanCredit,fitness,0.26609599999999994,0.005923058669302551,0.25304,0.2763099999999999
AOA,GermanCredit,n_selected_features,19.9,0.3,20.0,19.0
COA,GermanCredit,accuracy,0.7081,0.02445860448458443,0.752,0.648
COA,GermanCredit,fitness,0.2942643333333333,0.02356631447403027,0.2520199999999999,0.3529799999999999
COA,GermanCredit,n_selected_features,10.566666666666666,2.9403325586667157,20.0,6.0
ECL-SCSO,GermanCredit,accuracy,0.7093666666666666,0.018352989462815633,0.745,0.6729999999999999
ECL-SCSO,GermanCredit,fitness,0.292827,0.01797811246117529,0.25745,0.3297300000000001
ECL-SCSO,GermanCredit,n_selected_features,10.2,2.574231276841043,17.0,6.0
GA,GermanCredit,accuracy,0.6693,0.016468454693747064,0.6900000000000001,0.623
GA,GermanCredit,fitness,0.3313429999999999,0.016046340839373098,0.31289,0.37623
GA,GermanCredit,n_selected_features,7.9,2.196208854670551,13.0,3.0
GWO,GermanCredit,accuracy,0.6995,0.022826519664635697,0.741,0.658
GWO,GermanCredit,fitness,0.3024283333333333,0.02203355760097664,0.26241,0.34108
GWO,GermanCredit,n_selected_features,9.866666666666667,2.276449477195183,14.0,5.0
HHO,GermanCredit,accuracy,0.6687,0.18067671866255117,0.748,0.0
HHO,GermanCredit,fitness,0.334987,0.17937464018361127,0.25948,1.0
HHO,GermanCredit,n_selected_features,12.666666666666666,6.315765107165472,20.0,0.0
OOA,GermanCredit,accuracy,0.6592,0.22029319856349022,0.748,0.0
OOA,GermanCredit,fitness,0.3461753333333333,0.21840124228482666,0.25948,1.0
OOA,GermanCredit,n_selected_features,15.566666666666666,6.322886120189805,20.0,0.0
PSO,GermanCredit,accuracy,0.7090666666666666,0.02421285241813161,0.751,0.65
PSO,GermanCredit,fitness,0.29329066666666664,0.023449314692663294,0.25301,0.3515
PSO,GermanCredit,n_selected_features,10.533333333333333,2.045048220023729,15.0,7.0
RG-SCSO,GermanCredit,accuracy,0.7609666666666667,0.006750226333653989,0.775,0.7420000000000001
RG-SCSO,GermanCredit,fitness,0.24059299999999997,0.00621717521601788,0.2272499999999999,0.2569199999999998
RG-SCSO,GermanCredit,n_selected_features,7.9,1.7767010628315238,11.0,3.0
RIME,GermanCredit,accuracy,0.7050333333333333,0.026667687480461354,0.7550000000000001,0.6519999999999999
RIME,GermanCredit,fitness,0.29681699999999994,0.025611009891581122,0.2485499999999998,0.3475200000000001
RIME,GermanCredit,n_selected_features,9.6,2.4711670657134186,14.0,4.0
SCSO,GermanCredit,accuracy,0.7099333333333333,0.025501546794045434,0.752,0.659
SCSO,GermanCredit,fitness,0.2923993333333333,0.024478250881593274,0.2520199999999999,0.3425899999999999
SCSO,GermanCredit,n_selected_features,10.466666666666667,2.334285520001546,15.0,6.0
SSA,GermanCredit,accuracy,0.6900999999999999,0.13126013611654277,0.757,0.0
SSA,GermanCredit,fitness,0.312801,0.1303711181806257,0.2455699999999999,1.0
SSA,GermanCredit,n_selected_features,11.333333333333334,5.242984730941803,20.0,0.0
WOA,GermanCredit,accuracy,0.6980000000000001,0.1336071355379894,0.748,0.0
WOA,GermanCredit,fitness,0.30743,0.13201989971212674,0.25948,1.0
WOA,GermanCredit,n_selected_features,16.233333333333334,5.696100030332645,20.0,0.0
AOA,HeartDisease,accuracy,0.8197212806026365,0.009975241818381747,0.844858757062147,0.8046892655367233
AOA,HeartDisease,fitness,0.18839900912646668,0.009950953614380571,0.1635898305084745,0.2033576271186439
AOA,HeartDisease,n_selected_features,12.9,0.5385164807134504,13.0,10.0
COA,HeartDisease,accuracy,0.777497175141243,0.030478673978593253,0.8485310734463276,0.7240112994350282
COA,HeartDisease,fitness,0.22545728378965663,0.02952294023997346,0.1584157757496741,0.2770749674054759
COA,HeartDisease,n_selected_features,6.733333333333333,2.0965580258021848,11.0,1.0
ECL-SCSO,HeartDisease,accuracy,0.7678342749529191,0.032902075820883885,0.8184745762711865,0.7041242937853107
ECL-SCSO,HeartDisease,fitness,0.23443381138635372,0.032156946422607635,0.1858640156453715,0.2967631029986962
ECL-SCSO,HeartDisease,n_selected_features,5.966666666666667,1.5162087220725546,8.0,2.0
GA,HeartDisease,accuracy,0.6887758945386064,0.06216952050534848,0.7843502824858757,0.4848022598870057
GA,HeartDisease,fitness,0.3121118644067797,0.060458714545450896,0.2211855280312907,0.5108149934810952
GA,HeartDisease,n_selected_features,5.2,2.006655592438988,10.0,1.0
GWO,HeartDisease,accuracy,0.7470772128060263,0.04468500824520637,0.8047457627118645,0.6262711864406779
GWO,HeartDisease,fitness,0.2549063798348544,0.04365408669937201,0.1972037809647978,0.3715299869621904
GWO,HeartDisease,n_selected_features,5.866666666666666,1.6069294390925266,9.0,2.0
HHO,HeartDisease,accuracy,0.5866610169491525,0.32809106928105436,0.844858757062147,0.0
HHO,HeartDisease,fitness,0.4166671316818774,0.32583962848840786,0.1635898305084745,1.0
HHO,HeartDisease,n_selected_features,6.666666666666667,5.055250296034367,13.0,0.0
OOA,HeartDisease,accuracy,0.7454199623352166,0.20121959053650157,0.8419774011299435,0.0
OOA,HeartDisease,fitness,0.2588291090830073,0.19985220628383726,0.1602885267275098,1.0
OOA,HeartDisease,n_selected_features,7.966666666666667,3.9283867200445304,13.0,0.0
PSO,HeartDisease,accuracy,0.7539943502824858,0.03459574476542959,0.8046327683615819,0.6496045197740113
PSO,HeartDisease,fitness,0.24821225988700563,0.03358882652955613,0.1987981747066492,0.349199217731421
PSO,HeartDisease,n_selected_features,6.066666666666666,1.7113996870657915,9.0,3.0
RG-SCSO,HeartDisease,accuracy,0.848864406779661,0.006580637266421971,0.8651977401129944,0.8383050847457628
RG-SCSO,HeartDisease,fitness,0.15372680139069966,0.006230511789564592,0.1373003911342893,0.1639241199478486
RG-SCSO,HeartDisease,n_selected_features,5.333333333333333,1.043498389499902,8.0,3.0
RIME,HeartDisease,accuracy,0.7695047080979284,0.03853486371595066,0.831638418079096,0.6770056497175141
RIME,HeartDisease,fitness,0.23349803129074315,0.037577610135116395,0.1720625814863103,0.3236105606258149
RIME,HeartDisease,n_selected_features,6.9,1.8138357147217055,11.0,4.0
SCSO,HeartDisease,accuracy,0.7759058380414313,0.04781907405608358,0.8384745762711864,0.6535593220338983
SCSO,HeartDisease,fitness,0.2270327075184702,0.04660824116736675,0.1652947848761408,0.3475916558018252
SCSO,HeartDisease,n_selected_features,6.733333333333333,1.9310331143946984,10.0,2.0
SSA,HeartDisease,accuracy,0.6164689265536724,0.3410681914197764,0.8553107344632768,0.0
SSA,HeartDisease,fitness,0.38761883963494126,0.3387037970763723,0.1524731421121252,1.0
SSA,HeartDisease,n_selected_features,7.266666666666667,4.760485502784587,13.0,0.0
WOA,HeartDisease,accuracy,0.7299077212806027,0.20236215127861307,0.8553107344632768,0.0
WOA,HeartDisease,fitness,0.27469904823989566,0.20030481945911902,0.1524731421121252,1.0
WOA,HeartDisease,n_selected_features,8.633333333333333,4.8199815582865275,13.0,0.0
AOA,IonosphereEW,accuracy,0.8406371562709591,0.006656224996554413,0.8548490945674043,0.8260362173038229
AOA,IonosphereEW,fitness,0.1676711760760642,0.006437291804487742,0.1536993963782697,0.1798712036927447
AOA,IonosphereEW,n_selected_features,33.666666666666664,1.4452988925785866,34.0,26.0
COA,IonosphereEW,accuracy,0.8323165660630448,0.15668383574946826,0.9088933601609656,0.0
COA,IonosphereEW,fitness,0.16913405057797762,0.15635322942593838,0.0925485146171145,1.0
COA,IonosphereEW,n_selected_features,9.5,4.333974311568232,16.0,0.0
ECL-SCSO,IonosphereEW,accuracy,0.8464399731723675,0.01744312615040509,0.8831388329979879,0.8145674044265594
ECL-SCSO,IonosphereEW,fitness,0.15664207361817967,0.017425778740991445,0.1198102023908155,0.1876959166765297
ECL-SCSO,IonosphereEW,n_selected_features,15.7,2.672701504720146,23.0,9.0
GA,IonosphereEW,accuracy,0.8288464118041582,0.012948628888483865,0.8575452716297788,0.8088531187122736
GA,IonosphereEW,fitness,0.1753734248629029,0.012846071569963266,0.1475007693218131,0.1945295301219079
GA,IonosphereEW,n_selected_features,20.166666666666668,2.9221377258590824,27.0,16.0
GWO,IonosphereEW,accuracy,0.8417773306505701,0.015230209333349936,0.8688531187122738,0.8090140845070424
GWO,IonosphereEW,fitness,0.16172867795005322,0.015520678579671796,0.1345412948277901,0.1949584092792045
GWO,IonosphereEW,n_selected_features,17.3,3.446254004954752,26.0,10.0
HHO,IonosphereEW,accuracy,0.0843326626425218,0.253222336002261,0.8831790744466801,0.0
HHO,IonosphereEW,fitness,0.9156577228074329,0.25323152891412476,0.1188880104154337,1.0
HHO,IonosphereEW,n_selected_features,0.5,2.0289570391377603,11.0,0.0
OOA,IonosphereEW,accuracy,0.0844279007377599,0.2535101200560321,0.8832193158953722,0.0
OOA,IonosphereEW,fitness,0.9154752017990295,0.2537947562412994,0.116495230204758,1.0
OOA,IonosphereEW,n_selected_features,0.2,0.6531972647421809,3.0,0.0
PSO,IonosphereEW,accuracy,0.8487042253521128,0.013261122129110365,0.8802414486921529,0.8231388329979878
PSO,IonosphereEW,fitness,0.15459654239160453,0.013425825364733156,0.1223844952065333,0.1798712036927447
PSO,IonosphereEW,n_selected_features,16.366666666666667,3.664999621039847,26.0,10.0
RG-SCSO,IonosphereEW,accuracy,0.9140563380281691,0.006753654529272327,0.9259557344064384,0.9030985915492956
RG-SCSO,IonosphereEW,fitness,0.08734893123446555,0.006793882178976594,0.0748142502071251,0.0988735708367852
RG-SCSO,IonosphereEW,n_selected_features,7.7,1.7349351572897471,11.0,4.0
RIME,IonosphereEW,accuracy,0.8513615023474178,0.01872605258705554,0.8833400402414486,0.8090140845070423
RIME,IonosphereEW,fitness,0.15219132836233085,0.018895764682555338,0.1194364066753462,0.1939167002012073
RIME,IonosphereEW,n_selected_features,17.133333333333333,3.694440267332643,26.0,10.0
SCSO,IonosphereEW,accuracy,0.8510744466800805,0.023159717399905657,0.8944466800804829,0.8035412474849096
SCSO,IonosphereEW,fitness,0.1523578664141713,0.02359363271208487,0.1068507278967925,0.2000824002840571
SCSO,IonosphereEW,n_selected_features,16.733333333333334,3.60493488922554,23.0,6.0
SSA,IonosphereEW,accuracy,0.2525070422535211,0.3875137107431999,0.9117505030181086,0.0
SSA,IonosphereEW,fitness,0.7474101850317592,0.3875799287488777,0.0885434726003078,1.0
SSA,IonosphereEW,n_selected_features,1.3333333333333333,2.736583433569839,13.0,0.0
WOA,IonosphereEW,accuracy,0.19183501006036216,0.34824859353214105,0.8631790744466802,0.0
WOA,IonosphereEW,fitness,0.8079166733735748,0.3486821438481014,0.1360409515919042,1.0
WOA,IonosphereEW,n_selected_features,0.5666666666666667,1.2827920936595905,6.0,0.0
AOA,KrVsKpEW,accuracy,0.9299969353155972,0.00959112209494292,0.9405540884194054,0.8814192097026604
AOA,KrVsKpEW,fitness,0.07926493879946342,0.009353516845861371,0.0688514524647887,0.1265378395372233
AOA,KrVsKpEW,n_selected_features,34.86666666666667,0.5617433182117573,35.0,32.0
COA,KrVsKpEW,accuracy,0.8529421296296297,0.09560294231587545,0.945868544600939,0.5375493935837247
COA,KrVsKpEW,fitness,0.15138729166666662,0.09379246190190554,0.0584472837022131,0.4598261003521126
COA,KrVsKpEW,n_selected_features,20.3,4.927135746726151,33.0,7.0
ECL-SCSO,KrVsKpEW,accuracy,0.8018981970526865,0.08973642043995568,0.9283489827856024,0.6323547535211269
ECL-SCSO,KrVsKpEW,fitness,0.2012064992035546,0.0886841442381034,0.0755069039235412,0.3691116511569414
ECL-SCSO,KrVsKpEW,n_selected_features,17.8,2.7976180344476385,24.0,13.0
GA,KrVsKpEW,accuracy,0.620108225743349,0.044825275295609465,0.7365478286384977,0.5337905907668231
GA,KrVsKpEW,fitness,0.38022618984741785,0.04369248473687613,0.266531935362173,0.4635473151408451
GA,KrVsKpEW,n_selected_features,14.466666666666667,3.2937651538761665,20.0,7.0
GWO,KrVsKpEW,accuracy,0.6817389964788733,0.07447816028620872,0.8329166666666665,0.5466221635367762
GWO,KrVsKpEW,fitness,0.3196402982478202,0.07311702042247813,0.1716982142857144,0.4517012009557344
GWO,KrVsKpEW,n_selected_features,15.966666666666667,2.960668092771555,22.0,10.0
HHO,KrVsKpEW,accuracy,0.8454848395931143,0.1814239655768876,0.9405540884194054,0.0
HHO,KrVsKpEW,fitness,0.16037000880281688,0.1791181898228121,0.0688514524647887,1.0
HHO,KrVsKpEW,n_selected_features,24.733333333333334,9.132116707289475,35.0,0.0
OOA,KrVsKpEW,accuracy,0.9191081279342723,0.04759184538401646,0.9483729460093896,0.7049462050078248
OOA,KrVsKpEW,fitness,0.08835914382126084,0.04614507682159691,0.057967926307847,0.2963889713279677
OOA,KrVsKpEW,n_selected_features,28.966666666666665,7.217956004915027,35.0,15.0
PSO,KrVsKpEW,accuracy,0.7553515095200835,0.0948373373895146,0.9339769170579032,0.5988732394366197
PSO,KrVsKpEW,fitness,0.24720200557511735,0.09345142329386173,0.0713628521126759,0.401686921529175
PSO,KrVsKpEW,n_selected_features,17.5,2.6299556396765835,23.0,13.0
RG-SCSO,KrVsKpEW,accuracy,0.9434817586071987,0.005308168089171244,0.9590116392801252,0.9349217527386544
RG-SCSO,KrVsKpEW,fitness,0.06033401135982556,0.005144825722966041,0.0448641913983902,0.0678560362173036
RG-SCSO,KrVsKpEW,n_selected_features,15.333333333333334,3.5245173034363475,26.0,9.0
RIME,KrVsKpEW,accuracy,0.7824586756651016,0.10173048939503386,0.9383568075117372,0.5719693857589985
RIME,KrVsKpEW,fitness,0.220327815853454,0.10034530721484188,0.0655981891348087,0.4277503080985915
RIME,KrVsKpEW,n_selected_features,17.366666666666667,2.344970978261541,24.0,13.0
SCSO,KrVsKpEW,accuracy,0.8296940532081378,0.09695669341214655,0.936486208920188,0.6013761737089202
SCSO,KrVsKpEW,fitness,0.17399336351441977,0.0955388506235858,0.0677357960261568,0.398637588028169
SCSO,KrVsKpEW,n_selected_features,18.866666666666667,2.8134597128012255,25.0,13.0
SSA,KrVsKpEW,accuracy,0.8518261117631717,0.17376884924467995,0.9405540884194054,0.0
SSA,KrVsKpEW,fitness,0.15424453030684102,0.17176827886417587,0.0688514524647887,1.0
SSA,KrVsKpEW,n_selected_features,25.266666666666666,8.996048515258735,35.0,0.0
WOA,KrVsKpEW,accuracy,0.8824994457485655,0.09352341689796022,0.9383616979655712,0.5660225938967136
WOA,KrVsKpEW,fitness,0.12510650108987253,0.09074205427952083,0.0696455105633802,0.4316376320422535
WOA,KrVsKpEW,n_selected_features,30.733333333333334,6.9662679311729665,35.0,7.0
AOA,Leukemia,accuracy,0.9625396825396826,0.01528036465421339,0.9866666666666668,0.9304761904761906
AOA,Leukemia,fitness,0.046965953247722944,0.015184665154905607,0.0212509661159338,0.0788285714285713
AOA,Leukemia,n_selected_features,3528.233333333333,145.18854025790816,3571.0,2875.0
COA,Leukemia,accuracy,0.9460000000000001,0.03388669930847024,0.9866666666666668,0.8057142857142857
COA,Leukemia,fitness,0.05536357509567806,0.0331157105526197,0.0146001680201623,0.1925108773052766
COA,Leukemia,n_selected_features,679.7666666666667,377.504673996083,1457.0,60.0
ECL-SCSO,Leukemia,accuracy,0.9660952380952381,0.0131864930092727,0.9866666666666668,0.943809523809524
ECL-SCSO,Leukemia,fitness,0.0382148321798615,0.01307081244696167,0.0180445813497619,0.0603891426971235
ECL-SCSO,Leukemia,n_selected_features,1660.2,202.04824506373058,1833.0,879.0
GA,Leukemia,accuracy,0.9526031746031747,0.0170574297093449,0.9857142857142858,0.916190476190476
GA,Leukemia,fitness,0.05201424144230631,0.016855059905003716,0.0192786734408128,0.0880876425171021
GA,Leukemia,n_selected_features,1818.1333333333334,29.62851479384157,1880.0,1759.0
GWO,Leukemia,accuracy,0.960126984126984,0.015152005489214115,0.9857142857142858,0.9295238095238096
GWO,Leukemia,fitness,0.0444735389580082,0.014984307802813485,0.0190798495819497,0.0747196223546824
GWO,Leukemia,n_selected_features,1785.2333333333333,33.915270241523295,1880.0,1725.0
HHO,Leukemia,accuracy,0.0453015873015873,0.17403723866873042,0.8323809523809524,0.0
HHO,Leukemia,fitness,0.9544889624088224,0.17470843749138865,0.1660660719286313,1.0
HHO,Leukemia,n_selected_features,1.5,7.894090616826404,44.0,0.0
OOA,Leukemia,accuracy,0.05107936507936508,0.1911215232094827,0.7666666666666666,0.0
OOA,Leukemia,fitness,0.948765602005574,0.19170160258689856,0.2310112013441613,1.0
OOA,Leukemia,n_selected_features,0.3,1.1298967504452195,5.0,0.0
PSO,Leukemia,accuracy,0.9627301587301588,0.015844545896575343,0.9866666666666668,0.9295238095238094
PSO,Leukemia,fitness,0.04187203317731452,0.0156837674931479,0.0182322038644637,0.0747896307556907
PSO,Leukemia,n_selected_features,1776.5333333333333,38.30381472154206,1880.0,1711.0
RG-SCSO,Leukemia,accuracy,0.9860000000000001,0.0004364357804720239,0.9866666666666668,0.9857142857142858
RG-SCSO,Leukemia,fitness,0.016491382432558484,0.00044115389454365314,0.0157063007560907,0.0168563827659318
RG-SCSO,Leukemia,n_selected_features,939.6666666666666,17.119839043895503,975.0,895.0
RIME,Leukemia,accuracy,0.9665079365079365,0.01404900898871978,0.9857142857142858,0.9295238095238096
RIME,Leukemia,fitness,0.03810701684202094,0.013929446602977581,0.0189482337880545,0.074733624034884
RIME,Leukemia,n_selected_features,1767.6,29.489659204541514,1842.0,1716.0
SCSO,Leukemia,accuracy,0.9619047619047619,0.01601397726600234,0.9857142857142858,0.9295238095238094
SCSO,Leukemia,fitness,0.04270289768105498,0.01588829600303253,0.0189678361403367,0.0748848421810616
SCSO,Leukemia,n_selected_features,1781.4333333333334,39.05439226969939,1880.0,1723.0
SSA,Leukemia,accuracy,0.05555555555555555,0.20812626746731547,0.8733333333333333,0.0
SSA,Leukemia,fitness,0.9443393073835527,0.20851333665952407,0.1255484178101372,1.0
SSA,Leukemia,n_selected_features,2.1333333333333333,9.649640177517272,53.0,0.0
WOA,Leukemia,accuracy,0.14987301587301585,0.2758366078227608,0.8209523809523811,0.0
WOA,Leukemia,fitness,0.8492938744649358,0.27724178066808397,0.1772767452094249,1.0
WOA,Leukemia,n_selected_features,0.5333333333333333,1.384035966135113,7.0,0.0
AOA,Lymphography,accuracy,0.8085210727969349,0.017114005448290278,0.8510344827586207,0.7772413793103449
AOA,Lymphography,fitness,0.19950858237547892,0.017030580999241304,0.1563647509578544,0.2305310344827585
AOA,Lymphography,n_selected_features,17.9,0.39581140290126393,18.0,16.0
COA,Lymphography,accuracy,0.7842222222222223,0.028026592342002294,0.8248275862068966,0.7085057471264368
COA,Lymphography,fitness,0.2195459259259259,0.026935950121921442,0.1789762452107279,0.2923141762452107
COA,Lymphography,n_selected_features,10.666666666666666,2.8790430508918914,16.0,4.0
ECL-SCSO,Lymphography,accuracy,0.7688582375478927,0.048370377586607664,0.8452873563218392,0.6560919540229885
ECL-SCSO,Lymphography,fitness,0.2339970114942528,0.04708967416088798,0.1598321839080458,0.3438022988505748
ECL-SCSO,Lymphography,n_selected_features,9.3,2.2531459488161585,13.0,4.0
GA,Lymphography,accuracy,0.6984137931034483,0.05874722576419427,0.8039080459770116,0.5599999999999999
GA,Lymphography,fitness,0.3031629374201788,0.05769055717034728,0.1985754789272029,0.4389333333333334
GA,Lymphography,n_selected_features,8.266666666666667,1.9310331143946984,13.0,5.0
GWO,Lymphography,accuracy,0.7353563218390805,0.05995090253497076,0.8317241379310346,0.5599999999999999
GWO,Lymphography,fitness,0.2663120561941251,0.058796915883638404,0.1721486590038313,0.4389333333333334
GWO,Lymphography,n_selected_features,7.766666666666667,2.1398338460938713,13.0,4.0
HHO,Lymphography,accuracy,0.6974482758620689,0.24548577976558209,0.8577011494252874,0.0
HHO,Lymphography,fitness,0.3066373180076628,0.24324695908441746,0.1499923371647508,1.0
HHO,Lymphography,n_selected_features,11.0,6.60807586719967,18.0,0.0
OOA,Lymphography,accuracy,0.8053946360153257,0.032226066166771504,0.8652873563218391,0.6825287356321839
OOA,Lymphography,fitness,0.20097412515964236,0.0304931229935741,0.1422544061302682,0.315407662835249
OOA,Lymphography,n_selected_features,14.966666666666667,4.498024257629368,18.0,2.0
PSO,Lymphography,accuracy,0.7628122605363984,0.04737349252869064,0.8517241379310345,0.5947126436781609
PSO,Lymphography,fitness,0.2396121583652618,0.046550463282667154,0.1534597701149424,0.4056789272030651
PSO,Lymphography,n_selected_features,8.633333333333333,2.5230052626888346,14.0,4.0
RG-SCSO,Lymphography,accuracy,0.8650957854406129,0.007560873370477503,0.8793103448275861,0.851264367816092
RG-SCSO,Lymphography,fitness,0.13788850574712638,0.007304497260309714,0.1242819923371647,0.1502268199233716
RG-SCSO,Lymphography,n_selected_features,7.8,1.7397317800933185,12.0,5.0
RIME,Lymphography,accuracy,0.751471264367816,0.06428539742578712,0.8317241379310344,0.5825287356321839
RIME,Lymphography,fitness,0.25087678160919535,0.06311575733857,0.1721486590038315,0.4166298850574713
RIME,Lymphography,n_selected_features,8.7,1.7349351572897471,11.0,3.0
SCSO,Lymphography,accuracy,0.7601302681992337,0.07055073870724812,0.8579310344827586,0.5406896551724139
SCSO,Lymphography,fitness,0.2426747381864623,0.06935625895902565,0.1473149425287356,0.4580505747126436
SCSO,Lymphography,n_selected_features,9.366666666666667,2.258071940591993,16.0,6.0
SSA,Lymphography,accuracy,0.7686513409961685,0.14772931416942842,0.8719540229885059,0.0
SSA,Lymphography,fitness,0.23670183908045977,0.14637270900847202,0.1350988505747125,1.0
SSA,Lymphography,n_selected_features,13.2,4.894895300208167,18.0,0.0
WOA,Lymphography,accuracy,0.8001455938697318,0.03266884159558954,0.8577011494252874,0.6894252873563218
WOA,Lymphography,fitness,0.20707808429118774,0.03146951548952963,0.1508758620689654,0.3108022988505747
WOA,Lymphography,n_selected_features,16.6,2.4027761721253467,18.0,6.0
AOA,M-of-n,accuracy,0.8618,0.03378303321688764,0.91,0.711
AOA,M-of-n,fitness,0.14648466666666668,0.03297837734732946,0.0975615384615385,0.2930330769230769
AOA,M-of-n,n_selected_features,12.566666666666666,0.9551032521262935,13.0,9.0
COA,M-of-n,accuracy,0.7995,0.06207616289688014,0.977,0.679
COA,M-of-n,fitness,0.2042129487179487,0.06082653081711868,0.0281546153846154,0.3224053846153846
COA,M-of-n,n_selected_features,7.433333333333334,2.1084486134491294,12.0,4.0
ECL-SCSO,M-of-n,accuracy,0.7618666666666667,0.062015983602795685,0.915,0.658
ECL-SCSO,M-of-n,fitness,0.240803282051282,0.061091366904447164,0.0910730769230768,0.3439646153846153
ECL-SCSO,M-of-n,n_selected_features,6.566666666666666,1.54236470683457,9.0,4.0
GA,M-of-n,accuracy,0.5913666666666667,0.05390020614266908,0.694,0.438
GA,M-of-n,fitness,0.40811110256410255,0.05245680642380689,0.3083246153846154,0.5571492307692308
GA,M-of-n,n_selected_features,4.633333333333334,1.8526257642120338,7.0,1.0
GWO,M-of-n,accuracy,0.7113333333333334,0.08108568855777751,0.825,0.548
GWO,M-of-n,fitness,0.2901902564102564,0.07947155131973344,0.1794038461538462,0.4490184615384615
GWO,M-of-n,n_selected_features,5.733333333333333,1.8785337071473829,10.0,2.0
HHO,M-of-n,accuracy,0.6733666666666667,0.2775759935985499,0.8780000000000001,0.0
HHO,M-of-n,fitness,0.3298285384615384,0.2755118535931071,0.1307799999999999,1.0
HHO,M-of-n,n_selected_features,6.666666666666667,4.213734158149462,13.0,0.0
OOA,M-of-n,accuracy,0.8233666666666667,0.08640466165407718,0.99,0.631
OOA,M-of-n,fitness,0.18145674358974356,0.08376835370633683,0.0152846153846153,0.3671761538461538
OOA,M-of-n,n_selected_features,8.566666666666666,3.5088776299868627,13.0,2.0
PSO,M-of-n,accuracy,0.7185666666666666,0.07468229747105774,0.905,0.542
PSO,M-of-n,fitness,0.28331130769230767,0.07308692877820747,0.1017423076923076,0.4549584615384615
PSO,M-of-n,n_selected_features,6.1,2.071231517720798,10.0,2.0
RG-SCSO,M-of-n,accuracy,0.9939666666666667,0.018993829407351084,1.0,0.8960000000000001
RG-SCSO,M-of-n,fitness,0.01087043589743587,0.019515506069463603,0.0046153846153846,0.1114215384615383
RG-SCSO,M-of-n,n_selected_features,6.366666666666666,0.9480975102218594,11.0,6.0
RIME,M-of-n,accuracy,0.7535000000000001,0.07134645517940373,0.892,0.5599999999999999
RIME,M-of-n,fitness,0.24908628205128203,0.0696074722054159,0.1161507692307692,0.4402153846153847
RIME,M-of-n,n_selected_features,6.566666666666666,2.1860669909426127,12.0,2.0
SCSO,M-of-n,accuracy,0.7697666666666667,0.10268939683444547,0.988,0.561
SCSO,M-of-n,fitness,0.23370023076923072,0.10078255036186479,0.0172646153846155,0.4392253846153846
SCSO,M-of-n,n_selected_features,7.5,2.1252450839060106,11.0,4.0
SSA,M-of-n,accuracy,0.7531666666666667,0.21500822981664885,0.916,0.0
SSA,M-of-n,fitness,0.2509803846153846,0.21305676225669007,0.0908523076923076,1.0
SSA,M-of-n,n_selected_features,7.733333333333333,3.7499629627800624,13.0,0.0
WOA,M-of-n,accuracy,0.7462666666666667,0.2227853875120379,0.904,0.0
WOA,M-of-n,fitness,0.2584267692307692,0.22031389731945372,0.1035015384615383,1.0
WOA,M-of-n,n_selected_features,8.533333333333333,4.047495796442811,13.0,0.0
AOA,Parkinsons,accuracy,0.9056410256410257,0.01641025641025639,0.928205128205128,0.8615384615384615
AOA,Parkinsons,fitness,0.10338508158508151,0.01620293140171098,0.0810769230769231,0.1470769230769231
AOA,Parkinsons,n_selected_features,21.933333333333334,0.24944382578492943,22.0,21.0
COA,Parkinsons,accuracy,0.8974358974358975,0.0423504057888463,0.9538461538461538,0.7230769230769231
COA,Parkinsons,fitness,0.10650815850815847,0.04085441054383552,0.0502377622377622,0.2755174825174825
COA,Parkinsons,n_selected_features,10.933333333333334,3.5490217744549772,20.0,3.0
ECL-SCSO,Parkinsons,accuracy,0.8823931623931623,0.04033463646393469,0.9384615384615383,0.7692307692307692
ECL-SCSO,Parkinsons,fitness,0.12120349650349646,0.03959399444948697,0.0668321678321678,0.2320979020979021
ECL-SCSO,Parkinsons,n_selected_features,10.5,2.6801741236966925,15.0,5.0
GA,Parkinsons,accuracy,0.8779487179487179,0.026856653919306455,0.923076923076923,0.8153846153846154
GA,Parkinsons,fitness,0.12569440559440553,0.026288807828070245,0.0811538461538462,0.1868601398601398
GA,Parkinsons,n_selected_features,10.7,1.9174636024359542,16.0,7.0
GWO,Parkinsons,accuracy,0.8844444444444445,0.024297568425615583,0.9333333333333332,0.8358974358974359
GWO,Parkinsons,fitness,0.11912727272727265,0.023859434974298457,0.071,0.1665524475524475
GWO,Parkinsons,n_selected_features,10.4,1.8547236990991407,16.0,7.0
HHO,Parkinsons,accuracy,0.7654700854700854,0.3051086205977557,0.9435897435897436,0.0
HHO,Parkinsons,fitness,0.23788158508158505,0.3034143081306204,0.0585734265734265,1.0
HHO,Parkinsons,n_selected_features,9.6,7.369305711304604,22.0,0.0
OOA,Parkinsons,accuracy,0.7418803418803418,0.3342691225643626,0.9538461538461538,0.0
OOA,Parkinsons,fitness,0.26159906759906754,0.332499712114939,0.0511468531468532,1.0
OOA,Parkinsons,n_selected_features,9.666666666666666,7.55571895248155,22.0,0.0
PSO,Parkinsons,accuracy,0.8917948717948718,0.021158637116104648,0.9384615384615383,0.8307692307692307
PSO,Parkinsons,fitness,0.11232004662004655,0.020938276026174072,0.065013986013986,0.1720839160839161
PSO,Parkinsons,n_selected_features,11.433333333333334,1.7065234314893605,14.0,7.0
RG-SCSO,Parkinsons,accuracy,0.9617094017094016,0.008855954767171718,0.9794871794871796,0.9384615384615383
RG-SCSO,Parkinsons,fitness,0.041422843822843815,0.008403478538122741,0.0248531468531467,0.0636503496503496
RG-SCSO,Parkinsons,n_selected_features,7.733333333333333,1.8607047649270483,12.0,4.0
RIME,Parkinsons,accuracy,0.9042735042735043,0.025822718086539048,0.964102564102564,0.8512820512820513
RIME,Parkinsons,fitness,0.0994662004662004,0.02507061442813554,0.0414475524475525,0.1508671328671328
RIME,Parkinsons,n_selected_features,10.333333333333334,2.1343747458109497,15.0,5.0
SCSO,Parkinsons,accuracy,0.8984615384615384,0.029351975428213696,0.9435897435897436,0.8153846153846154
SCSO,Parkinsons,fitness,0.1053564102564102,0.028725988348241655,0.0613006993006993,0.1859510489510489
SCSO,Parkinsons,n_selected_features,10.633333333333333,1.9913702708325127,14.0,7.0
SSA,Parkinsons,accuracy,0.74,0.3344102262643884,0.9435897435897436,0.0
SSA,Parkinsons,fitness,0.26359696969696966,0.3325365816357885,0.064027972027972,1.0
SSA,Parkinsons,n_selected_features,9.966666666666667,7.516574278811385,22.0,0.0
WOA,Parkinsons,accuracy,0.7504273504273505,0.3007400714024565,0.9384615384615383,0.0
WOA,Parkinsons,fitness,0.2526678321678321,0.2989100607010672,0.0686503496503496,1.0
WOA,Parkinsons,n_selected_features,9.366666666666667,7.993678057620841,22.0,0.0
AOA,Sonar,accuracy,0.806906697638405,0.013808305442901672,0.8368176538908246,0.7782810685249709
AOA,Sonar,fitness,0.20107348044909018,0.013721631416627258,0.1713838559814169,0.2295017421602788
AOA,Sonar,n_selected_features,59.46666666666667,1.586050300449376,60.0,52.0
COA,Sonar,accuracy,0.8200309717382888,0.0237075089640511,0.8752613240418118,0.7639953542392567
COA,Sonar,fitness,0.18284156020131628,0.023313724707017588,0.1283246225319396,0.2383112659698025
COA,Sonar,n_selected_features,28.033333333333335,6.675743820396013,46.0,13.0
ECL-SCSO,Sonar,accuracy,0.8120325203252032,0.025199622939689914,0.8606271777003485,0.7551684088269454
ECL-SCSO,Sonar,fitness,0.190910027100271,0.02478898449740424,0.1426457607433217,0.2467166085946574
ECL-SCSO,Sonar,n_selected_features,28.933333333333334,3.182591536608003,36.0,19.0
GA,Sonar,accuracy,0.7938250096786682,0.024421584188375794,0.8414634146341463,0.7499419279907084
GA,Sonar,fitness,0.20924101819589624,0.024115611352892845,0.1619512195121951,0.2522241579558654
GA,Sonar,n_selected_features,30.766666666666666,3.373260868786891,37.0,22.0
GWO,Sonar,accuracy,0.8019434765776229,0.023013753542290825,0.8464576074332172,0.7500580720092914
GWO,Sonar,fitness,0.20104262485481997,0.022721634387804078,0.1566736353077816,0.2524425087108015
GWO,Sonar,n_selected_features,29.8,3.7004504230341113,38.0,23.0
HHO,Sonar,accuracy,0.5863221060782036,0.33188085829762737,0.8747967479674796,0.0
HHO,Sonar,fitness,0.41410778164924505,0.3311834915217016,0.1304512195121951,1.0
HHO,Sonar,n_selected_features,13.4,14.134119474991477,46.0,0.0
OOA,Sonar,accuracy,0.6261749903213317,0.3475388286019185,0.8607433217189314,0.0
OOA,Sonar,fitness,0.37562564847077046,0.346402773288796,0.1401974448315912,1.0
OOA,Sonar,n_selected_features,19.233333333333334,14.01590366532089,47.0,0.0
PSO,Sonar,accuracy,0.8198838559814169,0.02304564647364478,0.870150987224158,0.7743321718931474
PSO,Sonar,fitness,0.1831260936895083,0.023015553993231182,0.1338838559814169,0.228411149825784
PSO,Sonar,n_selected_features,28.866666666666667,4.616877251514876,40.0,22.0
RG-SCSO,Sonar,accuracy,0.8939643825009679,0.008515106377073008,0.913704994192799,0.8754936120789779
RG-SCSO,Sonar,fitness,0.10815303910181959,0.00838326639220151,0.0885987224157956,0.1255946573751452
RG-SCSO,Sonar,n_selected_features,19.066666666666666,3.7052515284240677,33.0,14.0
RIME,Sonar,accuracy,0.8146767324816104,0.027230963279112546,0.870383275261324,0.7641114982578399
RIME,Sonar,fitness,0.18848114595431667,0.026890080340384544,0.1334872241579559,0.2381962833914052
RIME,Sonar,n_selected_features,30.066666666666666,3.129785225148134,39.0,23.0
SCSO,Sonar,accuracy,0.8121641502129308,0.026540368407175205,0.8560975609756097,0.7644599303135887
SCSO,Sonar,fitness,0.19103526906697638,0.026182279104580805,0.1474634146341463,0.2380063879210221
SCSO,Sonar,n_selected_features,30.466666666666665,4.063933507767512,39.0,24.0
SSA,Sonar,accuracy,0.6096167247386759,0.33942545983812605,0.8696864111498257,0.0
SSA,Sonar,fitness,0.3917627758420441,0.33847647947331766,0.1345104529616725,1.0
SSA,Sonar,n_selected_features,17.7,14.823742217582351,60.0,0.0
WOA,Sonar,accuracy,0.5304761904761904,0.33314801065875427,0.8362369337979094,0.0
WOA,Sonar,fitness,0.4704230158730158,0.33172002236682757,0.1641254355400696,1.0
WOA,Sonar,n_selected_features,17.566666666666666,21.833740454219527,60.0,0.0
AOA,SpectEW,accuracy,0.79809690193338,0.01600775516320997,0.827393431167016,0.760377358490566
AOA,SpectEW,fitness,0.2097780064798932,0.015667506647861672,0.1808805031446541,0.2472264150943396
AOA,SpectEW,n_selected_features,21.766666666666666,0.9551032521262935,22.0,17.0
COA,SpectEW,accuracy,0.8066061029583041,0.024775172541354744,0.846470999301188,0.729979035639413
COA,SpectEW,fitness,0.1961569277682485,0.024378911342531246,0.156084619782733,0.2700480274442538
COA,SpectEW,n_selected_features,10.333333333333334,2.844097201026872,16.0,5.0
ECL-SCSO,SpectEW,accuracy,0.7875541579315164,0.028282936891105222,0.8241788958770091,0.6998602375960866
ECL-SCSO,SpectEW,fitness,0.21506380789022295,0.02779554451339326,0.1790926243567753,0.3007747284162379
ECL-SCSO,SpectEW,n_selected_features,10.433333333333334,2.4857370916669543,15.0,6.0
GA,SpectEW,accuracy,0.7846284649429304,0.020512900322315772,0.8201956673654788,0.7416491963661775
GA,SpectEW,fitness,0.2182329712216504,0.02018166318504174,0.1821663807890222,0.2594036592338479
GA,SpectEW,n_selected_features,11.033333333333333,2.121058435991071,16.0,7.0
GWO,SpectEW,accuracy,0.7953552294432797,0.02078824803505041,0.8350803633822501,0.7338923829489867
GWO,SpectEW,fitness,0.2075074137602439,0.020624899163637564,0.1659977129788451,0.2675374499714122
GWO,SpectEW,n_selected_features,10.8,2.6507860469428057,17.0,6.0
HHO,SpectEW,accuracy,0.5465478686233404,0.3593954758846361,0.8423480083857442,0.0
HHO,SpectEW,fitness,0.4553267009719839,0.35804245934685086,0.1610754716981132,1.0
HHO,SpectEW,n_selected_features,7.5,6.652067347825035,22.0,0.0
OOA,SpectEW,accuracy,0.6617423713021198,0.2978969242151053,0.8578616352201257,0.0
OOA,SpectEW,fitness,0.3404659615018106,0.2967349676116452,0.1457169811320755,1.0
OOA,SpectEW,n_selected_features,8.633333333333333,6.129074608418105,22.0,0.0
PSO,SpectEW,accuracy,0.7986023759608666,0.022810770045321564,0.8352201257861636,0.7532494758909852
PSO,SpectEW,fitness,0.2042018296169239,0.02283736159499962,0.1665214408233276,0.2483739279588337
PSO,SpectEW,n_selected_features,10.6,2.1228911104120876,15.0,7.0
RG-SCSO,SpectEW,accuracy,0.8594852084789192,0.005871620341975499,0.8763801537386442,0.8501048218029352
RG-SCSO,SpectEW,fitness,0.14307934057556693,0.005709472501867781,0.1264745568896513,0.1524871355060032
RG-SCSO,SpectEW,n_selected_features,8.733333333333333,1.3148721948877347,12.0,7.0
RIME,SpectEW,accuracy,0.7976077335196833,0.022998119678193076,0.8578616352201258,0.7455625436757513
RIME,SpectEW,fitness,0.20512591957308934,0.022683196607665126,0.1448078902229845,0.2564385363064608
RIME,SpectEW,n_selected_features,10.466666666666667,2.565584187319181,15.0,5.0
SCSO,SpectEW,accuracy,0.7997297926857675,0.022059018991404993,0.8387141858839972,0.7640810621942699
SCSO,SpectEW,fitness,0.20322205069563556,0.021677559965886994,0.1664911377930246,0.2394688393367637
SCSO,SpectEW,n_selected_features,10.9,2.055075018906447,15.0,5.0
SSA,SpectEW,accuracy,0.5859026321919404,0.3538327458975789,0.8318658280922431,0.0
SSA,SpectEW,fitness,0.41641093958452446,0.35238089665068856,0.1705437392795884,1.0
SSA,SpectEW,n_selected_features,8.333333333333334,7.077350414448114,22.0,0.0
WOA,SpectEW,accuracy,0.6639832285115304,0.2650151492703384,0.8275331935709295,0.0
WOA,SpectEW,fitness,0.33768690680388785,0.2640808059410639,0.1794088050314464,1.0
WOA,SpectEW,n_selected_features,8.133333333333333,7.168139383565461,21.0,0.0
AOA,TicTacToe,accuracy,0.7732106239092497,0.21038857542035008,0.8559500436300175,0.0
AOA,TicTacToe,fitness,0.23426222307058361,0.2082523250909879,0.1526094568062827,1.0
AOA,TicTacToe,n_selected_features,8.166666666666666,2.252159457547849,9.0,0.0
COA,TicTacToe,accuracy,0.6963559845840606,0.1962280115870645,0.8559500436300175,0.0
COA,TicTacToe,fitness,0.30820016785437265,0.19439036853854108,0.1526094568062827,1.0
COA,TicTacToe,n_selected_features,6.233333333333333,2.304825855075004,9.0,0.0
ECL-SCSO,TicTacToe,accuracy,0.7163899796393253,0.04533872444807241,0.7954024869109947,0.6315445026178012
ECL-SCSO,TicTacToe,fitness,0.2869591053422532,0.043682775151396395,0.210329315735893,0.3681042757417102
ECL-SCSO,TicTacToe,n_selected_features,5.566666666666666,1.5638272140986533,8.0,2.0
GA,TicTacToe,accuracy,0.6125987129144852,0.16400606345819801,0.6847458551483421,0.0
GA,TicTacToe,fitness,0.38674949643688183,0.16414168805244583,0.3165460478475858,1.0
GA,TicTacToe,n_selected_features,2.3,1.2151817422372122,4.0,0.0
GWO,TicTacToe,accuracy,0.6503503126817917,0.1793709594384055,0.7703206806282722,0.0
GWO,TicTacToe,fitness,0.3515235608153965,0.17852154875263304,0.2329380817335661,1.0
GWO,TicTacToe,n_selected_features,4.233333333333333,1.8381754238616317,8.0,0.0
HHO,TicTacToe,accuracy,0.7366433973240256,0.20686637248606263,0.8559500436300175,0.0
HHO,TicTacToe,fitness,0.269093407019585,0.20460673237113836,0.1526094568062827,1.0
HHO,TicTacToe,n_selected_features,6.933333333333334,2.719477073916152,9.0,0.0
OOA,TicTacToe,accuracy,0.7285643906340895,0.2040646162771955,0.8528141361256545,0.0
OOA,TicTacToe,fitness,0.27720273475373275,0.2019802361004956,0.155714005235602,1.0
OOA,TicTacToe,n_selected_features,7.033333333333333,2.344970978261541,9.0,0.0
PSO,TicTacToe,accuracy,0.6473916521233275,0.17929779909826005,0.805900959860384,0.0
PSO,TicTacToe,fitness,0.354378560694202,0.17841286737396364,0.1999358275159976,1.0
PSO,TicTacToe,n_selected_features,4.166666666666667,1.8454147380888546,7.0,0.0
RG-SCSO,TicTacToe,accuracy,0.8201788830715533,0.016691379398016487,0.8559500436300175,0.8016306719022687
RG-SCSO,TicTacToe,fitness,0.18631920205545857,0.015678005572440718,0.1526094568062827,0.2041634125945318
RG-SCSO,TicTacToe,n_selected_features,7.466666666666667,0.8459051693633013,9.0,7.0
RIME,TicTacToe,accuracy,0.6614143397324026,0.18296808904633577,0.7985165794066319,0.0
RIME,TicTacToe,fitness,0.3410886925538103,0.1818073616692725,0.2083574752763233,1.0
RIME,TicTacToe,n_selected_features,4.7,2.208317610006918,8.0,0.0
SCSO,TicTacToe,accuracy,0.668300974403723,0.1872279933452864,0.812107329842932,0.0
SCSO,TicTacToe,fitness,0.33423388719216596,0.1858700397389152,0.1949026323443862,1.0
SCSO,TicTacToe,n_selected_features,4.666666666666667,2.3285665595430642,8.0,0.0
SSA,TicTacToe,accuracy,0.755190154159395,0.21091487248465218,0.8559500436300175,0.0
SSA,TicTacToe,fitness,0.2516580436784952,0.20864221713027145,0.1526094568062827,1.0
SSA,TicTacToe,n_selected_features,7.766666666666667,2.3900255693657804,9.0,0.0
WOA,TicTacToe,accuracy,0.7287465459569518,0.20091676759630434,0.8559500436300175,0.0
WOA,TicTacToe,fitness,0.27746684542854366,0.1990054329185995,0.1526094568062827,1.0
WOA,TicTacToe,n_selected_features,7.433333333333334,2.1860669909426127,9.0,0.0
AOA,Vote,accuracy,0.921554116558742,0.006483717951142729,0.9308973172987974,0.9051803885291396
AOA,Vote,fitness,0.08759892460684543,0.00626809881596918,0.0784116558741905,0.1037798334875115
AOA,Vote,n_selected_features,15.9,0.5385164807134504,16.0,13.0
COA,Vote,accuracy,0.8609250693802035,0.10479011452596125,0.970027752081406,0.5
COA,Vote,fitness,0.14060084798026518,0.10310653187321739,0.0311972710453285,0.495625
COA,Vote,n_selected_features,4.666666666666667,2.6624967396954475,13.0,1.0
ECL-SCSO,Vote,accuracy,0.8869287696577243,0.054999479349412975,0.9567067530064756,0.719703977798335
ECL-SCSO,Vote,fitness,0.11614885137218622,0.053779517730612854,0.0453603145235893,0.2799930619796484
ECL-SCSO,Vote,n_selected_features,6.733333333333333,2.3795424396766327,13.0,3.0
GA,Vote,accuracy,0.8753160653715695,0.021289021339643242,0.9181313598519888,0.8357076780758558
GA,Vote,fitness,0.1297912619488128,0.020222497795179522,0.0872999537465309,0.1676493987049027
GA,Vote,n_selected_features,10.166666666666666,2.05074512203627,13.0,5.0
GWO,Vote,accuracy,0.8824082639531298,0.038205948388278205,0.9441258094357076,0.7979648473635523
GWO,Vote,fitness,0.12154081868640146,0.03774883058092011,0.0584404486586494,0.2025148011100832
GWO,Vote,n_selected_features,8.2,2.0720360357226735,13.0,4.0
HHO,Vote,accuracy,0.1459481961147086,0.2959464443514335,0.9051803885291396,0.0
HHO,Vote,fitness,0.8539696191797718,0.29588257931811734,0.1019964153561516,1.0
HHO,Vote,n_selected_features,0.7333333333333333,2.42120263964465,13.0,0.0
OOA,Vote,accuracy,0.31538390379278447,0.4466786699682814,0.9700277520814062,0.0
OOA,Vote,fitness,0.6851866019118101,0.445894338277827,0.0302975254394078,1.0
OOA,Vote,n_selected_features,1.2,2.5871477215909673,13.0,0.0
PSO,Vote,accuracy,0.8987357385137218,0.032352726873865915,0.956891766882516,0.818686401480111
PSO,Vote,fitness,0.10548078553808199,0.03184541506046472,0.046427150786309,0.1826254625346901
PSO,Vote,n_selected_features,8.366666666666667,2.258071940591993,13.0,5.0
RG-SCSO,Vote,accuracy,0.9740024668516806,0.0013276133316525345,0.9782608695652174,0.9698427382053656
RG-SCSO,Vote,fitness,0.02761255781683618,0.0011141453078819309,0.0233967391304347,0.0304806891766881
RG-SCSO,Vote,n_selected_features,3.0,0.7302967433402214,5.0,1.0
RIME,Vote,accuracy,0.895541165587419,0.03972634243020398,0.9698427382053654,0.819241443108233
RIME,Vote,fitness,0.10814341273512176,0.0397014686235578,0.0311056891766882,0.1827009713228493
RIME,Vote,n_selected_features,7.566666666666666,2.6793448618811446,14.0,2.0
SCSO,Vote,accuracy,0.8929602220166512,0.05378427601114193,0.9654949121184088,0.6887141535615171
SCSO,Vote,fitness,0.11046938020351524,0.05331233006224133,0.0360350370027752,0.3100479879740981
SCSO,Vote,n_selected_features,7.2,2.4684678108764824,13.0,3.0
SSA,Vote,accuracy,0.3159358618563059,0.42201853973079173,0.9697502312673448,0.0
SSA,Vote,fitness,0.6845984967622571,0.4211071645061371,0.0311972710453285,1.0
SSA,Vote,n_selected_features,1.6666666666666667,3.2180049029725786,13.0,0.0
WOA,Vote,accuracy,0.15273203823620107,0.31280537869917724,0.9698427382053656,0.0
WOA,Vote,fitness,0.8472327821461609,0.3126082298150493,0.0304806891766881,1.0
WOA,Vote,n_selected_features,0.7,2.41039415863879,13.0,0.0
AOA,WDBC,accuracy,0.9650354499818868,0.003466052346269335,0.9718987734823784,0.9578015836050304
AOA,WDBC,fitness,0.04451490451793196,0.0034834043251057096,0.037486880919112,0.0517764322310199
AOA,WDBC,n_selected_features,29.7,0.6403124237432849,30.0,27.0
COA,WDBC,accuracy,0.949443150649485,0.01692517503904888,0.968421052631579,0.9034156186927496
COA,WDBC,fitness,0.05480683641256527,0.015744914483029147,0.0359298245614034,0.0979518708275111
COA,WDBC,n_selected_features,14.266666666666667,4.296768811819205,24.0,5.0
ECL-SCSO,WDBC,accuracy,0.9549531646224706,0.011615594523831322,0.9754075454122032,0.9244527247321844
ECL-SCSO,WDBC,fitness,0.04955192257930961,0.01090787505747308,0.0303465300419189,0.0777918025151374
ECL-SCSO,WDBC,n_selected_features,14.866666666666667,2.6923760675078228,20.0,9.0
GA,WDBC,accuracy,0.9502680743155825,0.008397933222765051,0.9648812296227296,0.931423691973296
GA,WDBC,fitness,0.05406793976090664,0.008359008495955948,0.0387675826734978,0.0728905449464368
GA,WDBC,n_selected_features,14.5,1.9958289839896939,20.0,11.0
GWO,WDBC,accuracy,0.9553651089375356,0.009845447104420448,0.9736376339077782,0.9384567613724576
GWO,WDBC,fitness,0.04889965326295084,0.009718930720653754,0.0314320757646328,0.0669278062412668
GWO,WDBC,n_selected_features,14.133333333333333,2.717024516308644,19.0,8.0
HHO,WDBC,accuracy,0.7988329969466439,0.3574440832040054,0.975376494333178,0.0
HHO,WDBC,fitness,0.20585533302282252,0.355304802438913,0.029710603943487,1.0
HHO,WDBC,n_selected_features,15.1,10.060980734169673,30.0,0.0
OOA,WDBC,accuracy,0.7239657403094757,0.40274360728227543,0.9736686849868031,0.0
OOA,WDBC,fitness,0.2789850282047301,0.4009302342143107,0.0307346685297314,1.0
OOA,WDBC,n_selected_features,10.133333333333333,8.61677949635993,28.0,0.0
PSO,WDBC,accuracy,0.9577726025979402,0.006405799138001754,0.9666356155876416,0.9455208818506444
PSO,WDBC,fitness,0.04679401231692799,0.006216721772282945,0.0380307405682347,0.0596009936345286
PSO,WDBC,n_selected_features,14.966666666666667,1.7978382080215733,20.0,11.0
RG-SCSO,WDBC,accuracy,0.9793857061532889,0.001976723670729525,0.9824561403508772,0.9753609687936654
RG-SCSO,WDBC,fitness,0.02434148424157737,0.0018885290521110849,0.0213684210526315,0.0280593075609379
RG-SCSO,WDBC,n_selected_features,11.8,2.1039645117412666,17.0,8.0
RIME,WDBC,accuracy,0.9555452051958806,0.010374859995058033,0.9666356155876418,0.9279459711224964
RIME,WDBC,fitness,0.04879913574496711,0.009910595942149622,0.0380307405682346,0.0750001552553951
RIME,WDBC,n_selected_features,14.366666666666667,2.287405128573035,20.0,10.0
SCSO,WDBC,accuracy,0.9618718625472236,0.009508296454168839,0.9754230709517157,0.9385033379909952
SCSO,WDBC,fitness,0.04255796718935977,0.009375058267421178,0.0293311597578016,0.065215028722248
SCSO,WDBC,n_selected_features,14.433333333333334,2.011356645539412,19.0,11.0
SSA,WDBC,accuracy,0.797665476375304,0.35695295607450345,0.9736686849868031,0.0
SSA,WDBC,fitness,0.2066334006106712,0.35498902148023664,0.0317346685297314,1.0
SSA,WDBC,n_selected_features,13.966666666666667,9.368327254934872,30.0,0.0
WOA,WDBC,accuracy,0.7975485173109765,0.32209937515464593,0.9718987734823784,0.0
WOA,WDBC,fitness,0.20589363452879986,0.3201546862645395,0.0358202142524453,1.0
WOA,WDBC,n_selected_features,12.4,10.435835695653063,29.0,0.0
AOA,WaveformEW,accuracy,0.77246,0.004682776953902474,0.7802,0.7565999999999999
AOA,WaveformEW,fitness,0.23520626666666664,0.004653436944405249,0.227602,0.250716
AOA,WaveformEW,n_selected_features,39.766666666666666,1.085766498326822,40.0,34.0
COA,WaveformEW,accuracy,0.7627,0.022270383921252922,0.796,0.7066
COA,WaveformEW,fitness,0.24018533333333328,0.021724210631356818,0.2082099999999999,0.294716
COA,WaveformEW,n_selected_features,21.033333333333335,5.049642451588913,35.0,12.0
ECL-SCSO,WaveformEW,accuracy,0.74066,0.03986226787326582,0.7924,0.6428
ECL-SCSO,WaveformEW,fitness,0.26209659999999996,0.03926876713165311,0.211024,0.3586279999999999
ECL-SCSO,WaveformEW,n_selected_features,21.4,3.2,26.0,16.0
GA,WaveformEW,accuracy,0.60976,0.05137733352364641,0.6884,0.4814
GA,WaveformEW,fitness,0.3907959333333333,0.050415862605555244,0.314484,0.5169139999999999
GA,WaveformEW,n_selected_features,17.833333333333332,2.7938424357067015,24.0,12.0
GWO,WaveformEW,accuracy,0.6837133333333333,0.06416210061676249,0.775,0.4588
GWO,WaveformEW,fitness,0.31778213333333327,0.06301899745723948,0.2277499999999999,0.539038
GWO,WaveformEW,n_selected_features,18.633333333333333,2.9493878837631526,23.0,11.0
HHO,WaveformEW,accuracy,0.67256,0.2013165891491972,0.7932,0.0
HHO,WaveformEW,fitness,0.33035726666666665,0.19943562225138106,0.2117319999999999,1.0
HHO,WaveformEW,n_selected_features,22.1,12.389108119634763,40.0,0.0
OOA,WaveformEW,accuracy,0.7201466666666667,0.19341891622991675,0.8009999999999999,0.0
OOA,WaveformEW,fitness,0.28392979999999995,0.1922678886133269,0.20301,1.0
OOA,WaveformEW,n_selected_features,24.833333333333332,9.434275571317363,40.0,0.0
PSO,WaveformEW,accuracy,0.7073933333333334,0.06346489808460176,0.8026,0.5324000000000001
PSO,WaveformEW,fitness,0.29423059999999995,0.06241127843405654,0.200426,0.4661739999999998
PSO,WaveformEW,n_selected_features,18.2,2.9821692328460054,26.0,12.0
RG-SCSO,WaveformEW,accuracy,0.8197733333333334,0.006456569436542035,0.8392,0.8122
RG-SCSO,WaveformEW,fitness,0.1824244,0.006396020521126131,0.162442,0.189974
RG-SCSO,WaveformEW,n_selected_features,16.0,2.8751811537130436,26.0,12.0
RIME,WaveformEW,accuracy,0.72564,0.04921293596877418,0.792,0.5916
RIME,WaveformEW,fitness,0.2766664,0.04838202548440209,0.2124199999999999,0.409066
RIME,WaveformEW,n_selected_features,20.2,3.727376199598497,29.0,12.0
SCSO,WaveformEW,accuracy,0.7177666666666667,0.08089736845053876,0.8068000000000002,0.5274
SCSO,WaveformEW,fitness,0.28449433333333324,0.07973364428994549,0.1965179999999998,0.472374
SCSO,WaveformEW,n_selected_features,20.333333333333332,2.913569784454954,26.0,15.0
SSA,WaveformEW,accuracy,0.7257666666666667,0.14055417065633055,0.8030000000000002,0.0
SSA,WaveformEW,fitness,0.27794933333333327,0.13936281487238825,0.2015299999999998,1.0
SSA,WaveformEW,n_selected_features,24.5,9.92555623966066,40.0,0.0
WOA,WaveformEW,accuracy,0.7565733333333334,0.06269334325818725,0.7939999999999999,0.4897999999999999
WOA,WaveformEW,fitness,0.24940073333333326,0.06002363519921873,0.21144,0.5063479999999999
WOA,WaveformEW,n_selected_features,33.63333333333333,9.931375646013105,40.0,5.0
AOA,Zoo,accuracy,0.9299206349206348,0.013339614922427809,0.9504761904761904,0.8904761904761905
AOA,Zoo,fitness,0.07935773809523808,0.013144950275978078,0.0590285714285714,0.1178035714285713
AOA,Zoo,n_selected_features,15.966666666666667,0.17950549357115014,16.0,15.0
COA,Zoo,accuracy,0.8811111111111111,0.0435085127044419,0.9604761904761904,0.7714285714285715
COA,Zoo,fitness,0.12307499999999998,0.04217981190466506,0.0472535714285714,0.2312857142857142
COA,Zoo,n_selected_features,8.6,2.8237091446063163,13.0,2.0
ECL-SCSO,Zoo,accuracy,0.8763174603174604,0.04940552622599951,0.940952380952381,0.7614285714285715
ECL-SCSO,Zoo,fitness,0.1274873809523809,0.04862434464988073,0.0633035714285714,0.2405607142857142
ECL-SCSO,Zoo,n_selected_features,8.066666666666666,1.18133634311129,10.0,6.0
GA,Zoo,accuracy,0.7510952380952381,0.09570671611858848,0.8714285714285713,0.4752380952380952
GA,Zoo,fitness,0.2505198809523809,0.09408648484151573,0.1316607142857143,0.5207642857142857
GA,Zoo,n_selected_features,6.566666666666666,1.6868774571839993,10.0,2.0
GWO,Zoo,accuracy,0.8293015873015873,0.07855052471646863,0.9304761904761903,0.5547619047619048
GWO,Zoo,fitness,0.1739705952380952,0.07695771725193443,0.0757035714285715,0.4432857142857143
GWO,Zoo,n_selected_features,7.966666666666667,1.87053171287976,11.0,4.0
HHO,Zoo,accuracy,0.7558095238095238,0.3072043349325666,0.9600000000000002,0.0
HHO,Zoo,fitness,0.24897773809523807,0.30466328912346274,0.0464749999999998,1.0
HHO,Zoo,n_selected_features,9.433333333333334,5.30209602159582,16.0,0.0
OOA,Zoo,accuracy,0.8758730158730158,0.16826617206415467,0.9804761904761904,0.0
OOA,Zoo,fitness,0.12980238095238095,0.1667256217030131,0.0274535714285714,1.0
OOA,Zoo,n_selected_features,10.533333333333333,4.372133981885225,16.0,0.0
PSO,Zoo,accuracy,0.8565396825396826,0.05128845305701476,0.9514285714285714,0.7623809523809524
PSO,Zoo,fitness,0.14673404761904757,0.04997468005782615,0.0537107142857143,0.2383678571428571
PSO,Zoo,n_selected_features,7.533333333333333,2.202019275321833,12.0,3.0
RG-SCSO,Zoo,accuracy,0.9807619047619048,0.004339346952340749,0.99,0.9704761904761906
RG-SCSO,Zoo,fitness,0.023587380952380877,0.0038452774655215478,0.0149,0.0329785714285713
RG-SCSO,Zoo,n_selected_features,7.266666666666667,2.0965580258021848,11.0,5.0
RIME,Zoo,accuracy,0.8650476190476191,0.05439471096070707,0.9399999999999998,0.6638095238095237
RIME,Zoo,fitness,0.13864452380952377,0.05356379536676776,0.0656500000000001,0.3372035714285715
RIME,Zoo,n_selected_features,8.066666666666666,1.7876116903722563,11.0,5.0
SCSO,Zoo,accuracy,0.8643015873015873,0.09095400009639429,0.9804761904761904,0.6333333333333333
SCSO,Zoo,fitness,0.13936226190476184,0.08949948307095869,0.0262035714285714,0.366125
SCSO,Zoo,n_selected_features,8.033333333333333,1.7026123718829513,12.0,5.0
SSA,Zoo,accuracy,0.7748888888888888,0.3078114031583887,0.9504761904761904,0.0
SSA,Zoo,fitness,0.23010999999999998,0.3055051462853003,0.05575,1.0
SSA,Zoo,n_selected_features,9.466666666666667,5.51200709562517,16.0,0.0
WOA,Zoo,accuracy,0.8599999999999999,0.1760488491269158,0.9604761904761904,0.0
WOA,Zoo,fitness,0.14632916666666665,0.17369146839222627,0.0485035714285714,1.0
WOA,Zoo,n_selected_features,11.833333333333334,4.803355308763055,16.0,0.0
