group,compared_with,p_value,ECL-SCSO_mean,other_mean,mark
BreastEW,AOA,0.01896664545505745,0.9484202805209673,0.9615439387433805,-
BreastEW,COA,0.718873326235798,0.9484202805209673,0.9488088593101477,=
BreastEW,GA,0.03682114583999357,0.9484202805209673,0.9398719049663663,+
BreastEW,GWO,0.11907656863331795,0.9484202805209673,0.9419182052382997,=
BreastEW,HHO,0.29417211478466565,0.9484202805209673,0.9113192357234865,=
BreastEW,OOA,0.7375046821246309,0.9484202805209673,0.9400021468441391,=
BreastEW,PSO,0.19092952087521553,0.9484202805209673,0.943670745670531,=
BreastEW,SCSO,0.12540825916695292,0.9484202805209673,0.958175898096465,=
BreastEW,SSA,0.308520769700408,0.9484202805209673,0.8214208530127379,=
BreastEW,WOA,0.11417667381465435,0.9484202805209673,0.9099592099613568,=
ColonCancer,AOA,0.5806317013445916,0.7726923076923078,0.7701282051282053,=
ColonCancer,COA,0.6650906075627044,0.7726923076923078,0.7762820512820514,=
ColonCancer,GA,0.000490817733850012,0.7726923076923078,0.749017094017094,+
ColonCancer,GWO,0.1824397928236059,0.7726923076923078,0.7647008547008547,=
ColonCancer,HHO,1.1772904943295295e-05,0.7726923076923078,0.38995726495726496,+
ColonCancer,OOA,3.1664807114176293e-06,0.7726923076923078,0.12051282051282053,+
ColonCancer,PSO,0.5590061135616096,0.7726923076923078,0.7689743589743592,=
ColonCancer,SCSO,0.12091226792267874,0.7726923076923078,0.781025641025641,=
ColonCancer,SSA,1.4920117834522899e-05,0.7726923076923078,0.2833333333333333,+
ColonCancer,WOA,3.875337092441361e-06,0.7726923076923078,0.2844871794871795,+
Diabetes,AOA,0.10634791697528832,0.7097623291740941,0.7291251450074979,=
Diabetes,COA,0.3492113798856735,0.7097623291740941,0.6989607560195796,=
Diabetes,GA,4.7124922275543213e-07,0.7097623291740941,0.6441776306482189,+
Diabetes,GWO,0.0018640067428350449,0.7097623291740941,0.656247347423818,+
Diabetes,HHO,0.019660815596580505,0.7097623291740941,0.6565642418583597,+
Diabetes,OOA,0.4771064817905426,0.7097623291740941,0.6934083128200774,=
Diabetes,PSO,0.007574619027472912,0.7097623291740941,0.673732846674023,+
Diabetes,SCSO,0.17059839516878128,0.7097623291740941,0.6936652236652235,=
Diabetes,SSA,0.39305018074810505,0.7097623291740941,0.6604232804232805,=
Diabetes,WOA,0.8450763796366518,0.7097623291740941,0.6882058682058682,=
GermanCredit,AOA,3.3365104744939865e-06,0.7093666666666665,0.7412666666666667,-
GermanCredit,COA,0.7869371467657944,0.7093666666666665,0.7080999999999998,=
GermanCredit,GA,2.3519771945519353e-06,0.7093666666666665,0.6692999999999999,+
GermanCredit,GWO,0.10199257328585419,0.7093666666666665,0.6994999999999999,=
GermanCredit,HHO,0.369483360837803,0.7093666666666665,0.6687000000000001,=
GermanCredit,OOA,0.023410143330693245,0.7093666666666665,0.6592,+
GermanCredit,PSO,0.9507951449265917,0.7093666666666665,0.7090666666666666,=
GermanCredit,SCSO,0.9589890887069709,0.7093666666666665,0.7099333333333332,=
GermanCredit,SSA,0.5698575973510742,0.7093666666666665,0.6900999999999998,=
GermanCredit,WOA,0.048312106544827406,0.7093666666666665,0.698,+
HeartDisease,AOA,2.5630832507250074e-06,0.7678342749529189,0.8197212806026365,-
HeartDisease,COA,0.3037409443409239,0.7678342749529189,0.777497175141243,=
HeartDisease,GA,2.348795533180237e-06,0.7678342749529189,0.6887758945386063,+
HeartDisease,GWO,0.1459994912147522,0.7678342749529189,0.7470772128060263,=
HeartDisease,HHO,0.07324407435953617,0.7678342749529189,0.5866610169491525,=
HeartDisease,OOA,0.0377543158627475,0.7678342749529189,0.7454199623352166,+
HeartDisease,PSO,0.13567605403850383,0.7678342749529189,0.7539943502824858,=
HeartDisease,SCSO,0.22855282202363014,0.7678342749529189,0.7759058380414313,=
HeartDisease,SSA,0.9838335812091827,0.7678342749529189,0.6164689265536722,=
HeartDisease,WOA,0.7303419969975948,0.7678342749529189,0.7299077212806026,=
IonosphereEW,AOA,0.08219836881898057,0.8464399731723673,0.840637156270959,=
IonosphereEW,COA,0.00577649287879467,0.8464399731723673,0.8323165660630447,+
IonosphereEW,GA,0.00013739429414272308,0.8464399731723673,0.8288464118041582,+
IonosphereEW,GWO,0.370740607380867,0.8464399731723673,0.84177733065057,=
IonosphereEW,HHO,1.919722783767457e-06,0.8464399731723673,0.0843326626425218,+
IonosphereEW,OOA,2.3519771945519353e-06,0.8464399731723673,0.08442790073775988,+
IonosphereEW,PSO,0.7051207826903947,0.8464399731723673,0.8487042253521128,=
IonosphereEW,SCSO,0.3546540258968237,0.8464399731723673,0.8510744466800805,=
IonosphereEW,SSA,1.971950839817986e-05,0.8464399731723673,0.2525070422535211,+
IonosphereEW,WOA,2.60770320892334e-08,0.8464399731723673,0.19183501006036216,+
KrVsKpEW,AOA,1.862645149230957e-09,0.8018981970526867,0.9299969353155972,-
KrVsKpEW,COA,0.03841841779649258,0.8018981970526867,0.8529421296296297,-
KrVsKpEW,GA,3.725290298461914e-09,0.8018981970526867,0.620108225743349,+
KrVsKpEW,GWO,6.917864084243774e-06,0.8018981970526867,0.6817389964788731,+
KrVsKpEW,HHO,0.027741437777876854,0.8018981970526867,0.8454848395931142,-
KrVsKpEW,OOA,1.862645149230957e-08,0.8018981970526867,0.9191081279342722,-
KrVsKpEW,PSO,0.06666470877826214,0.8018981970526867,0.7553515095200835,=
KrVsKpEW,SCSO,0.08406547829508781,0.8018981970526867,0.8296940532081378,=
KrVsKpEW,SSA,0.0061949919909238815,0.8018981970526867,0.8518261117631716,-
KrVsKpEW,WOA,0.0002562887966632843,0.8018981970526867,0.8824994457485655,-
Leukemia,AOA,0.340336231351539,0.9660952380952382,0.9625396825396825,=
Leukemia,COA,0.0017976925059825064,0.9660952380952382,0.946,+
Leukemia,GA,0.0014374913377156928,0.9660952380952382,0.9526031746031748,+
Leukemia,GWO,0.07707037040820955,0.9660952380952382,0.9601269841269843,=
Leukemia,HHO,1.6752383396794876e-06,0.9660952380952382,0.0453015873015873,+
Leukemia,OOA,1.6752383396794876e-06,0.9660952380952382,0.05107936507936508,+
Leukemia,PSO,0.14380197848297221,0.9660952380952382,0.962730158730159,=
Leukemia,SCSO,0.21064471207868152,0.9660952380952382,0.961904761904762,=
Leukemia,SSA,1.6762987141123663e-06,0.9660952380952382,0.05555555555555555,+
Leukemia,WOA,1.7116069924114545e-06,0.9660952380952382,0.14987301587301588,+
Lymphography,AOA,0.000283263623714447,0.7688582375478927,0.808521072796935,-
Lymphography,COA,0.12542824591441903,0.7688582375478927,0.7842222222222223,=
Lymphography,GA,7.910653948783875e-05,0.7688582375478927,0.6984137931034482,+
Lymphography,GWO,0.03871787761684298,0.7688582375478927,0.7353563218390804,+
Lymphography,HHO,0.9753858629082958,0.7688582375478927,0.6974482758620691,=
Lymphography,OOA,0.002560090273618698,0.7688582375478927,0.8053946360153258,-
Lymphography,PSO,0.8078304156661034,0.7688582375478927,0.7628122605363985,=
Lymphography,SCSO,0.9741237974374395,0.7688582375478927,0.7601302681992339,=
Lymphography,SSA,0.048312106544827406,0.7688582375478927,0.7686513409961686,+
Lymphography,WOA,0.004031794145703316,0.7688582375478927,0.8001455938697318,-
M-of-n,AOA,1.6391277313232422e-07,0.7618666666666667,0.8617999999999999,-
M-of-n,COA,0.015460003167390823,0.7618666666666667,0.7995,-
M-of-n,GA,1.7333066441991056e-06,0.7618666666666667,0.5913666666666668,+
M-of-n,GWO,0.007111456245183945,0.7618666666666667,0.7113333333333335,+
M-of-n,HHO,0.5170368097244535,0.7618666666666667,0.6733666666666664,=
M-of-n,OOA,0.0027663204818964005,0.7618666666666667,0.8233666666666665,-
M-of-n,PSO,0.07352786564949348,0.7618666666666667,0.7185666666666666,=
M-of-n,SCSO,0.7891646777424939,0.7618666666666667,0.7697666666666666,=
M-of-n,SSA,0.140283040702343,0.7618666666666667,0.7531666666666668,=
M-of-n,WOA,0.41652148499928654,0.7618666666666667,0.7462666666666667,=
Parkinsons,AOA,0.004901203490602559,0.8823931623931625,0.9056410256410258,-
Parkinsons,COA,0.10860384542499588,0.8823931623931625,0.8974358974358976,=
Parkinsons,GA,0.3874834075212411,0.8823931623931625,0.877948717948718,=
Parkinsons,GWO,0.45345734910308066,0.8823931623931625,0.8844444444444446,=
Parkinsons,HHO,0.43624542755909856,0.8823931623931625,0.7654700854700855,=
Parkinsons,OOA,0.23184645299970896,0.8823931623931625,0.741880341880342,=
Parkinsons,PSO,0.577313260820068,0.8823931623931625,0.8917948717948719,=
Parkinsons,SCSO,0.10476764250663088,0.8823931623931625,0.8984615384615385,=
Parkinsons,SSA,0.30013993784314685,0.8823931623931625,0.7400000000000001,=
Parkinsons,WOA,0.021431991793456166,0.8823931623931625,0.7504273504273506,+
Sonar,AOA,0.2665751848379295,0.8120325203252032,0.8069066976384052,=
Sonar,COA,0.06604277243784361,0.8120325203252032,0.8200309717382889,=
Sonar,GA,0.0016488594954190982,0.8120325203252032,0.7938250096786682,+
Sonar,GWO,0.0570833563859457,0.8120325203252032,0.8019434765776228,=
Sonar,HHO,0.0006665531545877457,0.8120325203252032,0.5863221060782036,+
Sonar,OOA,0.5857016572266018,0.8120325203252032,0.6261749903213318,=
Sonar,PSO,0.09568002562920959,0.8120325203252032,0.8198838559814169,=
Sonar,SCSO,0.8936220165698388,0.8120325203252032,0.8121641502129306,=
Sonar,SSA,0.0058458773140603396,0.8120325203252032,0.6096167247386759,+
Sonar,WOA,2.7623027563095093e-06,0.8120325203252032,0.5304761904761904,+
SpectEW,AOA,0.09569757283319621,0.7875541579315166,0.7980969019333801,=
SpectEW,COA,0.0050126127898693085,0.7875541579315166,0.8066061029583043,-
SpectEW,GA,0.7000329215079546,0.7875541579315166,0.7846284649429304,=
SpectEW,GWO,0.17457350073732947,0.7875541579315166,0.7953552294432797,=
SpectEW,HHO,0.0034915470036287677,0.7875541579315166,0.5465478686233404,+
SpectEW,OOA,0.5291051845997572,0.7875541579315166,0.6617423713021197,=
SpectEW,PSO,0.11907656863331795,0.7875541579315166,0.7986023759608666,=
SpectEW,SCSO,0.18396909348666668,0.7875541579315166,0.7997297926857674,=
SpectEW,SSA,0.16501539274317845,0.7875541579315166,0.5859026321919404,=
SpectEW,WOA,0.012047622352838516,0.7875541579315166,0.6639832285115304,+
TicTacToe,AOA,0.00018860027194023132,0.7163899796393252,0.7732106239092497,-
TicTacToe,COA,0.21293285302817822,0.7163899796393252,0.6963559845840606,=
TicTacToe,GA,1.4193356037139893e-06,0.7163899796393252,0.6125987129144851,+
TicTacToe,GWO,0.049710121005773544,0.7163899796393252,0.6503503126817916,+
TicTacToe,HHO,0.0050126127898693085,0.7163899796393252,0.7366433973240255,-
TicTacToe,OOA,0.019660815596580505,0.7163899796393252,0.7285643906340896,-
TicTacToe,PSO,0.054921628907322884,0.7163899796393252,0.6473916521233275,=
TicTacToe,SCSO,0.4898460879921913,0.7163899796393252,0.6683009744037229,=
TicTacToe,SSA,0.0020201820880174637,0.7163899796393252,0.755190154159395,-
TicTacToe,WOA,0.005382779985666275,0.7163899796393252,0.7287465459569518,-
Vote,AOA,0.001136754600840674,0.8869287696577245,0.921554116558742,-
Vote,COA,0.39305018074810505,0.8869287696577245,0.8609250693802034,=
Vote,GA,0.12291177665640797,0.8869287696577245,0.8753160653715693,=
Vote,GWO,0.4161298982799053,0.8869287696577245,0.8824082639531298,=
Vote,HHO,2.3519771945519353e-06,0.8869287696577245,0.1459481961147086,+
Vote,OOA,0.00022239725835124875,0.8869287696577245,0.31538390379278447,+
Vote,PSO,0.4556539795835747,0.8869287696577245,0.8987357385137218,=
Vote,SCSO,0.7765688337385654,0.8869287696577245,0.8929602220166513,=
Vote,SSA,4.421919584274292e-06,0.8869287696577245,0.31593586185630584,+
Vote,WOA,1.862645149230957e-08,0.8869287696577245,0.15273203823620105,+
WDBC,AOA,0.0001250051938269183,0.9549531646224706,0.9650354499818868,-
WDBC,COA,0.3654490375803874,0.9549531646224706,0.949443150649485,=
WDBC,GA,0.06267586766843032,0.9549531646224706,0.9502680743155825,=
WDBC,GWO,0.9753865135681143,0.9549531646224706,0.9553651089375357,=
WDBC,HHO,0.9676735773682594,0.9549531646224706,0.7988329969466439,=
WDBC,OOA,0.08588753510105192,0.9549531646224706,0.7239657403094757,=
WDBC,PSO,0.4404732431721411,0.9549531646224706,0.9577726025979404,=
WDBC,SCSO,0.017030271145764695,0.9549531646224706,0.9618718625472235,-
WDBC,SSA,0.30437241089978706,0.9549531646224706,0.7976654763753039,=
WDBC,WOA,0.005489707648079002,0.9549531646224706,0.7975485173109764,+
WaveformEW,AOA,0.0001528710126876831,0.74066,0.77246,-
WaveformEW,COA,0.03079336523849907,0.74066,0.7626999999999999,-
WaveformEW,GA,1.862645149230957e-09,0.74066,0.60976,+
WaveformEW,GWO,0.00018860027194023132,0.74066,0.6837133333333333,+
WaveformEW,HHO,0.5425279382616282,0.74066,0.6725600000000002,=
WaveformEW,OOA,0.04949202626681319,0.74066,0.7201466666666667,+
WaveformEW,PSO,0.0635564886033535,0.74066,0.7073933333333335,=
WaveformEW,SCSO,0.3284698575735092,0.74066,0.7177666666666667,=
WaveformEW,SSA,0.4399667661637068,0.74066,0.7257666666666666,=
WaveformEW,WOA,0.022098854184150696,0.74066,0.7565733333333334,-
Zoo,AOA,2.252474923536658e-05,0.8763174603174604,0.9299206349206349,-
Zoo,COA,0.7326568349097614,0.8763174603174604,0.8811111111111111,=
Zoo,GA,1.1253369783752994e-05,0.8763174603174604,0.7510952380952381,+
Zoo,GWO,0.005488467651801251,0.8763174603174604,0.8293015873015874,+
Zoo,HHO,0.2363679323076886,0.8763174603174604,0.7558095238095238,=
Zoo,OOA,0.055657319311487735,0.8763174603174604,0.8758730158730158,=
Zoo,PSO,0.15581434863817367,0.8763174603174604,0.8565396825396826,=
Zoo,SCSO,0.812997438244508,0.8763174603174604,0.8643015873015873,=
Zoo,SSA,0.797082557901191,0.8763174603174604,0.774888888888889,=
Zoo,WOA,0.29926788563541074,0.8763174603174604,0.8599999999999999,=
