config_name,function_name,run_id,best_fitness,runtime_seconds
OnlyChaoticInit,CEC2017_F1,0,53073589660.760445,0.42937095800152747
OnlyChaoticInit,CEC2017_F1,1,42473359574.85018,0.43325087500124937
OnlyChaoticInit,CEC2017_F1,2,48783237975.59214,0.43556045799778076
OnlyChaoticInit,CEC2017_F1,3,69930865379.20358,0.3918234590018983
OnlyChaoticInit,CEC2017_F1,4,45847243710.175644,0.47451420899596997
OnlyChaoticInit,CEC2017_F1,5,29858916750.982113,0.48119191699515795
OnlyChaoticInit,CEC2017_F1,6,40032432932.000114,0.4415732079942245
OnlyChaoticInit,CEC2017_F1,7,59099582625.12504,0.42492004199448274
OnlyChaoticInit,CEC2017_F1,8,36562409133.20805,0.46749720799562056
OnlyChaoticInit,CEC2017_F1,9,49981848207.072136,0.45083941600023536
OnlyChaoticInit,CEC2017_F1,10,49594565298.967964,0.4438278339948738
OnlyChaoticInit,CEC2017_F1,11,52643874414.91867,0.5342037500013248
OnlyChaoticInit,CEC2017_F1,12,60792486083.368614,0.4941000830003759
OnlyChaoticInit,CEC2017_F1,13,61638648649.65994,0.4804801659993245
OnlyChaoticInit,CEC2017_F1,14,45684039921.36257,0.5212677500021528
OnlyChaoticInit,CEC2017_F1,15,56677556686.32381,0.4429658750013914
OnlyChaoticInit,CEC2017_F1,16,67968263038.19579,0.4412497080047615
OnlyChaoticInit,CEC2017_F1,17,54843584698.094185,0.47016862500458956
OnlyChaoticInit,CEC2017_F1,18,38632650675.0256,0.49381470899970736
OnlyChaoticInit,CEC2017_F1,19,42068051456.33984,0.4821117090032203
OnlyChaoticInit,CEC2017_F1,20,51501383550.714455,0.4304700419961591
OnlyChaoticInit,CEC2017_F1,21,47056395804.10021,0.4387988750022487
OnlyChaoticInit,CEC2017_F1,22,43800535901.055916,0.4895417079969775
OnlyChaoticInit,CEC2017_F1,23,56197100057.39434,0.44119733300613007
OnlyChaoticInit,CEC2017_F1,24,64245421797.081604,0.48075433299527504
OnlyChaoticInit,CEC2017_F1,25,49568264419.79449,0.5171987909998279
OnlyChaoticInit,CEC2017_F1,26,65474300390.13628,0.4435665000055451
OnlyChaoticInit,CEC2017_F1,27,62064786543.19049,0.41772562499681953
OnlyChaoticInit,CEC2017_F1,28,42365349341.04888,0.5237935000041034
OnlyChaoticInit,CEC2017_F1,29,58221947094.68075,0.42545550000068033
OnlyChaoticInit,CEC2017_F4,0,86751.5758593961,0.5710370000015246
OnlyChaoticInit,CEC2017_F4,1,90428.49396224074,0.6049629590052064
OnlyChaoticInit,CEC2017_F4,2,60550.72401361902,0.5974461250007153
OnlyChaoticInit,CEC2017_F4,3,49367.90726636365,0.5594022919976851
OnlyChaoticInit,CEC2017_F4,4,55073.42589372412,0.5712379579999833
OnlyChaoticInit,CEC2017_F4,5,73648.13998577201,0.5372210830028052
OnlyChaoticInit,CEC2017_F4,6,75046.81624003955,0.5684087080007885
OnlyChaoticInit,CEC2017_F4,7,94274.5429471542,0.5548799999960465
OnlyChaoticInit,CEC2017_F4,8,84205.19515844826,0.5693833749974146
OnlyChaoticInit,CEC2017_F4,9,65596.34974682609,0.5929009160026908
OnlyChaoticInit,CEC2017_F4,10,95641.48582101527,0.6745142090003355
OnlyChaoticInit,CEC2017_F4,11,71977.0325645149,0.5775394999946002
OnlyChaoticInit,CEC2017_F4,12,77522.09480888394,0.5606717499977094
OnlyChaoticInit,CEC2017_F4,13,43780.21671674965,0.6013729170008446
OnlyChaoticInit,CEC2017_F4,14,84429.24312076332,0.5634514579942334
OnlyChaoticInit,CEC2017_F4,15,72978.93185055787,0.5429404169990448
OnlyChaoticInit,CEC2017_F4,16,64672.130699913665,0.5432995409937575
OnlyChaoticInit,CEC2017_F4,17,65382.86655480286,0.5667334159952588
OnlyChaoticInit,CEC2017_F4,18,44623.271101849066,0.5407929999928456
OnlyChaoticInit,CEC2017_F4,19,49223.91772103818,0.5857610829989426
OnlyChaoticInit,CEC2017_F4,20,97055.3504582578,0.6700495830009459
OnlyChaoticInit,CEC2017_F4,21,80324.30655716071,0.5578505419980502
OnlyChaoticInit,CEC2017_F4,22,87573.92272516387,0.5299539160041604
OnlyChaoticInit,CEC2017_F4,23,63385.665686073204,0.584312625003804
OnlyChaoticInit,CEC2017_F4,24,61164.17051817739,0.5569667919990025
OnlyChaoticInit,CEC2017_F4,25,85017.79532671304,0.5641338329951395
OnlyChaoticInit,CEC2017_F4,26,86743.31389235826,0.5100197920037317
OnlyChaoticInit,CEC2017_F4,27,63296.86058804589,0.5928140420001
OnlyChaoticInit,CEC2017_F4,28,98529.25463041646,0.5030048749977141
OnlyChaoticInit,CEC2017_F4,29,68813.69492377757,0.5952957079935004
Full,CEC2017_F1,0,11373804960.386593,0.6942347919975873
Full,CEC2017_F1,1,26239318461.387913,0.7649965410018922
Full,CEC2017_F1,2,11822510537.58555,0.7939153749975958
Full,CEC2017_F1,3,11610914840.374817,0.703603457994177
Full,CEC2017_F1,4,9525193975.015955,0.7271922500003711
Full,CEC2017_F1,5,16234411851.248901,0.7002409169945167
Full,CEC2017_F1,6,8088258282.352197,0.7371710000006715
Full,CEC2017_F1,7,7774157055.002658,0.7678398750067572
Full,CEC2017_F1,8,8103638186.4118,0.7842779999991762
Full,CEC2017_F1,9,11937063045.61419,0.7142916659940965
Full,CEC2017_F1,10,7915765487.0883,0.7428515419960604
Full,CEC2017_F1,11,7298447532.451973,0.7542119589998038
Full,CEC2017_F1,12,15558785542.731346,0.6992356249975273
Full,CEC2017_F1,13,12972065780.073753,0.7389187919980031
Full,CEC2017_F1,14,9868649136.486391,0.6931027500031632
Full,CEC2017_F1,15,7098183386.121149,0.6941027920038323
Full,CEC2017_F1,16,16233465541.634048,0.753239208002924
Full,CEC2017_F1,17,11629742595.599293,0.6924732499974198
Full,CEC2017_F1,18,10039137317.102276,0.7039089999962016
Full,CEC2017_F1,19,8092784911.050124,0.7124728749986389
Full,CEC2017_F1,20,8526219114.466754,0.6752443330042297
Full,CEC2017_F1,21,13950221212.115847,0.7601717920042574
Full,CEC2017_F1,22,9730348462.826965,0.6845918330000131
Full,CEC2017_F1,23,11197329014.392775,0.7108087500018883
Full,CEC2017_F1,24,29530742589.423405,0.6657889589987462
Full,CEC2017_F1,25,9680117670.981451,0.651869125002122
Full,CEC2017_F1,26,10755232985.965294,0.7467528749984922
Full,CEC2017_F1,27,13580998605.56473,0.7120807090032031
Full,CEC2017_F1,28,21591190323.24506,0.7534702089978964
Full,CEC2017_F1,29,15155680264.129662,0.7121941670047818
Full,CEC2017_F4,0,27055.698946298337,0.86705383300432
Full,CEC2017_F4,1,6333.252264400281,0.8842819579949719
Full,CEC2017_F4,2,20419.109047621663,0.8763609169982374
Full,CEC2017_F4,3,12633.386720038492,0.8758052080011112
Full,CEC2017_F4,4,4088.495602255421,0.8683354159948067
Full,CEC2017_F4,5,15484.070895372355,0.8326983340011793
Full,CEC2017_F4,6,17729.931510248258,0.9173299590038368
Full,CEC2017_F4,7,19654.990340717064,0.9734930839986191
Full,CEC2017_F4,8,7563.12693317719,0.9004930830051308
Full,CEC2017_F4,9,11625.23977980082,0.881200333002198
Full,CEC2017_F4,10,4069.253670261459,0.8650954580007237
Full,CEC2017_F4,11,13087.23647609779,0.8735171669977717
Full,CEC2017_F4,12,13151.664777184757,0.8622138330028974
Full,CEC2017_F4,13,5647.671926197769,0.8509695000029751
Full,CEC2017_F4,14,12553.61985385728,0.8560190420030267
Full,CEC2017_F4,15,12789.843973714547,0.7672062499987078
Full,CEC2017_F4,16,18797.944431927765,0.9153379579947796
Full,CEC2017_F4,17,2405.748355265071,0.78821666600561
Full,CEC2017_F4,18,14524.095301177249,0.9560438750049798
Full,CEC2017_F4,19,19084.090825190342,0.8082227919949219
Full,CEC2017_F4,20,21658.554370081165,0.8279337499989197
Full,CEC2017_F4,21,13656.82415095372,0.8140501660018344
Full,CEC2017_F4,22,22804.310452073078,0.9104108750034356
Full,CEC2017_F4,23,19123.17880340884,0.8946574169967789
Full,CEC2017_F4,24,18472.053648209214,0.8142167499972857
Full,CEC2017_F4,25,16652.768486704466,0.8127182500029448
Full,CEC2017_F4,26,16728.673916676158,0.870725417000358
Full,CEC2017_F4,27,13597.732461818265,0.7550344580013189
Full,CEC2017_F4,28,34679.33321870937,0.8513525419984944
Full,CEC2017_F4,29,12430.295438343384,0.8335399999996298
OnlyChaoticInit,CEC2017_F9,0,8019.26839689862,1.4106130420041154
OnlyChaoticInit,CEC2017_F9,1,9142.537507227706,1.3602665830039768
OnlyChaoticInit,CEC2017_F9,2,7857.3397822137895,1.4125320840030327
OnlyChaoticInit,CEC2017_F9,3,8290.285084934538,1.5784432500004186
OnlyChaoticInit,CEC2017_F9,4,9252.676697428185,1.4463115000035032
OnlyChaoticInit,CEC2017_F9,5,7902.20388277339,1.4438596250038245
OnlyChaoticInit,CEC2017_F9,6,8496.207894108324,1.3861974579995149
OnlyChaoticInit,CEC2017_F9,7,8400.913521028513,1.4922935419963324
OnlyChaoticInit,CEC2017_F9,8,7357.577417989302,1.3942555419998826
OnlyChaoticInit,CEC2017_F9,9,8315.513590246115,1.4572890420022304
OnlyChaoticInit,CEC2017_F9,10,8926.665415686773,1.4545224160028738
OnlyChaoticInit,CEC2017_F9,11,9730.351850777515,1.4409226660063723
OnlyChaoticInit,CEC2017_F9,12,8826.421945214162,1.3701508329977514
OnlyChaoticInit,CEC2017_F9,13,8308.150050743854,1.4494193749997066
OnlyChaoticInit,CEC2017_F9,14,8048.169047277161,1.3445861250002054
OnlyChaoticInit,CEC2017_F9,15,7819.233600104133,1.4355163750005886
OnlyChaoticInit,CEC2017_F9,16,7192.72049257486,1.436213000000862
OnlyChaoticInit,CEC2017_F9,17,8362.749938110697,1.487950084003387
OnlyChaoticInit,CEC2017_F9,18,8550.641440611686,1.4449755829991773
OnlyChaoticInit,CEC2017_F9,19,8418.119009673517,1.4610118749988033
OnlyChaoticInit,CEC2017_F9,20,8597.61630767485,1.496635832998436
OnlyChaoticInit,CEC2017_F9,21,8512.169699024727,1.2922766659976332
OnlyChaoticInit,CEC2017_F9,22,8235.793979035672,1.4710103749966947
OnlyChaoticInit,CEC2017_F9,23,8428.632093162847,1.395298791998357
OnlyChaoticInit,CEC2017_F9,24,8536.63810332438,1.3814269170034095
OnlyChaoticInit,CEC2017_F9,25,8356.812702499268,1.4647039589981432
OnlyChaoticInit,CEC2017_F9,26,7942.589184333621,1.4110841660003643
OnlyChaoticInit,CEC2017_F9,27,9367.550435013696,1.408293666994723
OnlyChaoticInit,CEC2017_F9,28,8950.336089447941,1.4157131660031155
OnlyChaoticInit,CEC2017_F9,29,7773.360281684576,1.4474761250021402
Full,CEC2017_F13,0,1170693.0865013006,2.0326399160039728
Full,CEC2017_F13,1,902891.0889966311,1.9631877080028062
Full,CEC2017_F13,2,6355491.454074206,2.140547625000181
Full,CEC2017_F13,3,266756.2824408433,2.019598209000833
Full,CEC2017_F13,4,2534523.8487663046,1.967361584000173
Full,CEC2017_F13,5,199034.27350204848,2.094682458002353
Full,CEC2017_F13,6,292506.3389481397,1.9450743330016849
Full,CEC2017_F13,7,2148031.6518451194,1.986523457999283
Full,CEC2017_F13,8,5452235.599661731,1.9786654999988968
Full,CEC2017_F13,9,285102.5663246857,2.017407874998753
Full,CEC2017_F13,10,570363.0927213418,1.9289317499933532
Full,CEC2017_F13,11,1238487.1944233389,1.9283545829966897
Full,CEC2017_F13,12,990665.3593108101,1.8322511669975938
Full,CEC2017_F13,13,3368787.547129794,1.926888374997361
Full,CEC2017_F13,14,842054.1783239396,1.9266727499998524
Full,CEC2017_F13,15,3524623.3192773787,1.9292517499998212
Full,CEC2017_F13,16,833015.5596717333,1.9207512499997392
Full,CEC2017_F13,17,333793.1991752137,2.008310834004078
Full,CEC2017_F13,18,1839350.288514,1.8950677080065361
Full,CEC2017_F13,19,536183.548562643,2.0083692080006585
Full,CEC2017_F13,20,2418419.551496641,1.9227686250014813
Full,CEC2017_F13,21,430825.3719696633,1.8827921670017531
Full,CEC2017_F13,22,596519.0398330253,1.9263854999953764
Full,CEC2017_F13,23,2643815.8232943243,1.9289133329948527
Full,CEC2017_F13,24,6099829.088233576,1.9195939579949481
Full,CEC2017_F13,25,506423.31612783414,2.035221541998908
Full,CEC2017_F13,26,1389780.2178142814,1.929558999996516
Full,CEC2017_F13,27,372719.38797243405,1.9721564999999828
Full,CEC2017_F13,28,1078017.7634910769,1.924063041995396
Full,CEC2017_F13,29,445354.60785190854,1.8753766250010813
OnlyChaoticInit,CEC2017_F13,0,19958262.393540125,1.394383207996725
OnlyChaoticInit,CEC2017_F13,1,17655689.105063424,1.4577300830060267
OnlyChaoticInit,CEC2017_F13,2,11290447.110282425,1.3919491249980638
OnlyChaoticInit,CEC2017_F13,3,7670315.156189536,1.3975068749932689
OnlyChaoticInit,CEC2017_F13,4,5433862.738367829,1.4516961670015007
OnlyChaoticInit,CEC2017_F13,5,1051757.428070865,1.3108972080008243
OnlyChaoticInit,CEC2017_F13,6,4660113.515846704,1.357845709004323
OnlyChaoticInit,CEC2017_F13,7,11288370.987659702,1.4196291249973
OnlyChaoticInit,CEC2017_F13,8,17548499.71660821,1.3966100000034203
OnlyChaoticInit,CEC2017_F13,9,9611882.171576465,1.3080826250006794
OnlyChaoticInit,CEC2017_F13,10,12753096.905362576,1.3679462919972138
OnlyChaoticInit,CEC2017_F13,11,19649713.580034062,1.3432862080007908
OnlyChaoticInit,CEC2017_F13,12,8608307.033543378,1.3915540840025642
OnlyChaoticInit,CEC2017_F13,13,9730806.868200818,1.4513749580000876
OnlyChaoticInit,CEC2017_F13,14,10027324.25104285,1.4260659999999916
OnlyChaoticInit,CEC2017_F13,15,7624526.798876819,1.3396918329963228
OnlyChaoticInit,CEC2017_F13,16,4132631.5950917467,1.3772643750053248
OnlyChaoticInit,CEC2017_F13,17,514724.4232141182,1.3662991669989424
OnlyChaoticInit,CEC2017_F13,18,8331543.368084299,1.3311833339976147
OnlyChaoticInit,CEC2017_F13,19,4730797.271480826,1.3742284580002888
OnlyChaoticInit,CEC2017_F13,20,20329864.210280363,1.3449131250017672
OnlyChaoticInit,CEC2017_F13,21,20497106.21665573,1.43666425000265
OnlyChaoticInit,CEC2017_F13,22,1121283.9825082691,1.3972095409990288
OnlyChaoticInit,CEC2017_F13,23,4939966.191602069,1.4476583340001525
OnlyChaoticInit,CEC2017_F13,24,8726848.699241653,1.417112499999348
OnlyChaoticInit,CEC2017_F13,25,6749935.869253567,1.447081749996869
OnlyChaoticInit,CEC2017_F13,26,3189740.4931067484,1.4637738340024953
OnlyChaoticInit,CEC2017_F13,27,14029791.887280142,1.4032992499996908
OnlyChaoticInit,CEC2017_F13,28,14715279.403012423,1.3874581249983748
OnlyChaoticInit,CEC2017_F13,29,15417433.909999665,1.3386423749980167
Full,CEC2017_F9,0,6199.722360908594,2.156978375001927
Full,CEC2017_F9,1,5846.892325580734,2.082624292001128
Full,CEC2017_F9,2,6663.871575831454,2.1994731669983594
Full,CEC2017_F9,3,5329.263232714118,2.1404072500008624
Full,CEC2017_F9,4,5035.077175327206,2.164631958003156
Full,CEC2017_F9,5,5117.746418171158,2.0855319170004805
Full,CEC2017_F9,6,6109.989821488854,2.056753040997137
Full,CEC2017_F9,7,5058.038554567287,2.086293084001227
Full,CEC2017_F9,8,5546.547844969284,1.895032500004163
Full,CEC2017_F9,9,5712.846205968087,2.033091291996243
Full,CEC2017_F9,10,7504.746111269302,1.8775599580039852
Full,CEC2017_F9,11,6898.188982612618,1.92583679100062
Full,CEC2017_F9,12,6308.394173023322,1.8723254159995122
Full,CEC2017_F9,13,5649.620317718397,2.0502497920024325
Full,CEC2017_F9,14,6732.953071046226,1.9301164580028853
Full,CEC2017_F9,15,5737.711513858638,1.948425540998869
Full,CEC2017_F9,16,6070.667448003726,2.0101030840014573
Full,CEC2017_F9,17,6730.662091960865,1.9669855419997475
Full,CEC2017_F9,18,6036.299607433723,1.9572797499931767
Full,CEC2017_F9,19,6277.175472848752,1.9693157079964294
Full,CEC2017_F9,20,5750.492905040685,1.9543190419935854
Full,CEC2017_F9,21,6882.999590593165,1.8567787079955451
Full,CEC2017_F9,22,5798.080508706527,1.9436501669988502
Full,CEC2017_F9,23,5709.088192282953,1.9655938329960918
Full,CEC2017_F9,24,6339.155948446777,1.9377083750005113
Full,CEC2017_F9,25,6771.313898090771,1.9253750829957426
Full,CEC2017_F9,26,4858.106726399557,1.945702999997593
Full,CEC2017_F9,27,5779.609739618601,1.9382044999947539
Full,CEC2017_F9,28,5588.8454784557525,2.0105586669960758
Full,CEC2017_F9,29,5386.4288240005235,2.0019088339977316
OnlyAdaptiveR,CEC2017_F1,0,54851398737.84286,0.4855582090021926
OnlyAdaptiveR,CEC2017_F1,1,45231030221.412865,0.4266999579995172
OnlyAdaptiveR,CEC2017_F1,2,27913734219.30587,0.41779537499678554
OnlyAdaptiveR,CEC2017_F1,3,51836069245.25774,0.45313395900302567
OnlyAdaptiveR,CEC2017_F1,4,32759243058.519325,0.46071104199654656
OnlyAdaptiveR,CEC2017_F1,5,45619813329.574265,0.4573703329951968
OnlyAdaptiveR,CEC2017_F1,6,36589019027.31537,0.46651754200138384
OnlyAdaptiveR,CEC2017_F1,7,44734144305.86974,0.3967532500028028
OnlyAdaptiveR,CEC2017_F1,8,40007591700.826546,0.4760635829952662
OnlyAdaptiveR,CEC2017_F1,9,35321487862.750946,0.42857650000223657
OnlyAdaptiveR,CEC2017_F1,10,39833910181.90406,0.4786376670017489
OnlyAdaptiveR,CEC2017_F1,11,41119631934.91282,0.42414020800060825
OnlyAdaptiveR,CEC2017_F1,12,62542851471.483154,0.4207215839996934
OnlyAdaptiveR,CEC2017_F1,13,42203545811.082275,0.46984204199543456
OnlyAdaptiveR,CEC2017_F1,14,37888033164.193146,0.46232400000008056
OnlyAdaptiveR,CEC2017_F1,15,32386366066.334255,0.4716848339958233
OnlyAdaptiveR,CEC2017_F1,16,53445228150.40536,0.39470199999777833
OnlyAdaptiveR,CEC2017_F1,17,47152167728.73981,0.39716837500600377
OnlyAdaptiveR,CEC2017_F1,18,44100458829.82945,0.460037958000612
OnlyAdaptiveR,CEC2017_F1,19,57724168918.31016,0.4066954590016394
OnlyAdaptiveR,CEC2017_F1,20,46132029891.58539,0.45162724999681814
OnlyAdaptiveR,CEC2017_F1,21,52619004998.67094,0.42141454100055853
OnlyAdaptiveR,CEC2017_F1,22,48435947307.90839,0.4465046249970328
OnlyAdaptiveR,CEC2017_F1,23,42952130522.11089,0.48013829100091243
OnlyAdaptiveR,CEC2017_F1,24,49608581161.13357,0.49512658399908105
OnlyAdaptiveR,CEC2017_F1,25,36641471681.76463,0.4400222920012311
OnlyAdaptiveR,CEC2017_F1,26,60625746529.450226,0.41794245899654925
OnlyAdaptiveR,CEC2017_F1,27,37232075864.26408,0.3877911249946919
OnlyAdaptiveR,CEC2017_F1,28,49416624056.721924,0.4796174580042134
OnlyAdaptiveR,CEC2017_F1,29,39555243462.13073,0.38832279100461164
OnlyAdaptiveR,CEC2017_F4,0,70573.27216584048,0.5307185829951777
OnlyAdaptiveR,CEC2017_F4,1,58266.887572121115,0.5204517089950969
OnlyAdaptiveR,CEC2017_F4,2,64818.804588468025,0.5452840420039138
OnlyAdaptiveR,CEC2017_F4,3,82927.49604307057,0.5459495420000167
OnlyAdaptiveR,CEC2017_F4,4,63875.664066279474,0.5518076670050505
OnlyAdaptiveR,CEC2017_F4,5,49165.220449777764,0.5325524590007262
OnlyAdaptiveR,CEC2017_F4,6,58361.18633061195,0.5199234579995391
OnlyAdaptiveR,CEC2017_F4,7,70603.35005778492,0.5440627080024569
OnlyAdaptiveR,CEC2017_F4,8,60382.267973214155,0.49898791599844117
OnlyAdaptiveR,CEC2017_F4,9,73089.57120022914,0.5635644590001903
OnlyAdaptiveR,CEC2017_F4,10,68234.39793863625,0.5293735830055084
OnlyAdaptiveR,CEC2017_F4,11,69034.24322184075,0.5807990829998744
OnlyAdaptiveR,CEC2017_F4,12,83978.83591954032,0.5620712079980876
OnlyAdaptiveR,CEC2017_F4,13,82835.40113319404,0.5068613749972428
OnlyAdaptiveR,CEC2017_F4,14,34227.66584400758,0.5155052080008318
OnlyAdaptiveR,CEC2017_F4,15,37391.15482648709,0.5515976669994416
OnlyAdaptiveR,CEC2017_F4,16,63269.19925612172,0.5783607089979341
OnlyAdaptiveR,CEC2017_F4,17,65593.1673240216,0.5480195830023149
OnlyAdaptiveR,CEC2017_F4,18,52233.24257917892,0.503480249994027
OnlyAdaptiveR,CEC2017_F4,19,72605.36903565293,0.4976903749993653
OnlyAdaptiveR,CEC2017_F4,20,67915.06286601645,0.559352125004807
OnlyAdaptiveR,CEC2017_F4,21,41030.52899802424,0.5493275830012863
OnlyAdaptiveR,CEC2017_F4,22,63572.8223795215,0.49755512500269106
OnlyAdaptiveR,CEC2017_F4,23,61269.40164264761,0.48849608300224645
OnlyAdaptiveR,CEC2017_F4,24,56835.94178214815,0.5471344999969006
OnlyAdaptiveR,CEC2017_F4,25,48769.543107266225,0.5009687089986983
OnlyAdaptiveR,CEC2017_F4,26,82188.94320307687,0.5167202499942505
OnlyAdaptiveR,CEC2017_F4,27,72311.84896746502,0.5267138329945737
OnlyAdaptiveR,CEC2017_F4,28,73892.27000505402,0.5945039580037701
OnlyAdaptiveR,CEC2017_F4,29,55802.71707489921,0.5147531670008902
OnlyChaoticInit,CEC2017_F20,0,52847.58922808241,1.8886477499981993
OnlyChaoticInit,CEC2017_F20,1,28383.09698834805,1.9808534160038107
OnlyChaoticInit,CEC2017_F20,2,46250.5334213097,2.0278811249954742
OnlyChaoticInit,CEC2017_F20,3,35644.50314128794,1.8972464169928571
OnlyChaoticInit,CEC2017_F20,4,34260.90901935269,1.7501311670057476
OnlyChaoticInit,CEC2017_F20,5,30871.372092172263,1.9890844589972403
OnlyChaoticInit,CEC2017_F20,6,38123.75788854453,1.9263424169985228
OnlyChaoticInit,CEC2017_F20,7,63558.92012268531,1.9032619999998133
OnlyChaoticInit,CEC2017_F20,8,56732.41076977918,1.8435111670041806
OnlyChaoticInit,CEC2017_F20,9,53077.256469942804,1.960743249997904
OnlyChaoticInit,CEC2017_F20,10,48882.24296089513,1.903315333998762
OnlyChaoticInit,CEC2017_F20,11,39683.649598363714,1.8468892090022564
OnlyChaoticInit,CEC2017_F20,12,57566.99012561055,1.8777200829936191
OnlyChaoticInit,CEC2017_F20,13,40735.85097391878,1.875515458996233
OnlyChaoticInit,CEC2017_F20,14,65319.58047767102,1.9458557910038508
OnlyChaoticInit,CEC2017_F20,15,48872.9502252046,1.87440224999591
OnlyChaoticInit,CEC2017_F20,16,19443.899942790504,1.881325750000542
OnlyChaoticInit,CEC2017_F20,17,52703.268700429675,1.9021272080062772
OnlyChaoticInit,CEC2017_F20,18,53251.365112875705,1.8515474160012673
OnlyChaoticInit,CEC2017_F20,19,24190.83199225289,1.9778469590019085
OnlyChaoticInit,CEC2017_F20,20,33257.82936389854,1.9705326250041253
OnlyChaoticInit,CEC2017_F20,21,30086.997006040463,1.8679516249976587
OnlyChaoticInit,CEC2017_F20,22,27083.17939552112,1.9324112499962212
OnlyChaoticInit,CEC2017_F20,23,40687.112016166626,1.9200839170007384
OnlyChaoticInit,CEC2017_F20,24,43187.579403434946,1.8186221669966471
OnlyChaoticInit,CEC2017_F20,25,54530.971305430394,1.9530294580035843
OnlyChaoticInit,CEC2017_F20,26,54527.97999961119,1.9911826250026934
OnlyChaoticInit,CEC2017_F20,27,22180.09361669013,1.953660667000804
OnlyChaoticInit,CEC2017_F20,28,34259.56707431197,1.8108978749951348
OnlyChaoticInit,CEC2017_F20,29,34874.76835248791,1.833952708002471
Full,CEC2017_F20,0,7597.484159913491,2.900374208998983
Full,CEC2017_F20,1,3631.9654993041395,2.828204833997006
Full,CEC2017_F20,2,4268.134971153352,2.841481499999645
Full,CEC2017_F20,3,3844.166180254158,2.8289102499984438
Full,CEC2017_F20,4,7397.432729675498,2.786248832999263
Full,CEC2017_F20,5,7664.104113208034,2.7549113749992102
Full,CEC2017_F20,6,6033.3490448154735,2.8754381250037113
Full,CEC2017_F20,7,8736.200784670316,2.755011209002987
Full,CEC2017_F20,8,4510.339237089152,2.63006429199595
Full,CEC2017_F20,9,5491.899743252447,2.7048775000002934
Full,CEC2017_F20,10,6840.85223035816,2.638798957996187
Full,CEC2017_F20,11,3334.684392082332,2.657399042000179
Full,CEC2017_F20,12,11133.581093286091,2.6445834999976796
Full,CEC2017_F20,13,4666.577359672339,2.7048813750006957
Full,CEC2017_F20,14,4363.31371721712,2.6117075420042966
Full,CEC2017_F20,15,6190.20363569654,2.6313787909966777
Full,CEC2017_F20,16,2996.1115508869334,2.6288933340038056
Full,CEC2017_F20,17,10308.35829169851,2.492810167001153
Full,CEC2017_F20,18,15066.150992787081,2.6541305419959826
Full,CEC2017_F20,19,9702.192803548322,2.6361054580047494
Full,CEC2017_F20,20,3424.812908688895,2.6536332920004497
Full,CEC2017_F20,21,14278.507858990039,2.7167311659941333
Full,CEC2017_F20,22,5130.048359205758,2.618062250003277
Full,CEC2017_F20,23,18914.609797257363,2.76261358299962
Full,CEC2017_F20,24,8543.55624621419,2.595342167005583
Full,CEC2017_F20,25,3405.5217754406103,2.8148109999965527
Full,CEC2017_F20,26,13549.934979492215,2.6164041250012815
Full,CEC2017_F20,27,5981.731724457823,2.6489245419943472
Full,CEC2017_F20,28,2979.972562249095,2.6107438750041183
Full,CEC2017_F20,29,4272.491762933851,2.6311259169960977
OnlyDEMutation,CEC2017_F1,0,14901737352.798588,0.6878106660005869
OnlyDEMutation,CEC2017_F1,1,11896757945.070381,0.6572942909988342
OnlyDEMutation,CEC2017_F1,2,6798266682.056003,0.6950415409955895
OnlyDEMutation,CEC2017_F1,3,9411987286.862865,0.7598150840058224
OnlyDEMutation,CEC2017_F1,4,12309287912.233507,0.6794355840029311
OnlyDEMutation,CEC2017_F1,5,24480068804.01964,0.6904029170036665
OnlyDEMutation,CEC2017_F1,6,3245361648.9333754,0.7209647920026327
OnlyDEMutation,CEC2017_F1,7,9891172239.138952,0.6208082090015523
OnlyDEMutation,CEC2017_F1,8,9028367961.9337,0.6950803329964401
OnlyDEMutation,CEC2017_F1,9,12941389128.456202,0.6803476249988307
OnlyDEMutation,CEC2017_F1,10,12254760450.347292,0.6427810000022873
OnlyDEMutation,CEC2017_F1,11,4643908596.008943,0.717613541004539
OnlyDEMutation,CEC2017_F1,12,20404375663.314346,0.7095104999971227
OnlyDEMutation,CEC2017_F1,13,18550465766.13469,0.6579629999978351
OnlyDEMutation,CEC2017_F1,14,21851624957.639217,0.6599730829984765
OnlyDEMutation,CEC2017_F1,15,11070104252.609,0.690993417003483
OnlyDEMutation,CEC2017_F1,16,10365282812.405035,0.7530939999996917
OnlyDEMutation,CEC2017_F1,17,6987147453.416001,0.7022773749995395
OnlyDEMutation,CEC2017_F1,18,4160022846.417235,0.6914235000003828
OnlyDEMutation,CEC2017_F1,19,5798494375.339272,0.6775010000055772
OnlyDEMutation,CEC2017_F1,20,15404202806.183525,0.6619353329951991
OnlyDEMutation,CEC2017_F1,21,7597466556.235006,0.7287827910040505
OnlyDEMutation,CEC2017_F1,22,12297126708.422672,0.697304624998651
OnlyDEMutation,CEC2017_F1,23,14870761418.88953,0.6889407499984372
OnlyDEMutation,CEC2017_F1,24,12750508909.830101,0.7245187500011525
OnlyDEMutation,CEC2017_F1,25,21612262450.87462,0.6633531670013326
OnlyDEMutation,CEC2017_F1,26,15696283822.879198,0.6400086249996093
OnlyDEMutation,CEC2017_F1,27,9010715823.053658,0.7127816249994794
OnlyDEMutation,CEC2017_F1,28,13632474779.459452,0.7453122910010279
OnlyDEMutation,CEC2017_F1,29,3915527925.2846565,0.665204332995927
OnlyAdaptiveR,CEC2017_F13,0,9862919.266388811,1.368364541005576
OnlyAdaptiveR,CEC2017_F13,1,4256413.344413803,1.383312833000673
OnlyAdaptiveR,CEC2017_F13,2,11052999.671334378,1.385350707998441
OnlyAdaptiveR,CEC2017_F13,3,6459317.137696594,1.348866749998706
OnlyAdaptiveR,CEC2017_F13,4,1778914.3740886033,1.337364291997801
OnlyAdaptiveR,CEC2017_F13,5,2529308.5175621426,1.348702625000442
OnlyAdaptiveR,CEC2017_F13,6,2011972.659353726,1.3666084170035901
OnlyAdaptiveR,CEC2017_F13,7,11301004.75032536,1.2782303339990904
OnlyAdaptiveR,CEC2017_F13,8,1019723.0237302445,1.3044594159946428
OnlyAdaptiveR,CEC2017_F13,9,7920202.292689388,1.3905464580020634
OnlyAdaptiveR,CEC2017_F13,10,12658491.015596014,1.349486416002037
OnlyAdaptiveR,CEC2017_F13,11,16825015.558418486,1.4012247920036316
OnlyAdaptiveR,CEC2017_F13,12,6232385.047233216,1.3610513329986134
OnlyAdaptiveR,CEC2017_F13,13,14416096.059271537,1.4250058339966927
OnlyAdaptiveR,CEC2017_F13,14,8837354.283656688,1.3415977499971632
OnlyAdaptiveR,CEC2017_F13,15,218814.8763481857,1.2293157920066733
OnlyAdaptiveR,CEC2017_F13,16,1553517.7120061247,1.48834779200115
OnlyAdaptiveR,CEC2017_F13,17,1299346.1225821036,1.2955616250037565
OnlyAdaptiveR,CEC2017_F13,18,1786810.92879033,1.400940375002392
OnlyAdaptiveR,CEC2017_F13,19,6949044.278120783,1.3841622499967343
OnlyAdaptiveR,CEC2017_F13,20,1308773.872884421,1.3659071669972036
OnlyAdaptiveR,CEC2017_F13,21,3655764.8274921137,1.3280931250046706
OnlyAdaptiveR,CEC2017_F13,22,8689940.761359224,1.4361050839943346
OnlyAdaptiveR,CEC2017_F13,23,27449177.422390033,1.356755750006414
OnlyAdaptiveR,CEC2017_F13,24,7045242.928137064,1.4352082500045071
OnlyAdaptiveR,CEC2017_F13,25,6621667.7336486885,1.343367458001012
OnlyAdaptiveR,CEC2017_F13,26,10429901.411228174,1.3437400000038906
OnlyAdaptiveR,CEC2017_F13,27,13006974.542697502,1.3824797079942073
OnlyAdaptiveR,CEC2017_F13,28,35540835.49120982,1.3816883330000564
OnlyAdaptiveR,CEC2017_F13,29,32655820.241221532,1.3930742500015185
OnlyAdaptiveR,CEC2017_F9,0,8710.602755490774,1.4962592919982853
OnlyAdaptiveR,CEC2017_F9,1,8401.243666206099,1.4751504579980974
OnlyAdaptiveR,CEC2017_F9,2,8470.544714167023,1.4555540000001201
OnlyAdaptiveR,CEC2017_F9,3,8766.683502405893,1.39740979099588
OnlyAdaptiveR,CEC2017_F9,4,8124.683496345994,1.4310360000017681
OnlyAdaptiveR,CEC2017_F9,5,8364.313501449653,1.3899179589934647
OnlyAdaptiveR,CEC2017_F9,6,7828.277031591328,1.4024750829994446
OnlyAdaptiveR,CEC2017_F9,7,8676.297541196589,1.3421627080024336
OnlyAdaptiveR,CEC2017_F9,8,9042.962400418412,1.4728410000025178
OnlyAdaptiveR,CEC2017_F9,9,7626.8269927476285,1.4343511660044896
OnlyAdaptiveR,CEC2017_F9,10,8584.262988803293,1.323430583004665
OnlyAdaptiveR,CEC2017_F9,11,9271.388677568511,1.371563041000627
OnlyAdaptiveR,CEC2017_F9,12,8229.219134783372,1.4287180830069701
OnlyAdaptiveR,CEC2017_F9,13,7061.22055310681,1.5053554590049316
OnlyAdaptiveR,CEC2017_F9,14,8366.41564915929,1.4603936249986873
OnlyAdaptiveR,CEC2017_F9,15,8441.97980918572,1.373174416999973
OnlyAdaptiveR,CEC2017_F9,16,7983.029690809667,1.4604400419993908
OnlyAdaptiveR,CEC2017_F9,17,8480.202841301676,1.4872909170007915
OnlyAdaptiveR,CEC2017_F9,18,9131.48892289996,1.3845953330019256
OnlyAdaptiveR,CEC2017_F9,19,8238.779126946181,1.5249426249938551
OnlyAdaptiveR,CEC2017_F9,20,7969.533419363356,1.4550549170016893
OnlyAdaptiveR,CEC2017_F9,21,7623.056729372262,1.4185104999996838
OnlyAdaptiveR,CEC2017_F9,22,7611.979479385574,1.4294190000000526
OnlyAdaptiveR,CEC2017_F9,23,8182.7328615345805,1.4248021250023157
OnlyAdaptiveR,CEC2017_F9,24,7549.840635395846,1.451080707993242
OnlyAdaptiveR,CEC2017_F9,25,8537.687534321907,1.3758930409967434
OnlyAdaptiveR,CEC2017_F9,26,7790.5229117500885,1.4550090830016416
OnlyAdaptiveR,CEC2017_F9,27,8456.288476790483,1.4543104580006911
OnlyAdaptiveR,CEC2017_F9,28,7630.332492597243,1.3795617080031661
OnlyAdaptiveR,CEC2017_F9,29,7975.234933737603,1.4953482499986421
OnlyDEMutation,CEC2017_F4,0,19709.367060268298,0.8255449579955894
OnlyDEMutation,CEC2017_F4,1,21118.607846091323,0.7477856670011533
OnlyDEMutation,CEC2017_F4,2,18820.801738009173,0.8322324580003624
OnlyDEMutation,CEC2017_F4,3,25381.644028634226,0.7903301249971264
OnlyDEMutation,CEC2017_F4,4,27927.318403411573,0.8962768749988754
OnlyDEMutation,CEC2017_F4,5,13379.207374026513,0.8314997920024325
OnlyDEMutation,CEC2017_F4,6,30420.825796314624,0.8488527499939664
OnlyDEMutation,CEC2017_F4,7,22124.069603224165,0.7630952500039712
OnlyDEMutation,CEC2017_F4,8,29168.311236559988,0.7938385000015842
OnlyDEMutation,CEC2017_F4,9,27638.6611454647,0.8696103750044131
OnlyDEMutation,CEC2017_F4,10,5516.381319512343,0.7994786250055768
OnlyDEMutation,CEC2017_F4,11,17698.612995940348,0.8354202909977175
OnlyDEMutation,CEC2017_F4,12,17562.15514871309,0.8219623330005561
OnlyDEMutation,CEC2017_F4,13,16770.55235220775,0.8703289589975611
OnlyDEMutation,CEC2017_F4,14,16271.486077471083,0.8175792089969036
OnlyDEMutation,CEC2017_F4,15,16751.690422508807,0.87626787499903
OnlyDEMutation,CEC2017_F4,16,20392.858803637326,0.8150992910013883
OnlyDEMutation,CEC2017_F4,17,23083.864657793285,0.8163434579983004
OnlyDEMutation,CEC2017_F4,18,28910.18682139203,0.8195837910025148
OnlyDEMutation,CEC2017_F4,19,20819.99007517209,0.7637537919945316
OnlyDEMutation,CEC2017_F4,20,21466.98946589707,0.8589470000006258
OnlyDEMutation,CEC2017_F4,21,13993.583956815815,0.8248830000011367
OnlyDEMutation,CEC2017_F4,22,17504.31044958305,0.7912236670017592
OnlyDEMutation,CEC2017_F4,23,11688.776864451345,0.8096897499999614
OnlyDEMutation,CEC2017_F4,24,16838.64580918995,0.8216208750018268
OnlyDEMutation,CEC2017_F4,25,21184.70366410138,0.8059282080066623
OnlyDEMutation,CEC2017_F4,26,13592.86565442886,0.8541640420007752
OnlyDEMutation,CEC2017_F4,27,26158.198124102768,0.8118919579937938
OnlyDEMutation,CEC2017_F4,28,21416.482437195264,0.7733323330030544
OnlyDEMutation,CEC2017_F4,29,14946.649795965315,0.8328521660005208
OnlyAdaptiveR,CEC2017_F20,0,44666.8952589271,2.022180541003763
OnlyAdaptiveR,CEC2017_F20,1,24316.08184809785,1.9217646249962854
OnlyAdaptiveR,CEC2017_F20,2,43189.14316686454,1.9174122080003144
OnlyAdaptiveR,CEC2017_F20,3,39489.873638695855,1.9103592909959843
OnlyAdaptiveR,CEC2017_F20,4,46712.02986199949,1.77231141700031
OnlyAdaptiveR,CEC2017_F20,5,16482.843492669977,1.9255717499981984
OnlyAdaptiveR,CEC2017_F20,6,48525.308395497195,1.8697395000053803
OnlyAdaptiveR,CEC2017_F20,7,17886.533561808108,1.9332722919934895
OnlyAdaptiveR,CEC2017_F20,8,43420.19081142738,1.9470963330022641
OnlyAdaptiveR,CEC2017_F20,9,46360.02385731549,1.9736542499958887
OnlyAdaptiveR,CEC2017_F20,10,24378.079678260474,1.9636095829991973
OnlyAdaptiveR,CEC2017_F20,11,23826.62181905453,1.9286680840014014
OnlyAdaptiveR,CEC2017_F20,12,21051.813888850553,1.9122054999970715
OnlyAdaptiveR,CEC2017_F20,13,42527.46603405096,1.9119289999944158
OnlyAdaptiveR,CEC2017_F20,14,55955.96304304583,1.9656437919984455
OnlyAdaptiveR,CEC2017_F20,15,50451.08874648715,1.9264830840038485
OnlyAdaptiveR,CEC2017_F20,16,56833.67615472643,1.9890170839935308
OnlyAdaptiveR,CEC2017_F20,17,45859.16270221733,1.8970138330041664
OnlyAdaptiveR,CEC2017_F20,18,19059.689451841914,1.9022555420015124
OnlyAdaptiveR,CEC2017_F20,19,19656.173018387646,1.9665323330045794
OnlyAdaptiveR,CEC2017_F20,20,51191.727745628894,1.9275274579995312
OnlyAdaptiveR,CEC2017_F20,21,12596.84745251608,1.9412858330033487
OnlyAdaptiveR,CEC2017_F20,22,39486.4698805902,1.9009515829966404
OnlyAdaptiveR,CEC2017_F20,23,31996.73015493915,1.9877343750049477
OnlyAdaptiveR,CEC2017_F20,24,24783.40636942657,1.9660126669987221
OnlyAdaptiveR,CEC2017_F20,25,49191.668780353066,1.892475332999311
OnlyAdaptiveR,CEC2017_F20,26,30404.46459909644,2.0585502079993603
OnlyAdaptiveR,CEC2017_F20,27,43663.42828981521,1.8818955419992562
OnlyAdaptiveR,CEC2017_F20,28,34975.611252089046,1.880111250000482
OnlyAdaptiveR,CEC2017_F20,29,28533.325667577486,1.9259497910024947
OnlyLevyFlight,CEC2017_F1,0,45999620557.19053,0.4147400000001653
OnlyLevyFlight,CEC2017_F1,1,45756707103.484085,0.41940545899706194
OnlyLevyFlight,CEC2017_F1,2,33679830240.710426,0.46578887500072597
OnlyLevyFlight,CEC2017_F1,3,39083678342.335846,0.4435959590045968
OnlyLevyFlight,CEC2017_F1,4,28460405873.986,0.457934625002963
OnlyLevyFlight,CEC2017_F1,5,39550314455.134155,0.4148042919987347
OnlyLevyFlight,CEC2017_F1,6,33830120661.266434,0.4877515000043786
OnlyLevyFlight,CEC2017_F1,7,36604932347.49967,0.36949037500016857
OnlyLevyFlight,CEC2017_F1,8,38967141282.36908,0.4994157909968635
OnlyLevyFlight,CEC2017_F1,9,34939927865.8637,0.4577795419972972
OnlyLevyFlight,CEC2017_F1,10,28962002658.18446,0.43119149999984074
OnlyLevyFlight,CEC2017_F1,11,40828216895.96368,0.44399349999730475
OnlyLevyFlight,CEC2017_F1,12,50481090631.341995,0.4067397079998045
OnlyLevyFlight,CEC2017_F1,13,35339280003.46662,0.4336334170002374
OnlyLevyFlight,CEC2017_F1,14,29969630046.215206,0.4131600000036997
OnlyLevyFlight,CEC2017_F1,15,24757081485.593502,0.42173795900453115
OnlyLevyFlight,CEC2017_F1,16,39273312733.4535,0.422084249999898
OnlyLevyFlight,CEC2017_F1,17,29740736996.70535,0.45221479199972237
OnlyLevyFlight,CEC2017_F1,18,53710879292.98201,0.45117145900439937
OnlyLevyFlight,CEC2017_F1,19,28784129429.640423,0.4291701669935719
OnlyLevyFlight,CEC2017_F1,20,43710790802.21908,0.4747609170008218
OnlyLevyFlight,CEC2017_F1,21,34815143947.33787,0.41916412499995204
OnlyLevyFlight,CEC2017_F1,22,35289194396.77586,0.40155766699899687
OnlyLevyFlight,CEC2017_F1,23,44028175044.862335,0.3826730829969165
OnlyLevyFlight,CEC2017_F1,24,34881962233.00602,0.44184045800648164
OnlyLevyFlight,CEC2017_F1,25,25871139170.176888,0.4434199999959674
OnlyLevyFlight,CEC2017_F1,26,54530481759.55471,0.4297744590003276
OnlyLevyFlight,CEC2017_F1,27,45557685277.70976,0.4463491249989602
OnlyLevyFlight,CEC2017_F1,28,40113171691.232445,0.419911790995684
OnlyLevyFlight,CEC2017_F1,29,53391944788.2079,0.4655747500000871
OnlyLevyFlight,CEC2017_F4,0,46063.07023349073,0.5672560409948346
OnlyLevyFlight,CEC2017_F4,1,48992.630268008004,0.49332287500146776
OnlyLevyFlight,CEC2017_F4,2,51394.63449807147,0.5738317499999539
OnlyLevyFlight,CEC2017_F4,3,53793.053768938065,0.5646067919951747
OnlyLevyFlight,CEC2017_F4,4,37949.46307112485,0.5271094999989145
OnlyLevyFlight,CEC2017_F4,5,22505.63792091268,0.5656715829973109
OnlyLevyFlight,CEC2017_F4,6,56800.36422733306,0.5233096659940202
OnlyLevyFlight,CEC2017_F4,7,59414.9756856129,0.5971415410022018
OnlyLevyFlight,CEC2017_F4,8,71848.98519897056,0.5425476250020438
OnlyLevyFlight,CEC2017_F4,9,61002.41825961894,0.5585576250014128
OnlyLevyFlight,CEC2017_F4,10,40474.896441353325,0.5493416669996805
OnlyLevyFlight,CEC2017_F4,11,60121.055782881675,0.5338750840019202
OnlyLevyFlight,CEC2017_F4,12,53115.44699178784,0.6160950420016889
OnlyLevyFlight,CEC2017_F4,13,63371.13595271513,0.5484026670019375
OnlyLevyFlight,CEC2017_F4,14,29450.397539074173,0.5775967919980758
OnlyLevyFlight,CEC2017_F4,15,43560.45282225486,0.5579927090002457
OnlyLevyFlight,CEC2017_F4,16,44006.075091324994,0.5870057909996831
OnlyLevyFlight,CEC2017_F4,17,43412.788202184034,0.5546707079993212
OnlyLevyFlight,CEC2017_F4,18,37601.55077161004,0.5348357909970218
OnlyLevyFlight,CEC2017_F4,19,54432.12077898604,0.6170549579983344
OnlyLevyFlight,CEC2017_F4,20,44495.843091200186,0.536103667000134
OnlyLevyFlight,CEC2017_F4,21,36840.987606957184,0.5977404590012156
OnlyLevyFlight,CEC2017_F4,22,52780.622333230116,0.6046462910016999
OnlyLevyFlight,CEC2017_F4,23,52990.160599115996,0.5277714999974705
OnlyLevyFlight,CEC2017_F4,24,35479.13725012586,0.5303065830012201
OnlyLevyFlight,CEC2017_F4,25,37502.985292431615,0.5641215409996221
OnlyLevyFlight,CEC2017_F4,26,60768.33026268787,0.5378959999943618
OnlyLevyFlight,CEC2017_F4,27,64041.97266420617,0.5621952500005136
OnlyLevyFlight,CEC2017_F4,28,55994.319975713806,0.5723634169989964
OnlyLevyFlight,CEC2017_F4,29,45762.665824240015,0.5797386249978445
OnlyDEMutation,CEC2017_F9,0,7352.822768317358,1.9282034579955507
OnlyDEMutation,CEC2017_F9,1,4611.030222212477,1.8323021250034799
OnlyDEMutation,CEC2017_F9,2,5852.63538922643,1.9901525000022957
OnlyDEMutation,CEC2017_F9,3,5219.5695341932515,2.00095370800409
OnlyDEMutation,CEC2017_F9,4,6294.651963104563,1.95403783400252
OnlyDEMutation,CEC2017_F9,5,6621.694200715176,1.982418042003701
OnlyDEMutation,CEC2017_F9,6,6275.431614570004,1.8855987499991897
OnlyDEMutation,CEC2017_F9,7,5676.099609739642,1.893888207996497
OnlyDEMutation,CEC2017_F9,8,4377.340791945369,2.0205081250023795
OnlyDEMutation,CEC2017_F9,9,6293.363951772209,2.0275819999951636
OnlyDEMutation,CEC2017_F9,10,6108.243828053421,1.9288594579993514
OnlyDEMutation,CEC2017_F9,11,6017.984019011615,2.023264957999345
OnlyDEMutation,CEC2017_F9,12,5933.989863781476,1.9842567080049776
OnlyDEMutation,CEC2017_F9,13,4797.432384759586,2.000733249995392
OnlyDEMutation,CEC2017_F9,14,6366.721556499212,2.0544529580001836
OnlyDEMutation,CEC2017_F9,15,5015.88033124076,1.945565166999586
OnlyDEMutation,CEC2017_F9,16,6323.09913942564,1.9426022080006078
OnlyDEMutation,CEC2017_F9,17,6238.02217238329,2.0517502919974504
OnlyDEMutation,CEC2017_F9,18,5687.561064110698,2.0265675420014304
OnlyDEMutation,CEC2017_F9,19,5903.241770961811,1.9572584170018672
OnlyDEMutation,CEC2017_F9,20,6374.773207471392,1.9880028330007917
OnlyDEMutation,CEC2017_F9,21,6648.03024153496,2.13648991700029
OnlyDEMutation,CEC2017_F9,22,5111.037701183559,1.987236541994207
OnlyDEMutation,CEC2017_F9,23,6749.727046963993,2.0728215830022236
OnlyDEMutation,CEC2017_F9,24,6013.542098699705,1.8952377089954098
OnlyDEMutation,CEC2017_F9,25,5307.616937584697,1.9245292080013314
OnlyDEMutation,CEC2017_F9,26,4801.240588338662,2.0051964160011266
OnlyDEMutation,CEC2017_F9,27,5694.058794898971,2.068293417003588
OnlyDEMutation,CEC2017_F9,28,5107.313198986991,1.9196818339987658
OnlyDEMutation,CEC2017_F9,29,5205.28010849211,2.080614708997018
OnlyDEMutation,CEC2017_F13,0,2921729.49152605,1.9842597919996479
OnlyDEMutation,CEC2017_F13,1,702456.0602038286,1.9615492919983808
OnlyDEMutation,CEC2017_F13,2,307415.4250182601,1.9611635000037495
OnlyDEMutation,CEC2017_F13,3,1628840.5304981973,1.7227768340017064
OnlyDEMutation,CEC2017_F13,4,773825.9439985467,1.8550877910020063
OnlyDEMutation,CEC2017_F13,5,1437303.5628904833,1.9281104169931496
OnlyDEMutation,CEC2017_F13,6,2974771.6595479557,1.9905806659953669
OnlyDEMutation,CEC2017_F13,7,2008252.9438073188,1.9797764169998118
OnlyDEMutation,CEC2017_F13,8,519894.07996807294,1.894658207995235
OnlyDEMutation,CEC2017_F13,9,2207662.973450921,1.9203080830047838
OnlyDEMutation,CEC2017_F13,10,978340.8862170088,2.0399442500056466
OnlyDEMutation,CEC2017_F13,11,555775.5317358163,2.0130593330031843
OnlyDEMutation,CEC2017_F13,12,3979257.609288186,1.9561513750013546
OnlyDEMutation,CEC2017_F13,13,3054375.2964235167,1.9614749579995987
OnlyDEMutation,CEC2017_F13,14,1359329.4306333165,1.993249957995431
OnlyDEMutation,CEC2017_F13,15,260207.6552366942,1.9837788750010077
OnlyDEMutation,CEC2017_F13,16,2650043.1248726393,1.9734498749967315
OnlyDEMutation,CEC2017_F13,17,1059290.0601145339,1.9625266250004643
OnlyDEMutation,CEC2017_F13,18,188678.07597260457,1.9422976249989006
OnlyDEMutation,CEC2017_F13,19,5388554.368646729,1.9264703749940963
OnlyDEMutation,CEC2017_F13,20,591091.2958120756,1.9051692499997444
OnlyDEMutation,CEC2017_F13,21,2036508.3552992921,1.9591015839978354
OnlyDEMutation,CEC2017_F13,22,542883.2244917589,1.9480512919981265
OnlyDEMutation,CEC2017_F13,23,1167959.5176653957,1.9517197080058395
OnlyDEMutation,CEC2017_F13,24,1012825.4133683837,1.8866272090017446
OnlyDEMutation,CEC2017_F13,25,1038061.8992336851,1.9458244169945829
OnlyDEMutation,CEC2017_F13,26,948454.2680689578,1.8781272920023184
OnlyDEMutation,CEC2017_F13,27,1984520.5379790876,1.9676043750005192
OnlyDEMutation,CEC2017_F13,28,3493537.376428028,1.9593738750045304
OnlyDEMutation,CEC2017_F13,29,491297.7863592914,1.9637947080045706
OnlyDEMutation,CEC2017_F20,0,17861.58600678102,2.587553959005163
OnlyDEMutation,CEC2017_F20,1,5486.699964118716,2.6493230420019245
OnlyDEMutation,CEC2017_F20,2,16059.918446355436,2.7720981249949546
OnlyDEMutation,CEC2017_F20,3,4168.558270041637,2.649773292003374
OnlyDEMutation,CEC2017_F20,4,8123.112938828519,2.684064875000331
OnlyDEMutation,CEC2017_F20,5,6250.267693345637,2.5953630419971887
OnlyDEMutation,CEC2017_F20,6,22927.918182952548,2.5933234580006683
OnlyDEMutation,CEC2017_F20,7,7086.395068482131,2.52246500000183
OnlyDEMutation,CEC2017_F20,8,9751.879343042008,2.678403875004733
OnlyDEMutation,CEC2017_F20,9,10585.793383587748,2.572105583996745
OnlyDEMutation,CEC2017_F20,10,3638.42388369982,2.7284779170004185
OnlyDEMutation,CEC2017_F20,11,6255.644531346036,2.6833885420055594
OnlyDEMutation,CEC2017_F20,12,5384.747297253169,2.6444020829949295
OnlyDEMutation,CEC2017_F20,13,9924.554299062664,2.7057293329999084
OnlyDEMutation,CEC2017_F20,14,8343.66643429722,2.7849653330049478
OnlyDEMutation,CEC2017_F20,15,16958.027819542873,2.6384161669993773
OnlyDEMutation,CEC2017_F20,16,10192.139222102096,2.759244041000784
OnlyDEMutation,CEC2017_F20,17,6480.286818612827,2.7214922080020187
OnlyDEMutation,CEC2017_F20,18,3636.914584352964,2.5882074590044795
OnlyDEMutation,CEC2017_F20,19,3746.651505634079,2.657495958999789
OnlyDEMutation,CEC2017_F20,20,14587.23536698152,2.58120008300466
OnlyDEMutation,CEC2017_F20,21,4077.575401436778,2.654957666003611
OnlyDEMutation,CEC2017_F20,22,9254.382221370593,2.765334959003667
OnlyDEMutation,CEC2017_F20,23,17545.95062866107,2.726898832996085
OnlyDEMutation,CEC2017_F20,24,6121.4682922645325,2.6477316669988795
OnlyDEMutation,CEC2017_F20,25,5745.388885909287,2.665477957998519
OnlyDEMutation,CEC2017_F20,26,14256.494807588986,2.638185332994908
OnlyDEMutation,CEC2017_F20,27,12145.969069594186,2.672450291000132
OnlyDEMutation,CEC2017_F20,28,7702.975172200964,2.6811157500051195
OnlyDEMutation,CEC2017_F20,29,4770.635223755682,2.622247499995865
OnlyLevyFlight,CEC2017_F13,0,1660462.7864996835,1.4303424169993377
OnlyLevyFlight,CEC2017_F13,1,2108452.6576816128,1.4155596250056988
OnlyLevyFlight,CEC2017_F13,2,4173051.8650544165,1.3849278330017114
OnlyLevyFlight,CEC2017_F13,3,5768617.31561606,1.387226582999574
OnlyLevyFlight,CEC2017_F13,4,2064549.925823656,1.4083399160008412
OnlyLevyFlight,CEC2017_F13,5,2321063.1366801057,1.4910709169998881
OnlyLevyFlight,CEC2017_F13,6,4956191.412628011,1.4388117920025252
OnlyLevyFlight,CEC2017_F13,7,10897160.993147936,1.401145957999688
OnlyLevyFlight,CEC2017_F13,8,695342.1975742745,1.3323529589979444
OnlyLevyFlight,CEC2017_F13,9,6641178.670588884,1.419961042003706
OnlyLevyFlight,CEC2017_F13,10,8750080.874967149,1.4314618749995134
OnlyLevyFlight,CEC2017_F13,11,5162763.687224873,1.4951527919984073
OnlyLevyFlight,CEC2017_F13,12,5928888.919803834,1.4074572089957655
OnlyLevyFlight,CEC2017_F13,13,12194305.387610184,1.3763645409999299
OnlyLevyFlight,CEC2017_F13,14,3232138.704661224,1.3675567079990287
OnlyLevyFlight,CEC2017_F13,15,2965679.6468023523,1.407520624998142
OnlyLevyFlight,CEC2017_F13,16,7394108.92319116,1.3440442499995697
OnlyLevyFlight,CEC2017_F13,17,3267029.0125196083,1.3897534159987117
OnlyLevyFlight,CEC2017_F13,18,1745710.4808642212,1.3307703340033186
OnlyLevyFlight,CEC2017_F13,19,3905043.58283663,1.3462952080008108
OnlyLevyFlight,CEC2017_F13,20,3322848.1901334706,1.4118435830023373
OnlyLevyFlight,CEC2017_F13,21,1070238.7780900875,1.3908327079989249
OnlyLevyFlight,CEC2017_F13,22,730638.3076399305,1.4374702080021962
OnlyLevyFlight,CEC2017_F13,23,7795583.838282574,1.4194142920023296
OnlyLevyFlight,CEC2017_F13,24,4619632.950656404,1.3719125419956981
OnlyLevyFlight,CEC2017_F13,25,3445612.2218827875,1.4035745000001043
OnlyLevyFlight,CEC2017_F13,26,8146341.229496787,1.3473236249992624
OnlyLevyFlight,CEC2017_F13,27,287095.57429470686,1.4313972079980886
OnlyLevyFlight,CEC2017_F13,28,11612958.231713252,1.3891821669967612
OnlyLevyFlight,CEC2017_F13,29,14444493.732356759,1.400933332995919
OnlyLevyFlight,CEC2017_F9,0,8523.412628761518,1.4719805419954355
OnlyLevyFlight,CEC2017_F9,1,7321.438571150035,1.4882499590021325
OnlyLevyFlight,CEC2017_F9,2,7819.686552792628,1.3554859590003616
OnlyLevyFlight,CEC2017_F9,3,8234.241401575102,1.4276623749974533
OnlyLevyFlight,CEC2017_F9,4,6901.574468782172,1.4259896249932353
OnlyLevyFlight,CEC2017_F9,5,7645.702769349532,1.3547901249985443
OnlyLevyFlight,CEC2017_F9,6,8365.574092761824,1.4411767499987036
OnlyLevyFlight,CEC2017_F9,7,7469.829757191519,1.4027981660037767
OnlyLevyFlight,CEC2017_F9,8,7790.524550260594,1.3779200419958215
OnlyLevyFlight,CEC2017_F9,9,7585.815418381506,1.4964384159975452
OnlyLevyFlight,CEC2017_F9,10,7677.399463217028,1.4074674579969724
OnlyLevyFlight,CEC2017_F9,11,6385.365920683114,1.4200705839975853
OnlyLevyFlight,CEC2017_F9,12,7079.396080417336,1.4098343750010827
OnlyLevyFlight,CEC2017_F9,13,8596.809274740865,1.4597508750011912
OnlyLevyFlight,CEC2017_F9,14,7658.367507556331,1.3365346669961582
OnlyLevyFlight,CEC2017_F9,15,7877.673088049337,1.4664965830015717
OnlyLevyFlight,CEC2017_F9,16,7035.836949568428,1.4036854590012808
OnlyLevyFlight,CEC2017_F9,17,7044.0484847027055,1.448808832996292
OnlyLevyFlight,CEC2017_F9,18,7770.299671085532,1.5131367920039338
OnlyLevyFlight,CEC2017_F9,19,7899.599255861914,1.4516525840008399
OnlyLevyFlight,CEC2017_F9,20,7521.0927050386745,1.3894914589982363
OnlyLevyFlight,CEC2017_F9,21,7403.626149197765,1.4567566249970696
OnlyLevyFlight,CEC2017_F9,22,6545.035319910011,1.5321369590019458
OnlyLevyFlight,CEC2017_F9,23,7877.627913913179,1.4700265830033459
OnlyLevyFlight,CEC2017_F9,24,7357.300552902747,1.5110746670034132
OnlyLevyFlight,CEC2017_F9,25,6826.5271577795265,1.569268833998649
OnlyLevyFlight,CEC2017_F9,26,6653.576538860332,1.4387253749955562
OnlyLevyFlight,CEC2017_F9,27,7600.225270436646,1.3929424160014605
OnlyLevyFlight,CEC2017_F9,28,7856.409992410563,1.5084836250025546
OnlyLevyFlight,CEC2017_F9,29,7464.394340573296,1.4961929580022115
NoImprovement,CEC2017_F1,0,57929720903.58021,0.4751289999985602
NoImprovement,CEC2017_F1,1,51402325252.60477,0.47176879200560506
NoImprovement,CEC2017_F1,2,48978564513.70005,0.42509091600368265
NoImprovement,CEC2017_F1,3,53807377461.12586,0.4989778329982073
NoImprovement,CEC2017_F1,4,38008689773.8003,0.4075137920008274
NoImprovement,CEC2017_F1,5,53436911180.45521,0.4612755830021342
NoImprovement,CEC2017_F1,6,36004734977.16289,0.4766022920011892
NoImprovement,CEC2017_F1,7,47985221895.50253,0.44029658300132724
NoImprovement,CEC2017_F1,8,52506382117.56454,0.45114366600319045
NoImprovement,CEC2017_F1,9,35566780986.156105,0.4284650839981623
NoImprovement,CEC2017_F1,10,34110532386.710735,0.4919598339984077
NoImprovement,CEC2017_F1,11,49179445326.77477,0.4021537500011618
NoImprovement,CEC2017_F1,12,65306229034.36492,0.41579816700686933
NoImprovement,CEC2017_F1,13,42263600853.03309,0.443828499999654
NoImprovement,CEC2017_F1,14,36006128698.0915,0.3955688329951954
NoImprovement,CEC2017_F1,15,34855603723.239426,0.4300697080034297
NoImprovement,CEC2017_F1,16,52860279809.955734,0.4466467919992283
NoImprovement,CEC2017_F1,17,53457038380.07527,0.3726010829996085
NoImprovement,CEC2017_F1,18,56338575489.2819,0.4270165419948171
NoImprovement,CEC2017_F1,19,48118095716.206436,0.3797663749937783
NoImprovement,CEC2017_F1,20,60064941054.937675,0.46499412499542814
NoImprovement,CEC2017_F1,21,45146414169.54587,0.44728837499860674
NoImprovement,CEC2017_F1,22,50417997718.04737,0.4495782500016503
NoImprovement,CEC2017_F1,23,47469217856.503624,0.4875974589958787
NoImprovement,CEC2017_F1,24,48517163973.20102,0.416043917000934
NoImprovement,CEC2017_F1,25,37974649150.45665,0.44551329200476175
NoImprovement,CEC2017_F1,26,59851013790.37759,0.40825616600341164
NoImprovement,CEC2017_F1,27,55838920994.08919,0.48132287499902304
NoImprovement,CEC2017_F1,28,60608362568.41279,0.44889983399480116
NoImprovement,CEC2017_F1,29,60870132140.95783,0.4852607079956215
OnlyLevyFlight,CEC2017_F20,0,35281.82292276024,1.889252042004955
OnlyLevyFlight,CEC2017_F20,1,18785.17795450962,1.9506132919996162
OnlyLevyFlight,CEC2017_F20,2,38046.231583072935,1.8328393749980023
OnlyLevyFlight,CEC2017_F20,3,32924.69972351992,1.9633700829945155
OnlyLevyFlight,CEC2017_F20,4,37295.858966065985,1.9513132499996573
OnlyLevyFlight,CEC2017_F20,5,18434.770160527085,1.8356817919993773
OnlyLevyFlight,CEC2017_F20,6,39814.42641603903,1.9513509160024114
OnlyLevyFlight,CEC2017_F20,7,16288.251992954874,1.9206085830010124
OnlyLevyFlight,CEC2017_F20,8,37629.863463457885,2.080856959000812
OnlyLevyFlight,CEC2017_F20,9,40132.06244992777,1.834527375001926
OnlyLevyFlight,CEC2017_F20,10,17327.940558480976,1.95769966700027
OnlyLevyFlight,CEC2017_F20,11,22051.755083653014,1.8473435829946538
OnlyLevyFlight,CEC2017_F20,12,11671.714773824358,1.950894291003351
OnlyLevyFlight,CEC2017_F20,13,38561.378500716884,2.0122202089987695
OnlyLevyFlight,CEC2017_F20,14,31603.25260639277,2.047044165999978
OnlyLevyFlight,CEC2017_F20,15,42363.78745844863,1.9706491670003743
OnlyLevyFlight,CEC2017_F20,16,49477.63200649017,1.9911004590030643
OnlyLevyFlight,CEC2017_F20,17,31735.490561839593,1.9191002919978928
OnlyLevyFlight,CEC2017_F20,18,24072.736216339665,1.9142990409964113
OnlyLevyFlight,CEC2017_F20,19,21335.51148443832,1.896028291004768
OnlyLevyFlight,CEC2017_F20,20,32611.66124490613,1.8746104579986422
OnlyLevyFlight,CEC2017_F20,21,11149.723483273763,1.9420447919983417
OnlyLevyFlight,CEC2017_F20,22,34966.47954689959,1.9208698750007898
OnlyLevyFlight,CEC2017_F20,23,29400.926120230848,1.9588108749958337
OnlyLevyFlight,CEC2017_F20,24,19854.29604146363,1.977824249996047
OnlyLevyFlight,CEC2017_F20,25,35036.5191406542,1.9969940410010167
OnlyLevyFlight,CEC2017_F20,26,31885.16618597633,1.8956514169985894
OnlyLevyFlight,CEC2017_F20,27,47081.79512788635,1.9079380830007722
OnlyLevyFlight,CEC2017_F20,28,42796.31370693992,1.9703695419957512
OnlyLevyFlight,CEC2017_F20,29,28596.143277286683,1.90889466599765
NoImprovement,CEC2017_F4,0,76412.32430956159,0.5155623749960796
NoImprovement,CEC2017_F4,1,79008.25260870895,0.549215084000025
NoImprovement,CEC2017_F4,2,73350.16515510212,0.5554430839983979
NoImprovement,CEC2017_F4,3,68981.8765085789,0.5645364160009194
NoImprovement,CEC2017_F4,4,48296.67896444039,0.5134954999957699
NoImprovement,CEC2017_F4,5,42259.40239384404,0.5193082920013694
NoImprovement,CEC2017_F4,6,78080.3791280714,0.48754625000583474
NoImprovement,CEC2017_F4,7,73593.40375201807,0.5202815829979954
NoImprovement,CEC2017_F4,8,82104.42135636201,0.5157004170032451
NoImprovement,CEC2017_F4,9,77845.08921996474,0.537833166999917
NoImprovement,CEC2017_F4,10,61023.21210804166,0.5679067919991212
NoImprovement,CEC2017_F4,11,100077.70830288272,0.5139261660006014
NoImprovement,CEC2017_F4,12,70556.93471909198,0.5607150420037215
NoImprovement,CEC2017_F4,13,77478.9790833797,0.5975949159983429
NoImprovement,CEC2017_F4,14,39266.51508007529,0.5047459999987041
NoImprovement,CEC2017_F4,15,52757.32120485035,0.5755004579987144
NoImprovement,CEC2017_F4,16,59885.471268353824,0.5534572909964481
NoImprovement,CEC2017_F4,17,66741.51770605471,0.47149625000020023
NoImprovement,CEC2017_F4,18,49833.94490091363,0.5418755420032539
NoImprovement,CEC2017_F4,19,80085.615334127,0.5278005000000121
NoImprovement,CEC2017_F4,20,59855.42159399659,0.5356892920026439
NoImprovement,CEC2017_F4,21,47749.69577881205,0.5709270420047687
NoImprovement,CEC2017_F4,22,67271.2725911099,0.5410441669955617
NoImprovement,CEC2017_F4,23,65903.08156458173,0.5763217499988968
NoImprovement,CEC2017_F4,24,54134.44699948355,0.5641979170031846
NoImprovement,CEC2017_F4,25,50190.38392732285,0.5523417500007781
NoImprovement,CEC2017_F4,26,77376.98512438325,0.49721020799916005
NoImprovement,CEC2017_F4,27,78384.74454713344,0.5101305830030469
NoImprovement,CEC2017_F4,28,81436.25690629514,0.5338680409986409
NoImprovement,CEC2017_F4,29,64087.01974338246,0.5216486670033191
NoImprovement,CEC2017_F9,0,8921.707804471442,1.5565140420003445
NoImprovement,CEC2017_F9,1,8334.613896520783,1.4731668340027682
NoImprovement,CEC2017_F9,2,9224.300618760477,1.4411126670020167
NoImprovement,CEC2017_F9,3,9004.993346651441,1.3839528329990571
NoImprovement,CEC2017_F9,4,6989.464371210234,1.4800839169984101
NoImprovement,CEC2017_F9,5,8491.360483903574,1.464760416005447
NoImprovement,CEC2017_F9,6,8871.902384329795,1.3756621249995078
NoImprovement,CEC2017_F9,7,8757.361231104827,1.4070156669986318
NoImprovement,CEC2017_F9,8,9164.848690387833,1.4427020829971298
NoImprovement,CEC2017_F9,9,8429.106320599545,1.452912250002555
NoImprovement,CEC2017_F9,10,8618.782700709911,1.4103509170017787
NoImprovement,CEC2017_F9,11,8442.420067908814,1.4152138749996084
NoImprovement,CEC2017_F9,12,7902.264409608376,1.4091001249980764
NoImprovement,CEC2017_F9,13,8810.953043438283,1.4750429170017014
NoImprovement,CEC2017_F9,14,8669.799398327981,1.5169372500022291
NoImprovement,CEC2017_F9,15,8560.851096528902,1.4706781659988337
NoImprovement,CEC2017_F9,16,8219.681608341218,1.609236084004806
NoImprovement,CEC2017_F9,17,8449.668814961267,1.4586774999988847
NoImprovement,CEC2017_F9,18,9146.430624377539,1.449042250002094
NoImprovement,CEC2017_F9,19,7745.113415883634,1.443380790995434
NoImprovement,CEC2017_F9,20,8274.050839542326,1.4725503340014257
NoImprovement,CEC2017_F9,21,7630.181477206012,1.5476486250045127
NoImprovement,CEC2017_F9,22,8245.34637701952,1.511066708000726
NoImprovement,CEC2017_F9,23,8553.7209064089,1.5796992089963169
NoImprovement,CEC2017_F9,24,7956.8531212310045,1.4697369999994407
NoImprovement,CEC2017_F9,25,8074.943644420259,1.516865666002559
NoImprovement,CEC2017_F9,26,8094.22119726671,1.3946513749979204
NoImprovement,CEC2017_F9,27,8038.953319150684,1.37865095899906
NoImprovement,CEC2017_F9,28,9182.765271744865,1.4955130419984926
NoImprovement,CEC2017_F9,29,8004.518550575964,1.5303832909994526
NoImprovement,CEC2017_F13,0,7683473.556150882,1.499572791995888
NoImprovement,CEC2017_F13,1,2183602.5500945137,1.2823286249986268
NoImprovement,CEC2017_F13,2,9585834.893803962,1.3716003750014352
NoImprovement,CEC2017_F13,3,6455223.0018814895,1.4492916669987608
NoImprovement,CEC2017_F13,4,3029303.202418449,1.4055875839985674
NoImprovement,CEC2017_F13,5,3086202.1694308007,1.384215124999173
NoImprovement,CEC2017_F13,6,6834318.467865283,1.3324282920002588
NoImprovement,CEC2017_F13,7,11347051.717243947,1.4528968750018976
NoImprovement,CEC2017_F13,8,837660.3394109537,1.4127247080032248
NoImprovement,CEC2017_F13,9,7490254.214341497,1.3371232499994221
NoImprovement,CEC2017_F13,10,12384656.771639815,1.4347540000017034
NoImprovement,CEC2017_F13,11,5629296.959576322,1.3291401250025956
NoImprovement,CEC2017_F13,12,6178436.923961226,1.3460030410060426
NoImprovement,CEC2017_F13,13,14202073.763764348,1.5529984579989105
NoImprovement,CEC2017_F13,14,8395879.829993593,1.4884460829998716
NoImprovement,CEC2017_F13,15,6945819.606492261,1.3866496670016204
NoImprovement,CEC2017_F13,16,10242881.322586698,1.44525912500103
NoImprovement,CEC2017_F13,17,3757633.082016872,1.4969426250027027
NoImprovement,CEC2017_F13,18,5282877.55171012,1.3975145829972462
NoImprovement,CEC2017_F13,19,11820592.302570174,1.422920291995979
NoImprovement,CEC2017_F13,20,3382669.2400293434,1.3888497500011
NoImprovement,CEC2017_F13,21,4561109.03812254,1.461533916000917
NoImprovement,CEC2017_F13,22,1588380.695267485,1.5268496249991586
NoImprovement,CEC2017_F13,23,7855062.514634937,1.402914582999074
NoImprovement,CEC2017_F13,24,11804538.282527348,1.4612475000030827
NoImprovement,CEC2017_F13,25,3583331.3703731103,1.4285064169962425
NoImprovement,CEC2017_F13,26,11396770.667922597,1.408061957998143
NoImprovement,CEC2017_F13,27,2986430.3626546506,1.4086320830028853
NoImprovement,CEC2017_F13,28,12166946.531399013,1.381872874997498
NoImprovement,CEC2017_F13,29,19438682.828059502,1.367436667002039
NoImprovement,CEC2017_F20,0,47027.66445394837,1.9922135840024566
NoImprovement,CEC2017_F20,1,23249.894533817016,1.9796387090027565
NoImprovement,CEC2017_F20,2,49648.72250904231,1.9095930830008
NoImprovement,CEC2017_F20,3,52919.71687559416,1.8656971669988707
NoImprovement,CEC2017_F20,4,47955.9314769004,1.9963042079980369
NoImprovement,CEC2017_F20,5,20858.394743465487,2.011801209002442
NoImprovement,CEC2017_F20,6,55201.8001641316,1.9645654999985709
NoImprovement,CEC2017_F20,7,25953.4496135774,2.016582999996899
NoImprovement,CEC2017_F20,8,40375.96613126816,1.9635944999972708
NoImprovement,CEC2017_F20,9,45927.81207736665,1.998437375004869
NoImprovement,CEC2017_F20,10,22376.267649215264,2.0392646659965976
NoImprovement,CEC2017_F20,11,24654.701053826004,2.037065458003781
NoImprovement,CEC2017_F20,12,19517.63253198639,2.0980404170040856
NoImprovement,CEC2017_F20,13,44959.765227758595,2.0077538750047097
NoImprovement,CEC2017_F20,14,57196.951738178024,1.9464220840018243
NoImprovement,CEC2017_F20,15,53962.226069537035,1.900333124998724
NoImprovement,CEC2017_F20,16,52284.30481688012,2.113623833996826
NoImprovement,CEC2017_F20,17,55837.43681751102,1.9587612909963354
NoImprovement,CEC2017_F20,18,30295.332097984967,1.9633156249983585
NoImprovement,CEC2017_F20,19,26794.377025097183,1.9492784169997321
NoImprovement,CEC2017_F20,20,50934.78486669548,1.8690142919949722
NoImprovement,CEC2017_F20,21,13483.536730788011,1.921173416005331
NoImprovement,CEC2017_F20,22,38305.87668849862,1.8757880000048317
NoImprovement,CEC2017_F20,23,40201.26335701218,1.7646628330039675
NoImprovement,CEC2017_F20,24,27762.848011452515,1.8372177080018446
NoImprovement,CEC2017_F20,25,47916.49384190468,1.8514236670016544
NoImprovement,CEC2017_F20,26,49724.13386771885,1.8309464999983902
NoImprovement,CEC2017_F20,27,51737.46415755312,1.8342785829954664
NoImprovement,CEC2017_F20,28,57070.23098193616,1.7337714580062311
NoImprovement,CEC2017_F20,29,32074.232514858137,1.8522786250032368
OnlyChaoticInit,CEC2017_F27,0,8667.087001926906,9.731917290999263
OnlyChaoticInit,CEC2017_F27,1,11038.807870974037,9.98971504200017
OnlyChaoticInit,CEC2017_F27,2,6501.952455768569,9.737275249994127
OnlyChaoticInit,CEC2017_F27,3,5591.287457744807,9.825801375001902
OnlyChaoticInit,CEC2017_F27,4,9608.580678229657,9.826721833996999
OnlyChaoticInit,CEC2017_F27,5,6595.609570875541,9.891240166994976
OnlyChaoticInit,CEC2017_F27,6,5703.998379281478,9.800238249998074
OnlyChaoticInit,CEC2017_F27,7,4135.8268004726015,9.814588958994136
OnlyChaoticInit,CEC2017_F27,8,5345.4272124435765,9.783078667001973
OnlyChaoticInit,CEC2017_F27,9,5615.194313487912,9.899789957999019
OnlyChaoticInit,CEC2017_F27,10,6053.873650363781,9.793451291996462
OnlyChaoticInit,CEC2017_F27,11,7527.766843821858,9.941577958998096
OnlyChaoticInit,CEC2017_F27,12,5728.8652286652505,9.83205883300252
OnlyChaoticInit,CEC2017_F27,13,6870.639219715669,9.973356332993717
OnlyChaoticInit,CEC2017_F27,14,4566.346150743255,10.082436042001063
OnlyChaoticInit,CEC2017_F27,15,6550.139276710484,9.956649332998495
OnlyChaoticInit,CEC2017_F27,16,5789.651752438306,9.603203750004468
OnlyChaoticInit,CEC2017_F27,17,8846.577041052482,9.809604166999634
OnlyChaoticInit,CEC2017_F27,18,13026.739858721643,9.874343791998399
OnlyChaoticInit,CEC2017_F27,19,5713.447074449067,9.808795832999749
OnlyChaoticInit,CEC2017_F27,20,5796.010705748433,9.83064716700028
OnlyChaoticInit,CEC2017_F27,21,5983.725300628406,10.425006833000225
OnlyChaoticInit,CEC2017_F27,22,5510.318630756312,9.99075633299799
OnlyChaoticInit,CEC2017_F27,23,4164.647707416026,9.593258082997636
OnlyChaoticInit,CEC2017_F27,24,7769.332208141116,9.394070916998317
OnlyChaoticInit,CEC2017_F27,25,6346.205902441356,8.812362791999476
OnlyChaoticInit,CEC2017_F27,26,5750.226740140099,8.783533667003212
OnlyChaoticInit,CEC2017_F27,27,6371.723835166971,8.586416790996736
OnlyChaoticInit,CEC2017_F27,28,7224.572688499202,8.563530582992826
OnlyChaoticInit,CEC2017_F27,29,4659.430032033254,8.720383125000808
OnlyAdaptiveR,CEC2017_F27,0,6100.147449617358,9.903680166004051
OnlyAdaptiveR,CEC2017_F27,1,5021.445638162328,9.79806416700012
OnlyAdaptiveR,CEC2017_F27,2,7997.484287716345,10.009488125004282
OnlyAdaptiveR,CEC2017_F27,3,4700.3689367766465,9.632650708997971
OnlyAdaptiveR,CEC2017_F27,4,4984.963353264567,9.677432041004067
OnlyAdaptiveR,CEC2017_F27,5,4115.122267604764,9.601865416996588
OnlyAdaptiveR,CEC2017_F27,6,7246.724816938068,9.959373708996281
OnlyAdaptiveR,CEC2017_F27,7,7369.239490511836,9.79605429199728
OnlyAdaptiveR,CEC2017_F27,8,5757.292259543141,9.697636083998077
OnlyAdaptiveR,CEC2017_F27,9,4819.9045031383885,9.752471332998539
OnlyAdaptiveR,CEC2017_F27,10,7129.415629117907,9.694788000000699
OnlyAdaptiveR,CEC2017_F27,11,6310.197736463714,9.789090209000278
OnlyAdaptiveR,CEC2017_F27,12,5179.383340601922,9.629201000003377
OnlyAdaptiveR,CEC2017_F27,13,3782.3996184954913,9.820971708999423
OnlyAdaptiveR,CEC2017_F27,14,4426.338967921896,9.558330291001766
OnlyAdaptiveR,CEC2017_F27,15,4917.737125373844,9.841452874999959
OnlyAdaptiveR,CEC2017_F27,16,5926.491101173158,10.077357834001305
OnlyAdaptiveR,CEC2017_F27,17,6330.790153107619,10.400814749998972
OnlyAdaptiveR,CEC2017_F27,18,6690.836766895381,9.697142167002312
OnlyAdaptiveR,CEC2017_F27,19,7341.820473541503,9.196792249997088
OnlyAdaptiveR,CEC2017_F27,20,6305.670772891898,9.080444292005268
OnlyAdaptiveR,CEC2017_F27,21,7010.088166928838,8.575511250004638
OnlyAdaptiveR,CEC2017_F27,22,4299.7355822029085,8.66395249999914
OnlyAdaptiveR,CEC2017_F27,23,6542.837822180449,8.669373999997333
OnlyAdaptiveR,CEC2017_F27,24,5040.606471499211,8.682953542003816
OnlyAdaptiveR,CEC2017_F27,25,5969.975645171889,8.177389999997104
OnlyAdaptiveR,CEC2017_F27,26,6824.309284890062,7.951072249998106
OnlyAdaptiveR,CEC2017_F27,27,5734.675090640476,7.991977707999467
OnlyAdaptiveR,CEC2017_F27,28,5724.204333365937,8.115325167003903
OnlyAdaptiveR,CEC2017_F27,29,4151.545207989344,7.9990792910029995
Full,CEC2017_F27,0,3365.79060905,13.333567207999295
Full,CEC2017_F27,1,3525.378207026146,12.909945625004184
Full,CEC2017_F27,2,3315.789665819926,12.755099374997371
Full,CEC2017_F27,3,3831.4118471627626,13.080340333995991
Full,CEC2017_F27,4,3343.243640760664,12.808490291005
Full,CEC2017_F27,5,3261.2084121963408,12.791575333001674
Full,CEC2017_F27,6,3323.619435339104,13.11372191600094
Full,CEC2017_F27,7,3367.9947716135357,13.032706791993405
Full,CEC2017_F27,8,3551.4364413235107,12.808911958003591
Full,CEC2017_F27,9,3235.4695866662987,12.92627770800027
Full,CEC2017_F27,10,3281.0255599741404,12.989660999999614
Full,CEC2017_F27,11,3392.236297068349,12.897768957998778
Full,CEC2017_F27,12,3476.0008660757976,13.042271500002244
Full,CEC2017_F27,13,3516.4595486564963,13.069416209000337
Full,CEC2017_F27,14,3251.159013391774,13.05770529199799
Full,CEC2017_F27,15,3345.4789110287634,12.90428633299598
Full,CEC2017_F27,16,3272.1637431417753,13.000656208001601
Full,CEC2017_F27,17,3312.594415939818,12.933633750006265
Full,CEC2017_F27,18,3399.5836682430668,13.55144045799534
Full,CEC2017_F27,19,3394.0722607571406,13.137927499999932
Full,CEC2017_F27,20,3253.497159779475,12.188464667000517
Full,CEC2017_F27,21,3606.421992906982,11.578665791996173
Full,CEC2017_F27,22,3721.023616339997,11.566126124998846
Full,CEC2017_F27,23,3266.2406755967186,11.361511167000572
Full,CEC2017_F27,24,3409.4764354466975,11.154757625001366
Full,CEC2017_F27,25,3337.7603958626014,10.50750929199421
Full,CEC2017_F27,26,3183.558074040285,10.611479624996718
Full,CEC2017_F27,27,3410.4241939501862,10.58980412499659
Full,CEC2017_F27,28,3284.4675881620688,10.147913708999113
Full,CEC2017_F27,29,3265.112399152625,9.728376207996916
OnlyLevyFlight,CEC2017_F27,0,5319.563093745175,9.79820745899633
OnlyLevyFlight,CEC2017_F27,1,4895.832144095728,9.920297625001695
OnlyLevyFlight,CEC2017_F27,2,6586.620696790338,9.942443583000568
OnlyLevyFlight,CEC2017_F27,3,4997.367021944983,9.961890833001235
OnlyLevyFlight,CEC2017_F27,4,5189.190124963496,9.966175834000751
OnlyLevyFlight,CEC2017_F27,5,4602.120149516687,10.190114917000756
OnlyLevyFlight,CEC2017_F27,6,6302.12476957175,10.087377791001927
OnlyLevyFlight,CEC2017_F27,7,7167.09451145443,9.767966708997847
OnlyLevyFlight,CEC2017_F27,8,5153.963060476812,9.226260666000599
OnlyLevyFlight,CEC2017_F27,9,4276.155504460839,9.049176291999174
OnlyLevyFlight,CEC2017_F27,10,7532.429950965374,8.833457624998118
OnlyLevyFlight,CEC2017_F27,11,6523.100524000085,8.701550833997317
OnlyLevyFlight,CEC2017_F27,12,5673.169704279825,8.828810332997818
OnlyLevyFlight,CEC2017_F27,13,3764.0283231002213,8.750134000001708
OnlyLevyFlight,CEC2017_F27,14,4180.951887203404,8.138898915996833
OnlyLevyFlight,CEC2017_F27,15,4478.612979184512,8.085924750004779
OnlyLevyFlight,CEC2017_F27,16,7668.690877026947,7.9499385000017355
OnlyLevyFlight,CEC2017_F27,17,5609.720396025779,8.145740667001519
OnlyLevyFlight,CEC2017_F27,18,4372.16651658105,7.91536300000007
OnlyLevyFlight,CEC2017_F27,19,5680.447057654877,7.522821999998996
OnlyLevyFlight,CEC2017_F27,20,4280.400740449657,7.551785707997624
OnlyLevyFlight,CEC2017_F27,21,5493.20881287566,6.997632874998089
OnlyLevyFlight,CEC2017_F27,22,4147.79227818272,6.841441000004124
OnlyLevyFlight,CEC2017_F27,23,5438.845892110939,6.961783457998536
OnlyLevyFlight,CEC2017_F27,24,4706.354952099818,6.809372625000833
OnlyLevyFlight,CEC2017_F27,25,4016.3331372242205,6.921347957999387
OnlyLevyFlight,CEC2017_F27,26,5080.827055781593,6.954168083000695
OnlyLevyFlight,CEC2017_F27,27,3985.4835668911714,6.838470082999265
OnlyLevyFlight,CEC2017_F27,28,5046.951481403209,6.984621582996624
OnlyLevyFlight,CEC2017_F27,29,4397.5432913697805,6.939344916994742
OnlyDEMutation,CEC2017_F27,0,3341.6661998543236,12.935282083002676
OnlyDEMutation,CEC2017_F27,1,3302.7779313235874,12.95293358300114
OnlyDEMutation,CEC2017_F27,2,4022.445789171722,12.875534957995114
OnlyDEMutation,CEC2017_F27,3,3421.0066094727285,12.954601500001445
OnlyDEMutation,CEC2017_F27,4,3459.5244866283715,12.988020958000561
OnlyDEMutation,CEC2017_F27,5,3293.097557362128,13.083165959003964
OnlyDEMutation,CEC2017_F27,6,3556.1213188688525,13.133819249997032
OnlyDEMutation,CEC2017_F27,7,3317.701747310598,13.112240124995878
OnlyDEMutation,CEC2017_F27,8,3303.5621299804707,13.127844374997949
OnlyDEMutation,CEC2017_F27,9,3656.4483485232013,12.951812166997115
OnlyDEMutation,CEC2017_F27,10,3890.8523951193947,13.510389666997071
OnlyDEMutation,CEC2017_F27,11,3520.01088842419,12.989007125004719
OnlyDEMutation,CEC2017_F27,12,3629.718870719704,12.062754958002188
OnlyDEMutation,CEC2017_F27,13,3254.008086890127,11.421346625000297
OnlyDEMutation,CEC2017_F27,14,3754.4631987430503,11.292240582995873
OnlyDEMutation,CEC2017_F27,15,3267.0906513414348,11.42315950000193
OnlyDEMutation,CEC2017_F27,16,3492.0361809979545,10.897792499999923
OnlyDEMutation,CEC2017_F27,17,3587.018567982642,10.479421792006178
OnlyDEMutation,CEC2017_F27,18,3401.8219995190157,10.672501875000307
OnlyDEMutation,CEC2017_F27,19,3295.725754336516,10.657685957994545
OnlyDEMutation,CEC2017_F27,20,3482.607120109059,10.067296791996341
OnlyDEMutation,CEC2017_F27,21,3168.167583692827,9.784791000005498
OnlyDEMutation,CEC2017_F27,22,3764.246968517854,8.706887790998735
OnlyDEMutation,CEC2017_F27,23,3304.7201302372514,9.097742167003162
OnlyDEMutation,CEC2017_F27,24,3668.2118536002004,9.012775208000676
OnlyDEMutation,CEC2017_F27,25,3354.504029214689,8.974955000005139
OnlyDEMutation,CEC2017_F27,26,3285.6379740190628,8.96886304099462
OnlyDEMutation,CEC2017_F27,27,3523.3874783347537,9.01777041600144
OnlyDEMutation,CEC2017_F27,28,3326.484712169427,8.791746499999135
OnlyDEMutation,CEC2017_F27,29,3573.917069829741,8.10449541699927
NoImprovement,CEC2017_F27,0,5629.570652466555,9.336861750001844
NoImprovement,CEC2017_F27,1,5021.76563063834,9.089518458000384
NoImprovement,CEC2017_F27,2,9052.801450126553,8.118305416996009
NoImprovement,CEC2017_F27,3,5204.228673065132,8.438167667001835
NoImprovement,CEC2017_F27,4,5317.195157705754,8.711754167001345
NoImprovement,CEC2017_F27,5,4615.3281000768675,8.524265832995297
NoImprovement,CEC2017_F27,6,7949.457016858055,8.327365334000206
NoImprovement,CEC2017_F27,7,7591.438351429955,7.907405917001597
NoImprovement,CEC2017_F27,8,6406.059406589471,8.08497695800179
NoImprovement,CEC2017_F27,9,4877.593579237606,7.953092125004332
NoImprovement,CEC2017_F27,10,7736.766657709636,8.115549041998747
NoImprovement,CEC2017_F27,11,7269.391525068255,7.8179216669959715
NoImprovement,CEC2017_F27,12,5875.0711695518985,7.367227750000893
NoImprovement,CEC2017_F27,13,3776.852704821944,6.992079749994446
NoImprovement,CEC2017_F27,14,4448.960498131105,6.798071417004394
NoImprovement,CEC2017_F27,15,4610.28102917677,6.861755833000643
NoImprovement,CEC2017_F27,16,8467.018484494387,6.732618458001525
NoImprovement,CEC2017_F27,17,6994.342551009921,6.922977375004848
NoImprovement,CEC2017_F27,18,4700.841433262149,6.855278374998306
NoImprovement,CEC2017_F27,19,8332.696011372189,6.760693917000026
NoImprovement,CEC2017_F27,20,4674.742151272303,6.775450750006712
NoImprovement,CEC2017_F27,21,6922.00069551903,6.751413208003214
NoImprovement,CEC2017_F27,22,4461.555356792827,6.556345374992816
NoImprovement,CEC2017_F27,23,7035.674204351674,6.070372332993429
NoImprovement,CEC2017_F27,24,4990.25053461949,5.685552249997272
NoImprovement,CEC2017_F27,25,4362.951880303651,5.425227624997206
NoImprovement,CEC2017_F27,26,7935.601989260138,5.515461625000171
NoImprovement,CEC2017_F27,27,5386.831136591876,5.455800457995792
NoImprovement,CEC2017_F27,28,5598.021906259661,5.511221625005419
NoImprovement,CEC2017_F27,29,4781.408187660951,5.442798957999912
