config_name,dataset,run_id,fitness,accuracy,n_selected_features,n_total_features,runtime_seconds
RG-SCSO,Zoo,7,0.022453571428571403,0.9804761904761905,5,16,405.6348589169793
RG-SCSO,Zoo,6,0.023549999999999908,0.9800000000000001,6,16,407.6587437079288
RG-SCSO,Zoo,0,0.025424999999999906,0.9800000000000001,9,16,408.1219148747623
RG-SCSO,Zoo,5,0.02417499999999991,0.9800000000000001,7,16,408.076909375377
RG-SCSO,Zoo,3,0.0249535714285714,0.9804761904761905,9,16,408.3740975842811
RG-SCSO,Zoo,1,0.025424999999999906,0.9800000000000001,9,16,408.75909658288583
RG-SCSO,Zoo,4,0.022453571428571514,0.9804761904761904,5,16,409.3193117501214
RG-SCSO,Zoo,2,0.01677500000000001,0.99,11,16,409.398468375206
RG-SCSO,Zoo,8,0.022924999999999907,0.9800000000000001,5,16,511.69897991698235
RG-SCSO,Zoo,9,0.022924999999999907,0.9800000000000001,5,16,511.77153954235837
RG-SCSO,Zoo,12,0.022924999999999907,0.9800000000000001,5,16,511.38922270806506
RG-SCSO,Zoo,10,0.02479999999999991,0.9800000000000001,8,16,512.1932887909934
RG-SCSO,Zoo,11,0.022924999999999907,0.9800000000000001,5,16,512.1518362076022
RG-SCSO,Zoo,13,0.026049999999999907,0.9800000000000001,10,16,512.2092994586565
RG-SCSO,Zoo,14,0.022924999999999907,0.9800000000000001,5,16,513.281409167219
RG-SCSO,Zoo,15,0.026049999999999907,0.9800000000000001,10,16,516.271281582769
RG-SCSO,Zoo,16,0.02417499999999991,0.9800000000000001,7,16,527.9682774590328
RG-SCSO,Zoo,17,0.022924999999999907,0.9800000000000001,5,16,527.6711830417626
RG-SCSO,Zoo,21,0.0323535714285713,0.9704761904761906,5,16,527.0667829997838
RG-SCSO,Zoo,19,0.0329785714285713,0.9704761904761906,6,16,528.6336725000292
RG-SCSO,Zoo,18,0.026049999999999907,0.9800000000000001,10,16,529.5152544169687
RG-SCSO,Zoo,22,0.022924999999999907,0.9800000000000001,5,16,528.164174458012
RG-SCSO,Zoo,20,0.01490000000000001,0.99,8,16,530.717431792058
RG-SCSO,Zoo,23,0.026049999999999907,0.9800000000000001,10,16,529.3013044996187
RG-SCSO,Sonar,0,0.11784436701509873,0.8846689895470383,22,60,448.4488136670552
RG-SCSO,Sonar,1,0.10824912891986067,0.8941927990708478,21,60,453.5904737501405
RG-SCSO,Zoo,24,0.025424999999999906,0.9800000000000001,9,16,543.5628962498158
RG-SCSO,Zoo,27,0.022453571428571403,0.9804761904761905,5,16,541.8076979997568
RG-SCSO,Zoo,25,0.01615000000000001,0.99,10,16,543.7899993341416
RG-SCSO,Zoo,26,0.02417499999999991,0.9800000000000001,7,16,544.9839282920584
RG-SCSO,Zoo,28,0.02417499999999991,0.9800000000000001,7,16,544.3136960412376
RG-SCSO,Zoo,29,0.01615000000000001,0.99,10,16,546.3720682081766
RG-SCSO,Sonar,3,0.09860220673635317,0.9036004645760742,19,60,433.0974715841003
RG-SCSO,Sonar,2,0.1120150987224158,0.8895470383275261,16,60,473.4060043329373
RG-SCSO,Sonar,5,0.10785249709639953,0.8944250871080139,20,60,430.5006108749658
RG-SCSO,Sonar,7,0.10313821138211383,0.8991869918699187,20,60,433.46519104065374
RG-SCSO,Sonar,6,0.09793554006968651,0.9036004645760742,15,60,447.8201942499727
RG-SCSO,Sonar,8,0.0981538908246226,0.9037166085946573,17,60,449.44705195818096
RG-SCSO,Sonar,9,0.1121416957026714,0.8890824622531939,14,60,450.46103208279237
RG-SCSO,Sonar,4,0.11651103368176541,0.8846689895470383,14,60,502.2383814160712
RG-SCSO,Sonar,10,0.10313821138211383,0.8991869918699187,20,60,366.26161304069683
RG-SCSO,Sonar,11,0.10740418118466907,0.8945412311265969,18,60,343.43632475007325
RG-SCSO,Sonar,15,0.08859872241579561,0.913704994192799,19,60,340.9457548749633
RG-SCSO,Sonar,14,0.1120783972125436,0.88931475029036,15,60,358.88456074986607
RG-SCSO,Sonar,16,0.11313008130081303,0.8894308943089431,22,60,357.8864234997891
RG-SCSO,Sonar,13,0.11218176538908246,0.8895470383275261,17,60,379.95264391601086
RG-SCSO,Sonar,12,0.10753077816492457,0.8940766550522647,16,60,402.2846435410902
RG-SCSO,Sonar,17,0.11496341463414637,0.8894308943089431,33,60,333.74875900009647
RG-SCSO,Sonar,18,0.09347967479674797,0.9089430894308943,20,60,330.0486267497763
RG-SCSO,Sonar,19,0.1255946573751452,0.8754936120789779,14,60,379.00484937475994
RG-SCSO,Sonar,20,0.10841579558652734,0.8941927990708478,22,60,328.6772566670552
RG-SCSO,Sonar,21,0.1137049941927992,0.8888501742160277,22,60,325.19774504192173
RG-SCSO,Sonar,22,0.11774099883855986,0.8844367015098722,20,60,329.92118270881474
RG-SCSO,Sonar,23,0.11324506387921027,0.88931475029036,22,60,333.929873125162
RG-SCSO,Sonar,25,0.11206678281068522,0.8896631823461092,17,60,324.4962334581651
RG-SCSO,Sonar,24,0.09836062717770035,0.9041811846689896,21,60,348.4122139578685
RG-SCSO,Sonar,26,0.1073008130081301,0.8943089430894309,16,60,337.0589626673609
RG-SCSO,Sonar,27,0.09381300813008131,0.9089430894308943,22,60,318.58744074963033
RG-SCSO,Sonar,28,0.11694773519163759,0.8849012775842044,18,60,321.88676729099825
RG-SCSO,Sonar,29,0.1124518002322881,0.8897793263646921,20,60,317.8811937919818
RG-SCSO,WDBC,1,0.026260984319205004,0.9771774569166279,11,30,780.4356120000593
RG-SCSO,WDBC,0,0.027997826424468276,0.9754230709517155,11,30,785.5869452082552
RG-SCSO,WDBC,2,0.023120633442012123,0.9806862288464524,12,30,783.5081196674146
RG-SCSO,WDBC,3,0.021368421052631523,0.9824561403508772,12,30,778.4488267498091
RG-SCSO,WDBC,5,0.02653951249805939,0.9789163173420276,17,30,711.5811916254461
RG-SCSO,WDBC,4,0.026943021269989112,0.9771619313771154,13,30,780.7632938749157
RG-SCSO,WDBC,7,0.024151374010246886,0.9806551777674274,15,30,741.5930629996583
RG-SCSO,WDBC,6,0.024175438596491294,0.9789473684210526,10,30,780.1825891658664
RG-SCSO,WDBC,11,0.02306582828753317,0.982425089271852,17,30,681.5292314998806
RG-SCSO,WDBC,8,0.027609687936655778,0.9771619313771154,15,30,777.726857832633
RG-SCSO,WDBC,9,0.02378730010867879,0.9806862288464524,14,30,783.6554684168659
RG-SCSO,WDBC,10,0.02523691973296082,0.9788852662630025,13,30,773.7474189996719
RG-SCSO,WDBC,12,0.025958391554106657,0.9771464058376027,10,30,784.4286093330011
RG-SCSO,WDBC,13,0.023469337059462674,0.9806707033069401,13,30,756.9467600001954
RG-SCSO,WDBC,14,0.025260984319205006,0.9771774569166279,8,30,783.016138582956
RG-SCSO,WDBC,15,0.02136842105263174,0.982456140350877,12,30,768.9108046661131
RG-SCSO,WDBC,16,0.024857475547275285,0.9789318428815401,12,30,786.6706563336775
RG-SCSO,WDBC,17,0.024206179164725835,0.9789163173420278,10,30,782.2972611249425
RG-SCSO,WDBC,18,0.022787300108678788,0.9806862288464524,11,30,789.6823927080259
RG-SCSO,WDBC,19,0.021383791336748958,0.9824406148113647,12,30,790.3282571672462
RG-SCSO,WDBC,20,0.022469337059462784,0.98067070330694,10,30,782.0001350841485
RG-SCSO,WDBC,21,0.022802670392796116,0.98067070330694,11,30,784.9239492081106
RG-SCSO,WDBC,22,0.028059307560937913,0.9753609687936654,11,30,791.4230470843613
RG-SCSO,WDBC,23,0.02248470734358022,0.9806551777674274,10,30,788.2564239581116
RG-SCSO,ColonCancer,0,0.11570653846153839,0.885897435897436,549,2000,276.67164999991655
RG-SCSO,ColonCancer,1,0.16157384615384615,0.8397435897435898,584,2000,275.5070834159851
RG-SCSO,WDBC,24,0.024554882782176712,0.9789007918025151,11,30,814.5524093750864
RG-SCSO,WDBC,25,0.02248470734358022,0.9806551777674274,10,30,792.8107740003616
RG-SCSO,WDBC,27,0.024206179164725835,0.9789163173420278,10,30,778.0764596671797
RG-SCSO,WDBC,26,0.02419080888060862,0.9789318428815401,10,30,808.3801979576237
RG-SCSO,ColonCancer,2,0.08401076923076928,0.9179487179487179,556,2000,274.6770035843365
RG-SCSO,ColonCancer,3,0.12850884615384625,0.873076923076923,571,2000,276.3088470418006
RG-SCSO,WDBC,29,0.025958391554106657,0.9771464058376027,10,30,802.5770000829361
RG-SCSO,WDBC,28,0.02348470734358022,0.9806551777674274,13,30,808.9342152909376
RG-SCSO,ColonCancer,4,0.10053576923076922,0.9012820512820513,561,2000,282.6260702498257
RG-SCSO,ColonCancer,5,0.14621307692307695,0.8551282051282051,558,2000,283.07223150040954
RG-SCSO,ColonCancer,6,0.11465230769230762,0.8871794871794872,592,2000,282.6057682079263
RG-SCSO,ColonCancer,7,0.09545384615384615,0.9064102564102564,560,2000,283.5640047919005
RG-SCSO,ColonCancer,8,0.12830384615384627,0.873076923076923,530,2000,282.55607754178345
RG-SCSO,ColonCancer,9,0.1158365384615384,0.885897435897436,575,2000,284.5708416667767
RG-SCSO,ColonCancer,11,0.11325807692307686,0.8884615384615385,567,2000,291.151121375151
RG-SCSO,ColonCancer,10,0.1157715384615384,0.885897435897436,562,2000,294.8034663326107
RG-SCSO,ColonCancer,12,0.14622807692307696,0.8551282051282051,561,2000,294.1401875000447
RG-SCSO,ColonCancer,13,0.13088730769230777,0.8705128205128204,539,2000,290.67188841616735
RG-SCSO,ColonCancer,14,0.09546384615384616,0.9064102564102564,562,2000,291.76196058420464
RG-SCSO,ColonCancer,15,0.11434730769230762,0.8871794871794872,531,2000,289.239329374861
RG-SCSO,ColonCancer,16,0.11319807692307686,0.8884615384615385,555,2000,292.4964594170451
RG-SCSO,ColonCancer,17,0.09809730769230769,0.9038461538461539,581,2000,290.81480687484145
RG-SCSO,ColonCancer,18,0.1296380769230768,0.8717948717948719,543,2000,290.19468262512237
RG-SCSO,ColonCancer,19,0.14764730769230774,0.8538461538461538,591,2000,292.0494857500307
RG-SCSO,ColonCancer,20,0.13103730769230776,0.8705128205128204,569,2000,292.07127270800993
RG-SCSO,ColonCancer,22,0.11454230769230762,0.8871794871794872,570,2000,287.71704299980775
RG-SCSO,ColonCancer,21,0.11314307692307686,0.8884615384615385,544,2000,293.4729974172078
RG-SCSO,ColonCancer,23,0.1627930769230769,0.8384615384615385,574,2000,288.90049262484536
RG-SCSO,ColonCancer,24,0.09929653846153845,0.9025641025641026,567,2000,292.88958166725934
RG-SCSO,ColonCancer,25,0.09804230769230769,0.9038461538461539,570,2000,292.21474191732705
RG-SCSO,ColonCancer,26,0.09796730769230769,0.9038461538461539,555,2000,292.7872502077371
RG-SCSO,ColonCancer,27,0.11471230769230761,0.8871794871794872,604,2000,294.68677337514237
RG-SCSO,ColonCancer,28,0.16387230769230765,0.8371794871794872,536,2000,295.83046716684476
RG-SCSO,ColonCancer,29,0.1298080769230768,0.8717948717948719,577,2000,297.996481416747
RG-SCSO,Leukemia,0,0.01673316798015757,0.9857142857142858,925,3571,362.4047272922471
RG-SCSO,Leukemia,1,0.016831179741568936,0.9857142857142858,960,3571,359.64838316710666
RG-SCSO,Leukemia,2,0.016772372684722116,0.9857142857142858,939,3571,361.1433491660282
RG-SCSO,Leukemia,3,0.0158071128535424,0.9866666666666667,931,3571,362.084860582836
RG-SCSO,Leukemia,4,0.016679961595391396,0.9857142857142858,906,3571,363.4337702090852
RG-SCSO,Leukemia,5,0.015790310837300453,0.9866666666666667,925,3571,365.9473074581474
RG-SCSO,Leukemia,6,0.015826715205824675,0.9866666666666667,938,3571,365.6049296660349
RG-SCSO,Leukemia,7,0.016833980077609265,0.9857142857142858,961,3571,362.860658749938
RG-SCSO,Leukemia,8,0.015930327639316694,0.9866666666666667,975,3571,363.0621679169126
RG-SCSO,Leukemia,9,0.015706300756090707,0.9866666666666667,895,3571,363.8181015420705
RG-SCSO,Leukemia,10,0.015891122934752144,0.9866666666666667,961,3571,360.82838870817795
RG-SCSO,Leukemia,11,0.016766772012641467,0.9857142857142858,937,3571,361.9846020406112
RG-SCSO,Leukemia,12,0.01679197503700439,0.9857142857142858,946,3571,360.99553100019693
RG-SCSO,Leukemia,13,0.015809913189582726,0.9866666666666667,932,3571,359.08090558322147
RG-SCSO,Leukemia,14,0.016755570668480168,0.9857142857142858,933,3571,363.69803866697475
RG-SCSO,Leukemia,15,0.016763971676601142,0.9857142857142858,936,3571,358.1081205001101
RG-SCSO,Leukemia,16,0.0158183141977037,0.9866666666666667,935,3571,355.28787195915356
RG-SCSO,Leukemia,17,0.01677517302076244,0.9857142857142858,940,3571,349.7093138326891
RG-SCSO,Leukemia,18,0.016724766972036596,0.9857142857142858,922,3571,351.95219216682017
RG-SCSO,Leukemia,19,0.01677517302076244,0.9857142857142858,940,3571,353.54309541592374
RG-SCSO,Leukemia,20,0.016783574028883416,0.9857142857142858,943,3571,341.77841666713357
RG-SCSO,Leukemia,21,0.01684798175781089,0.9857142857142858,966,3571,342.2626659166999
RG-SCSO,Leukemia,22,0.016817178061367313,0.9857142857142858,955,3571,344.544773416128
RG-SCSO,Leukemia,23,0.01581271352562305,0.9866666666666667,933,3571,340.173740291968
RG-SCSO,Leukemia,24,0.016763971676601142,0.9857142857142858,936,3571,338.2676065834239
RG-SCSO,Leukemia,25,0.016856382765931863,0.9857142857142858,969,3571,340.7673664581962
RG-SCSO,Leukemia,26,0.016761171340560817,0.9857142857142858,935,3571,338.6570403748192
RG-SCSO,Leukemia,27,0.01677517302076244,0.9857142857142858,940,3571,338.32695729192346
RG-SCSO,Leukemia,28,0.01679757570908504,0.9857142857142858,948,3571,325.93071983382106
RG-SCSO,Leukemia,29,0.016741568988278544,0.9857142857142858,928,3571,325.92870358377695
RG-SCSO-RandomProbe,Zoo,0,0.025424999999999906,0.9800000000000001,9,16,391.02523187501356
RG-SCSO-RandomProbe,Zoo,1,0.022924999999999907,0.9800000000000001,5,16,387.7967986250296
RG-SCSO-RandomProbe,Zoo,2,0.022924999999999907,0.9800000000000001,5,16,385.8420014162548
RG-SCSO-RandomProbe,Zoo,3,0.022453571428571403,0.9804761904761905,5,16,385.32430270826444
RG-SCSO-RandomProbe,Zoo,4,0.022453571428571514,0.9804761904761904,5,16,384.62762608285993
RG-SCSO-RandomProbe,Zoo,5,0.02417499999999991,0.9800000000000001,7,16,382.0723114577122
RG-SCSO-RandomProbe,Zoo,6,0.022924999999999907,0.9800000000000001,5,16,379.63946183398366
RG-SCSO-RandomProbe,Zoo,7,0.022453571428571403,0.9804761904761905,5,16,382.426182041876
RG-SCSO-RandomProbe,Zoo,8,0.022924999999999907,0.9800000000000001,5,16,386.523837165907
RG-SCSO-RandomProbe,Zoo,9,0.03282500000000003,0.97,5,16,382.91295329201967
RG-SCSO-RandomProbe,Zoo,10,0.02479999999999991,0.9800000000000001,8,16,384.1457412089221
RG-SCSO-RandomProbe,Zoo,11,0.022924999999999907,0.9800000000000001,5,16,382.3436518330127
RG-SCSO-RandomProbe,Zoo,12,0.02479999999999991,0.9800000000000001,8,16,383.7958850003779
RG-SCSO-RandomProbe,Zoo,13,0.025424999999999906,0.9800000000000001,9,16,377.5569306248799
RG-SCSO-RandomProbe,Zoo,14,0.022924999999999907,0.9800000000000001,5,16,380.8270483748056
RG-SCSO-RandomProbe,Zoo,15,0.022453571428571403,0.9804761904761905,5,16,380.4175869580358
RG-SCSO-RandomProbe,Zoo,16,0.02417499999999991,0.9800000000000001,7,16,375.61987962480634
RG-SCSO-RandomProbe,Zoo,17,0.022924999999999907,0.9800000000000001,5,16,375.2597903339192
RG-SCSO-RandomProbe,Zoo,18,0.024953571428571512,0.9804761904761904,9,16,377.57020558277145
RG-SCSO-RandomProbe,Zoo,19,0.03345000000000002,0.97,6,16,374.2945640422404
RG-SCSO-RandomProbe,Zoo,20,0.01490000000000001,0.99,8,16,376.5265879156068
RG-SCSO-RandomProbe,Zoo,21,0.022924999999999907,0.9800000000000001,5,16,373.2226949580945
RG-SCSO-RandomProbe,Zoo,22,0.01615000000000001,0.99,10,16,377.08666458306834
RG-SCSO-RandomProbe,Zoo,23,0.025424999999999906,0.9800000000000001,9,16,377.65063020866364
RG-SCSO-RandomProbe,Zoo,24,0.022924999999999907,0.9800000000000001,5,16,379.4812552500516
RG-SCSO-RandomProbe,Zoo,25,0.025424999999999906,0.9800000000000001,9,16,377.04855225002393
RG-SCSO-RandomProbe,Zoo,26,0.02417499999999991,0.9800000000000001,7,16,376.25992099987343
RG-SCSO-RandomProbe,Zoo,27,0.023703571428571404,0.9804761904761905,7,16,382.31086862506345
RG-SCSO-RandomProbe,Zoo,28,0.02417499999999991,0.9800000000000001,7,16,379.0866190409288
RG-SCSO-RandomProbe,Zoo,29,0.01615000000000001,0.99,10,16,378.5789018338546
RG-SCSO-RandomProbe,Sonar,0,0.09336469221835074,0.9090592334494774,20,60,313.27791662467644
RG-SCSO-RandomProbe,Sonar,1,0.09326132404181188,0.9088269454123112,18,60,307.10762183275074
RG-SCSO-RandomProbe,Sonar,2,0.08905865272938454,0.9132404181184668,19,60,297.13976866705343
RG-SCSO-RandomProbe,Sonar,3,0.08337282229965155,0.918815331010453,18,60,305.8786774999462
RG-SCSO-RandomProbe,Sonar,4,0.09342799070847854,0.9088269454123112,19,60,294.3683403749019
RG-SCSO-RandomProbe,Sonar,5,0.1030865272938444,0.8990708478513356,19,60,295.17321887472644
RG-SCSO-RandomProbe,Sonar,7,0.09297967479674797,0.9089430894308943,17,60,286.16496329102665
RG-SCSO-RandomProbe,Sonar,6,0.08612601626016274,0.9178861788617885,29,60,295.25188479200006
RG-SCSO-RandomProbe,Sonar,8,0.10275319396051107,0.8990708478513356,17,60,299.47690691705793
RG-SCSO-RandomProbe,Sonar,9,0.1039947735191639,0.8984901277584203,21,60,310.74776395922527
RG-SCSO-RandomProbe,Sonar,11,0.09893554006968651,0.9036004645760742,21,60,296.49584266589954
RG-SCSO-RandomProbe,Sonar,10,0.09748722415795594,0.9037166085946573,13,60,328.16374987503514
RG-SCSO-RandomProbe,Sonar,12,0.10309814169570276,0.8987224157955864,17,60,292.89633045811206
RG-SCSO-RandomProbe,Sonar,13,0.10312659698025557,0.8995354239256678,22,60,294.518245624844
RG-SCSO-RandomProbe,Sonar,14,0.06990824622531948,0.932752613240418,20,60,294.32956333318725
RG-SCSO-RandomProbe,Sonar,15,0.10518989547038328,0.8993031358885017,33,60,292.2414276250638
RG-SCSO-RandomProbe,Sonar,16,0.09909059233449481,0.9039488966318234,24,60,302.6464596670121
RG-SCSO-RandomProbe,Sonar,17,0.09297967479674797,0.9089430894308943,17,60,290.6995630408637
RG-SCSO-RandomProbe,Sonar,19,0.11655110336817656,0.8851335656213705,17,60,286.026617417112
RG-SCSO-RandomProbe,Sonar,18,0.1030865272938444,0.8990708478513356,19,60,332.81414799997583
RG-SCSO-RandomProbe,Sonar,20,0.1088641114982579,0.8940766550522647,24,60,287.3047522078268
RG-SCSO-RandomProbe,Sonar,21,0.08444773519163772,0.9182346109175377,21,60,288.2142700422555
RG-SCSO-RandomProbe,Sonar,22,0.1078641114982579,0.8940766550522647,18,60,299.8255137922242
RG-SCSO-RandomProbe,Sonar,23,0.12167363530778166,0.8797909407665505,16,60,306.5185052501038
RG-SCSO-RandomProbe,Sonar,25,0.07540418118466909,0.9278745644599302,24,60,285.3310591247864
RG-SCSO-RandomProbe,Sonar,24,0.10763414634146344,0.8943089430894309,18,60,292.89121379191056
RG-SCSO-RandomProbe,Sonar,26,0.09403135888501753,0.9090592334494773,24,60,290.5606500003487
RG-SCSO-RandomProbe,Sonar,27,0.08927700348432065,0.9133565621370499,21,60,292.69446724979207
RG-SCSO-RandomProbe,Sonar,28,0.10026887340301983,0.9036004645760742,29,60,291.856806457974
RG-SCSO-RandomProbe,Sonar,29,0.10335656213705004,0.8993031358885016,22,60,289.4191630841233
RG-SCSO-RandomProbe,WDBC,0,0.025206179164725836,0.9789163173420278,13,30,730.8240117081441
RG-SCSO-RandomProbe,WDBC,1,0.022120633442012122,0.9806862288464524,9,30,737.4238136657514
RG-SCSO-RandomProbe,WDBC,2,0.024151374010246886,0.9806551777674274,15,30,679.1238506250083
RG-SCSO-RandomProbe,WDBC,3,0.022453966775345457,0.9806862288464524,10,30,741.1399847501889
RG-SCSO-RandomProbe,WDBC,6,0.02584210526315796,0.9789473684210526,15,30,681.3095740829594
RG-SCSO-RandomProbe,WDBC,4,0.02313600372612945,0.98067070330694,12,30,737.2197835003026
RG-SCSO-RandomProbe,WDBC,5,0.023500077627697548,0.9806396522279149,13,30,735.3423824999481
RG-SCSO-RandomProbe,WDBC,7,0.022151374010246885,0.9806551777674274,9,30,734.9310399163514
RG-SCSO-RandomProbe,WDBC,8,0.02552414221394195,0.9789318428815401,14,30,713.0319786248729
RG-SCSO-RandomProbe,WDBC,9,0.025539512498059167,0.9789163173420278,14,30,745.889090209268
RG-SCSO-RandomProbe,WDBC,10,0.02173249495419984,0.982425089271852,13,30,731.8443072922528
RG-SCSO-RandomProbe,WDBC,11,0.022802670392796334,0.9806707033069397,11,30,741.7719523329288
RG-SCSO-RandomProbe,WDBC,13,0.023888216115510046,0.9789007918025151,9,30,726.3093141252175
RG-SCSO-RandomProbe,WDBC,12,0.0248728458313925,0.9789163173420278,12,30,741.8062039171346
RG-SCSO-RandomProbe,WDBC,15,0.026190808880608617,0.9789318428815401,16,30,687.4266410423443
RG-SCSO-RandomProbe,WDBC,14,0.021035087719298406,0.982456140350877,11,30,734.4620163752697
RG-SCSO-RandomProbe,WDBC,16,0.022050458003415624,0.9824406148113647,14,30,733.9661839581095
RG-SCSO-RandomProbe,WDBC,17,0.026578947368421015,0.9771929824561404,12,30,734.8372643748298
RG-SCSO-RandomProbe,WDBC,18,0.02526098431920523,0.9771774569166277,8,30,727.4744654591195
RG-SCSO-RandomProbe,WDBC,19,0.02248470734358022,0.9806551777674274,10,30,738.1776428748854
RG-SCSO-RandomProbe,WDBC,20,0.022732494954199836,0.982425089271852,16,30,688.0011010831222
RG-SCSO-RandomProbe,WDBC,21,0.026190808880608617,0.9789318428815401,16,30,695.5799275422469
RG-SCSO-RandomProbe,WDBC,22,0.026307095171557094,0.9771308802980905,11,30,732.3791529578157
RG-SCSO-RandomProbe,WDBC,23,0.02208119857165028,0.9824095637323398,14,30,737.8628543750383
RG-SCSO-RandomProbe,ColonCancer,0,0.09734653846153844,0.9025641025641026,177,2000,252.0843684580177
RG-SCSO-RandomProbe,ColonCancer,1,0.09611230769230769,0.9038461538461539,184,2000,254.80312729114667
RG-SCSO-RandomProbe,WDBC,25,0.024151374010246886,0.9806551777674274,15,30,704.2136612921022
RG-SCSO-RandomProbe,ColonCancer,2,0.08216076923076927,0.9179487179487179,186,2000,255.00053079100326
RG-SCSO-RandomProbe,WDBC,24,0.025958391554106657,0.9771464058376027,10,30,756.6442957906984
RG-SCSO-RandomProbe,ColonCancer,3,0.09607730769230768,0.9038461538461539,177,2000,255.52952920785174
RG-SCSO-RandomProbe,WDBC,26,0.02594302126998911,0.9771619313771154,10,30,750.5961243328638
RG-SCSO-RandomProbe,WDBC,27,0.023802670392796117,0.98067070330694,14,30,769.7342772502452
RG-SCSO-RandomProbe,WDBC,29,0.026291724887439766,0.9771464058376029,11,30,754.8576992498711
RG-SCSO-RandomProbe,WDBC,28,0.024524142213941842,0.9789318428815402,11,30,770.4609346250072
RG-SCSO-RandomProbe,ColonCancer,4,0.08224576923076916,0.917948717948718,203,2000,262.6723932912573
RG-SCSO-RandomProbe,ColonCancer,6,0.08113153846153841,0.9192307692307693,234,2000,260.3148006661795
RG-SCSO-RandomProbe,ColonCancer,5,0.12924230769230777,0.8705128205128204,210,2000,263.5525976247154
RG-SCSO-RandomProbe,ColonCancer,7,0.09494807692307691,0.9051282051282051,205,2000,266.7821944579482
RG-SCSO-RandomProbe,ColonCancer,8,0.0808015384615384,0.9192307692307693,168,2000,265.2339815828018
RG-SCSO-RandomProbe,ColonCancer,9,0.09760653846153844,0.9025641025641026,229,2000,268.0999491252005
RG-SCSO-RandomProbe,ColonCancer,10,0.06608076923076922,0.9346153846153846,270,2000,272.4780153329484
RG-SCSO-RandomProbe,ColonCancer,11,0.07990730769230774,0.9205128205128205,243,2000,271.93573791673407
RG-SCSO-RandomProbe,ColonCancer,12,0.1151565384615384,0.885897435897436,439,2000,269.8224467919208
RG-SCSO-RandomProbe,ColonCancer,13,0.09750153846153845,0.9025641025641026,208,2000,267.058182249777
RG-SCSO-RandomProbe,ColonCancer,14,0.07842307692307687,0.9217948717948719,200,2000,272.44411079166457
RG-SCSO-RandomProbe,ColonCancer,15,0.09731153846153845,0.9025641025641026,170,2000,269.1748509169556
RG-SCSO-RandomProbe,ColonCancer,16,0.0810265384615385,0.9192307692307692,213,2000,269.4706047917716
RG-SCSO-RandomProbe,ColonCancer,17,0.07970730769230774,0.9205128205128205,203,2000,272.90517129097134
RG-SCSO-RandomProbe,ColonCancer,18,0.06567076923076921,0.9346153846153846,188,2000,276.6181502919644
RG-SCSO-RandomProbe,ColonCancer,19,0.1137965384615384,0.885897435897436,167,2000,277.12771745817736
RG-SCSO-RandomProbe,ColonCancer,20,0.09871076923076921,0.9012820512820513,196,2000,270.6494185831398
RG-SCSO-RandomProbe,ColonCancer,21,0.09506307692307692,0.9051282051282051,228,2000,273.85204229084775
RG-SCSO-RandomProbe,ColonCancer,22,0.0810715384615384,0.9192307692307693,222,2000,274.39717770926654
RG-SCSO-RandomProbe,ColonCancer,23,0.16105307692307688,0.8384615384615385,226,2000,276.4983929172158
RG-SCSO-RandomProbe,ColonCancer,24,0.06572576923076921,0.9346153846153846,199,2000,275.09495812514797
RG-SCSO-RandomProbe,ColonCancer,25,0.08082653846153841,0.9192307692307693,173,2000,274.40061537502334
RG-SCSO-RandomProbe,ColonCancer,26,0.09617230769230768,0.9038461538461539,196,2000,277.93125141691417
RG-SCSO-RandomProbe,ColonCancer,27,0.09790653846153845,0.9025641025641026,289,2000,278.0365626667626
RG-SCSO-RandomProbe,ColonCancer,28,0.13052153846153855,0.8692307692307691,212,2000,278.30309591582045
RG-SCSO-RandomProbe,ColonCancer,29,0.11265730769230761,0.8871794871794872,193,2000,276.52054837485775
RG-SCSO-RandomProbe,Leukemia,0,0.0153161979437532,0.9857142857142858,419,3571,334.4461330003105
RG-SCSO-RandomProbe,Leukemia,1,0.015293795255430601,0.9857142857142858,411,3571,337.3205906660296
RG-SCSO-RandomProbe,Leukemia,2,0.015464615753890416,0.9857142857142858,472,3571,336.09140387456864
RG-SCSO-RandomProbe,Leukemia,3,0.014493755250630052,0.9866666666666667,462,3571,337.0718506248668
RG-SCSO-RandomProbe,Leukemia,5,0.014300532063847637,0.9866666666666667,393,3571,337.5147392908111
RG-SCSO-RandomProbe,Leukemia,4,0.015268592231067678,0.9857142857142858,402,3571,341.8337616249919
RG-SCSO-RandomProbe,Leukemia,6,0.014252926351162116,0.9866666666666667,376,3571,338.01217566709965
RG-SCSO-RandomProbe,Leukemia,7,0.0017782133856062727,1.0,635,3571,341.9434106252156
RG-SCSO-RandomProbe,Leukemia,8,0.014404144497339656,0.9866666666666667,430,3571,337.41900012502447
RG-SCSO-RandomProbe,Leukemia,9,0.01434813777653316,0.9866666666666667,410,3571,343.3050130000338
RG-SCSO-RandomProbe,Leukemia,10,0.014387342481097708,0.9866666666666667,424,3571,339.84611108293757
RG-SCSO-RandomProbe,Leukemia,11,0.015377805336640347,0.9857142857142858,441,3571,342.5481657497585
RG-SCSO-RandomProbe,Leukemia,12,0.015243389206704754,0.9857142857142858,393,3571,344.0464224591851
RG-SCSO-RandomProbe,Leukemia,13,0.01434253710445251,0.9866666666666667,408,3571,343.65933570824564
RG-SCSO-RandomProbe,Leukemia,14,0.015293795255430601,0.9857142857142858,411,3571,345.71865841699764
RG-SCSO-RandomProbe,Leukemia,15,0.0153161979437532,0.9857142857142858,419,3571,341.3983391248621
RG-SCSO-RandomProbe,Leukemia,16,0.014390142817138032,0.9866666666666667,425,3571,343.3210395411588
RG-SCSO-RandomProbe,Leukemia,17,0.0153273992879145,0.9857142857142858,423,3571,339.082088209223
RG-SCSO-RandomProbe,Leukemia,18,0.01522378685442248,0.9857142857142858,386,3571,337.2119969171472
RG-SCSO-RandomProbe,Leukemia,19,0.01522378685442248,0.9857142857142858,386,3571,329.4692950421013
RG-SCSO-RandomProbe,Leukemia,20,0.015254590550866054,0.9857142857142858,397,3571,326.7992107910104
RG-SCSO-RandomProbe,Leukemia,21,0.01533299995999515,0.9857142857142858,425,3571,326.67528154188767
RG-SCSO-RandomProbe,Leukemia,23,0.014504956594791351,0.9866666666666667,466,3571,319.4847587919794
RG-SCSO-RandomProbe,Leukemia,22,0.015271392567108003,0.9857142857142858,403,3571,320.9500659997575
RG-SCSO-RandomProbe,Leukemia,24,0.015324598951874175,0.9857142857142858,422,3571,306.5495977080427
RG-SCSO-RandomProbe,Leukemia,25,0.015335800296035474,0.9857142857142858,426,3571,300.08339395932853
RG-SCSO-RandomProbe,Leukemia,26,0.01523498819858378,0.9857142857142858,390,3571,294.54306025011465
RG-SCSO-RandomProbe,Leukemia,27,0.015307796935632226,0.9857142857142858,416,3571,256.7428394998424
RG-SCSO-RandomProbe,Leukemia,28,0.015318998279793525,0.9857142857142858,420,3571,241.63728479063138
RG-SCSO-RandomProbe,Leukemia,29,0.015271392567108003,0.9857142857142858,403,3571,241.03708220925182
