beta,dataset,run_id,fitness,accuracy,n_selected_features,n_total_features,runtime_seconds
0.0,Zoo,6,0.019799999999999908,0.9800000000000001,6,16,177.98056741710752
0.0,Zoo,0,0.019799999999999908,0.9800000000000001,10,16,178.1284129577689
0.0,Zoo,2,0.00990000000000001,0.99,10,16,178.3148741251789
0.0,Zoo,5,0.019799999999999908,0.9800000000000001,10,16,178.36252508405596
0.0,Zoo,3,0.019328571428571403,0.9804761904761905,9,16,178.9330703751184
0.0,Zoo,1,0.019799999999999908,0.9800000000000001,10,16,179.23877433408052
0.0,Zoo,4,0.019328571428571514,0.9804761904761904,5,16,180.18411449994892
0.0,Zoo,7,0.019328571428571403,0.9804761904761905,5,16,180.1365425423719
0.0,Zoo,11,0.019799999999999908,0.9800000000000001,7,16,188.6120850839652
0.0,Zoo,9,0.00990000000000001,0.99,10,16,190.1963505409658
0.0,Zoo,12,0.019328571428571514,0.9804761904761904,10,16,189.4771132497117
0.0,Zoo,8,0.019799999999999908,0.9800000000000001,7,16,190.61399425007403
0.0,Zoo,15,0.019328571428571403,0.9804761904761905,5,16,189.30014262488112
0.0,Zoo,10,0.019799999999999908,0.9800000000000001,11,16,191.54519541701302
0.0,Zoo,13,0.019799999999999908,0.9800000000000001,12,16,191.26853229198605
0.0,Zoo,14,0.019799999999999908,0.9800000000000001,5,16,191.665278499946
0.0,Zoo,16,0.019799999999999908,0.9800000000000001,11,16,186.31305241724476
0.0,Zoo,21,0.019799999999999908,0.9800000000000001,5,16,184.21484149992466
0.0,Zoo,18,0.019328571428571514,0.9804761904761904,10,16,186.68157370900735
0.0,Zoo,19,0.029228571428571302,0.9704761904761906,9,16,187.74382208287716
0.0,Zoo,20,0.019328571428571403,0.9804761904761905,11,16,186.91984916711226
0.0,Zoo,17,0.019799999999999908,0.9800000000000001,11,16,188.38079329114407
0.0,Zoo,22,0.019799999999999908,0.9800000000000001,9,16,187.6473612501286
0.0,Zoo,23,0.019799999999999908,0.9800000000000001,10,16,186.92311450000852
0.0,Sonar,0,0.11417770034843207,0.8846689895470383,22,60,158.81906362529844
0.0,Sonar,1,0.10003484320557497,0.8989547038327526,14,60,184.18462783331051
0.0,Zoo,24,0.019799999999999908,0.9800000000000001,5,16,193.39852695772424
0.0,Zoo,26,0.019799999999999908,0.9800000000000001,7,16,192.3449095832184
0.0,Zoo,25,0.00990000000000001,0.99,11,16,194.03369270917028
0.0,Zoo,27,0.019328571428571403,0.9804761904761905,5,16,192.1997454580851
0.0,Zoo,28,0.019799999999999908,0.9800000000000001,8,16,194.06603508302942
0.0,Zoo,29,0.019799999999999908,0.9800000000000001,5,16,194.53813350014389
0.0,Sonar,2,0.09991986062717774,0.8990708478513356,21,60,168.5962205408141
0.0,Sonar,5,0.1045191637630662,0.8944250871080139,21,60,166.991612250451
0.0,Sonar,7,0.09980487804878051,0.8991869918699187,20,60,168.80330795887858
0.0,Sonar,6,0.09520557491289204,0.9038327526132404,22,60,170.96807566657662
0.0,Sonar,3,0.1048641114982579,0.8940766550522647,16,60,177.2726024161093
0.0,Sonar,9,0.11452264808362377,0.8843205574912891,24,60,172.40816991589963
0.0,Sonar,8,0.09532055749128927,0.9037166085946573,17,60,175.45771220792085
0.0,Sonar,4,0.09968989547038327,0.8993031358885017,11,60,186.32740324968472
0.0,Sonar,10,0.10440418118466896,0.894541231126597,18,60,173.65505662513897
0.0,Sonar,15,0.08071777003484325,0.9184668989547038,19,60,204.80498883407563
0.0,Sonar,16,0.10946341463414637,0.8894308943089431,22,60,210.92855045804754
0.0,Sonar,11,0.10969337979094083,0.8891986062717769,16,60,229.27488758368418
0.0,Sonar,13,0.10934843205574914,0.8895470383275261,17,60,226.6187980840914
0.0,Sonar,17,0.10934843205574914,0.8895470383275261,35,60,214.77057641698048
0.0,Sonar,12,0.1048641114982579,0.8940766550522647,16,60,252.53959408402443
0.0,Sonar,14,0.09497560975609758,0.9040650406504065,18,60,249.08153474982828
0.0,Sonar,18,0.09014634146341464,0.9089430894308943,20,60,342.3382042921148
0.0,Sonar,20,0.10474912891986067,0.8941927990708478,22,60,353.6095497501083
0.0,Sonar,22,0.11440766550522653,0.8844367015098722,20,60,350.3833409161307
0.0,Sonar,23,0.1095783972125436,0.88931475029036,22,60,355.3000719589181
0.0,Sonar,25,0.10923344947735189,0.8896631823461092,17,60,341.2007620828226
0.0,Sonar,21,0.1004947735191639,0.8984901277584203,13,60,386.5198859171942
0.0,Sonar,19,0.12326132404181186,0.8754936120789779,14,60,402.07197174988687
0.0,Sonar,24,0.09486062717770034,0.9041811846689896,21,60,368.68609445821494
0.0,Sonar,26,0.10934843205574923,0.889547038327526,16,60,383.07222441677004
0.0,Sonar,27,0.09014634146341464,0.9089430894308943,22,60,362.07185362512246
0.0,Sonar,28,0.10900348432055743,0.8898954703832753,15,60,371.07556120911613
0.0,Sonar,29,0.10911846689895477,0.8897793263646921,20,60,366.2295460831374
0.0,WDBC,3,0.02084210526315796,0.9789473684210526,19,30,805.1181922079995
0.0,WDBC,2,0.0208728458313925,0.9789163173420278,15,30,876.2608224162832
0.0,WDBC,0,0.02433115975780161,0.9754230709517155,11,30,895.5137509168126
0.0,WDBC,1,0.019120633442012123,0.9806862288464524,12,30,880.6693586655892
0.0,WDBC,4,0.022609687936655777,0.9771619313771154,13,30,867.5877225417644
0.0,WDBC,5,0.0208728458313925,0.9789163173420278,16,30,828.168750999961
0.0,WDBC,7,0.019166744294364213,0.9806396522279149,12,30,856.0414907499216
0.0,WDBC,6,0.02259431765253856,0.9771774569166277,13,30,864.7386297499761
0.0,WDBC,11,0.01913600372612934,0.9806707033069401,18,30,690.1125742914155
0.0,WDBC,8,0.02259431765253834,0.9771774569166279,15,30,803.6471780003048
0.0,WDBC,9,0.019120633442012123,0.9806862288464524,14,30,795.0073560839519
0.0,WDBC,10,0.022609687936655777,0.9771619313771154,11,30,803.4454713752493
0.0,WDBC,13,0.0208728458313925,0.9789163173420278,17,30,699.698238958139
0.0,WDBC,14,0.02084210526315774,0.9789473684210528,17,30,709.5013921661302
0.0,WDBC,12,0.020872845831392723,0.9789163173420276,12,30,793.7746100421064
0.0,WDBC,15,0.020872845831392723,0.9789163173420276,11,30,761.2599691669457
0.0,WDBC,17,0.02259431765253834,0.9771774569166279,18,30,666.46341962507
0.0,WDBC,16,0.02259431765253834,0.9771774569166279,15,30,757.3075446658768
0.0,WDBC,18,0.02084210526315774,0.9789473684210528,13,30,722.7358192908578
0.0,WDBC,19,0.0208728458313925,0.9789163173420278,14,30,717.4087954158895
0.0,WDBC,20,0.01913600372612945,0.98067070330694,10,30,644.1578597091138
0.0,WDBC,21,0.020857475547275177,0.9789318428815402,16,30,600.8705226671882
0.0,WDBC,22,0.0226250582207731,0.9771464058376029,12,30,611.5691343750805
0.0,WDBC,23,0.0208728458313925,0.9789163173420278,16,30,593.1381384576671
0.0,ColonCancer,0,0.11169230769230762,0.8871794871794872,609,2000,127.26797166699544
0.0,ColonCancer,1,0.14469230769230773,0.8538461538461538,580,2000,127.03773641679436
0.0,WDBC,24,0.020888216115510047,0.9789007918025151,13,30,433.62439262494445
0.0,WDBC,25,0.01913600372612945,0.98067070330694,14,30,418.5377605841495
0.0,WDBC,26,0.02259431765253834,0.9771774569166279,15,30,398.44422208331525
0.0,ColonCancer,2,0.08123076923076927,0.9179487179487179,574,2000,131.86992416577414
0.0,WDBC,27,0.020888216115510047,0.9789007918025151,9,30,395.10733037488535
0.0,ColonCancer,3,0.12565384615384625,0.873076923076923,576,2000,134.7443019580096
0.0,ColonCancer,4,0.08123076923076916,0.917948717948718,612,2000,133.4243701249361
0.0,ColonCancer,5,0.15865384615384615,0.8397435897435898,577,2000,132.46271762484685
0.0,WDBC,28,0.017383791336748958,0.9824406148113647,11,30,392.35076854238287
0.0,WDBC,29,0.024331159757801722,0.9754230709517154,8,30,395.02687466703355
0.0,ColonCancer,7,0.07742307692307687,0.9217948717948719,557,2000,135.1617658343166
0.0,ColonCancer,8,0.11042307692307686,0.8884615384615385,572,2000,135.1335819172673
0.0,ColonCancer,6,0.11296153846153839,0.885897435897436,554,2000,136.0288059581071
0.0,ColonCancer,9,0.11169230769230762,0.8871794871794872,591,2000,133.5992886670865
0.0,ColonCancer,10,0.09646153846153845,0.9025641025641026,553,2000,134.09790416667238
0.0,ColonCancer,11,0.09519230769230769,0.9038461538461539,569,2000,133.94055650010705
0.0,ColonCancer,12,0.14469230769230773,0.8538461538461538,543,2000,133.2810689578764
0.0,ColonCancer,13,0.12819230769230777,0.8705128205128204,548,2000,132.52378895832226
0.0,ColonCancer,15,0.09646153846153845,0.9025641025641026,572,2000,132.11849533300847
0.0,ColonCancer,14,0.10788461538461555,0.8910256410256409,571,2000,133.07618279196322
0.0,ColonCancer,16,0.11042307692307686,0.8884615384615385,532,2000,133.40766604198143
0.0,ColonCancer,17,0.11042307692307686,0.8884615384615385,565,2000,131.38199354195967
0.0,ColonCancer,18,0.1269230769230768,0.8717948717948719,561,2000,130.6151669160463
0.0,ColonCancer,19,0.14469230769230773,0.8538461538461538,595,2000,130.0076218340546
0.0,ColonCancer,20,0.12819230769230777,0.8705128205128204,531,2000,129.47433362528682
0.0,ColonCancer,21,0.09392307692307691,0.9051282051282051,588,2000,130.83276637503877
0.0,ColonCancer,22,0.11169230769230762,0.8871794871794872,530,2000,132.86586295813322
0.0,ColonCancer,23,0.16119230769230777,0.8371794871794871,547,2000,132.42110141692683
0.0,ColonCancer,24,0.09646153846153845,0.9025641025641026,570,2000,133.16954550007358
0.0,ColonCancer,25,0.09519230769230769,0.9038461538461539,582,2000,132.51062237471342
0.0,ColonCancer,26,0.1091538461538461,0.8897435897435898,534,2000,133.81743879104033
0.0,ColonCancer,27,0.11169230769230762,0.8871794871794872,607,2000,135.9319274588488
0.0,ColonCancer,28,0.1599230769230769,0.8384615384615385,554,2000,134.79636070830747
0.0,ColonCancer,29,0.11042307692307686,0.8884615384615385,597,2000,136.09546129172668
0.0,Leukemia,0,0.014142857142857092,0.9857142857142858,1058,3571,165.46267391601577
0.0,Leukemia,2,0.014142857142857092,0.9857142857142858,1240,3571,167.0314236660488
0.0,Leukemia,1,0.014142857142857092,0.9857142857142858,1829,3571,173.3129515410401
0.0,Leukemia,3,0.013199999999999976,0.9866666666666667,1170,3571,167.17427737498656
0.0,Leukemia,4,0.014142857142857092,0.9857142857142858,1750,3571,175.7457948331721
0.0,Leukemia,5,0.013199999999999976,0.9866666666666667,1806,3571,178.26064916606992
0.0,Leukemia,6,0.013199999999999976,0.9866666666666667,1798,3571,178.58421116694808
0.0,Leukemia,7,0.014142857142857092,0.9857142857142858,1782,3571,178.79314454086125
0.0,Leukemia,8,0.013199999999999976,0.9866666666666667,1025,3571,170.46317354217172
0.0,Leukemia,9,0.013199999999999976,0.9866666666666667,998,3571,171.28294975031167
0.0,Leukemia,10,0.013199999999999976,0.9866666666666667,1060,3571,173.33368658274412
0.0,Leukemia,11,0.014142857142857092,0.9857142857142858,990,3571,170.78378341672942
0.0,Leukemia,12,0.014142857142857092,0.9857142857142858,1757,3571,177.87096808291972
0.0,Leukemia,14,0.014142857142857092,0.9857142857142858,1094,3571,174.7169286669232
0.0,Leukemia,13,0.013199999999999976,0.9866666666666667,1763,3571,179.2990813748911
0.0,Leukemia,15,0.014142857142857092,0.9857142857142858,1800,3571,181.2484355829656
0.0,Leukemia,16,0.013199999999999976,0.9866666666666667,1153,3571,173.3671719590202
0.0,Leukemia,17,0.014142857142857092,0.9857142857142858,1096,3571,172.7205217089504
0.0,Leukemia,18,0.014142857142857092,0.9857142857142858,1741,3571,179.66651829099283
0.0,Leukemia,19,0.014142857142857092,0.9857142857142858,1791,3571,181.94990895781666
0.0,Leukemia,20,0.014142857142857092,0.9857142857142858,1805,3571,179.3089604577981
0.0,Leukemia,22,0.014142857142857092,0.9857142857142858,980,3571,172.76020949985832
0.0,Leukemia,21,0.014142857142857092,0.9857142857142858,1807,3571,179.95162429194897
0.0,Leukemia,23,0.013199999999999976,0.9866666666666667,1213,3571,174.87112683290616
0.0,Leukemia,25,0.014142857142857092,0.9857142857142858,1180,3571,170.80521358409896
0.0,Leukemia,24,0.014142857142857092,0.9857142857142858,1815,3571,176.44731133431196
0.0,Leukemia,26,0.014142857142857092,0.9857142857142858,1756,3571,174.08678741613403
0.0,Leukemia,27,0.013199999999999976,0.9866666666666667,1062,3571,169.11070687510073
0.0,Leukemia,28,0.014142857142857092,0.9857142857142858,1088,3571,158.89371983427554
0.0,Leukemia,29,0.014142857142857092,0.9857142857142858,1836,3571,158.34734004177153
0.001,Zoo,0,0.02042499999999991,0.9800000000000001,10,16,185.91373929195106
0.001,Zoo,1,0.02036249999999991,0.9800000000000001,9,16,184.62051391694695
0.001,Zoo,2,0.019953571428571515,0.9804761904761904,10,16,178.42603429080918
0.001,Zoo,3,0.01948214285714279,0.980952380952381,10,16,177.85192966694012
0.001,Zoo,4,0.019641071428571515,0.9804761904761904,5,16,177.2563387081027
0.001,Zoo,5,0.02042499999999991,0.9800000000000001,10,16,176.02986708376557
0.001,Zoo,6,0.02017499999999991,0.9800000000000001,6,16,174.40275620901957
0.001,Zoo,7,0.019641071428571404,0.9804761904761905,5,16,173.68534766696393
0.001,Zoo,8,0.020112499999999908,0.9800000000000001,5,16,172.07829812495038
0.001,Zoo,9,0.020112499999999908,0.9800000000000001,5,16,172.53750000009313
0.001,Zoo,10,0.02042499999999991,0.9800000000000001,10,16,172.84252591710538
0.001,Zoo,11,0.020112499999999908,0.9800000000000001,5,16,172.5958220004104
0.001,Zoo,12,0.020112499999999908,0.9800000000000001,5,16,173.43891470879316
0.001,Zoo,13,0.02042499999999991,0.9800000000000001,10,16,173.7939971247688
0.001,Zoo,14,0.020112499999999908,0.9800000000000001,5,16,175.11748333415017
0.001,Zoo,15,0.019641071428571404,0.9804761904761905,5,16,178.16733579197899
0.001,Zoo,16,0.02023749999999991,0.9800000000000001,7,16,179.94307308411226
0.001,Zoo,17,0.020112499999999908,0.9800000000000001,5,16,182.7132226251997
0.001,Zoo,18,0.019953571428571515,0.9804761904761904,10,16,179.26926279207692
0.001,Zoo,19,0.029603571428571302,0.9704761904761906,6,16,180.28032616712153
0.001,Zoo,20,0.019766071428571404,0.9804761904761905,7,16,179.8024794580415
0.001,Zoo,21,0.02017499999999991,0.9800000000000001,6,16,177.33167883288115
0.001,Zoo,22,0.020112499999999908,0.9800000000000001,5,16,176.97190045798197
0.001,Zoo,23,0.02042499999999991,0.9800000000000001,10,16,176.58450454240665
0.001,Zoo,24,0.02036249999999991,0.9800000000000001,9,16,174.60069637466222
0.001,Zoo,25,0.01052500000000001,0.99,10,16,173.72544587496668
0.001,Zoo,26,0.02023749999999991,0.9800000000000001,7,16,172.89284691680223
0.001,Zoo,27,0.019641071428571404,0.9804761904761905,5,16,172.90621241601184
0.001,Zoo,28,0.02023749999999991,0.9800000000000001,7,16,172.7777463751845
0.001,Zoo,29,0.01052500000000001,0.99,10,16,172.78157916711643
0.001,Sonar,0,0.11454436701509874,0.8846689895470383,22,60,141.112942292355
0.001,Sonar,1,0.10509912891986067,0.8941927990708478,21,60,144.7550653326325
0.001,Sonar,2,0.1096150987224158,0.8895470383275261,16,60,151.22629912523553
0.001,Sonar,3,0.10513077816492457,0.8940766550522647,16,60,150.07128904107958
0.001,Sonar,5,0.10485249709639954,0.8944250871080139,20,60,141.1798991668038
0.001,Sonar,6,0.07646846689895478,0.9231126596980255,21,60,144.9813791248016
0.001,Sonar,4,0.1144110336817654,0.8846689895470383,14,60,167.51936566689983
0.001,Sonar,7,0.10013821138211385,0.8991869918699187,20,60,141.47093720827252
0.001,Sonar,8,0.0956038908246226,0.9037166085946573,17,60,147.35057670762762
0.001,Sonar,9,0.11492264808362376,0.8843205574912891,24,60,145.35119716683403
0.001,Sonar,10,0.10470418118466895,0.894541231126597,18,60,141.62614945927635
0.001,Sonar,11,0.1144110336817654,0.8846689895470383,14,60,163.66434699995443
0.001,Sonar,12,0.10513077816492457,0.8940766550522647,16,60,170.21053570788354
0.001,Sonar,14,0.10026986062717774,0.8990708478513356,21,60,147.63374062487856
0.001,Sonar,15,0.08574872241579562,0.913704994192799,19,60,146.43864695867524
0.001,Sonar,13,0.10963176538908247,0.8895470383275261,17,60,157.57037154212594
0.001,Sonar,16,0.10983008130081304,0.8894308943089431,22,60,147.3073879997246
0.001,Sonar,17,0.10991509872241581,0.8895470383275261,34,60,147.05182299995795
0.001,Sonar,18,0.09047967479674798,0.9089430894308943,20,60,149.2822908749804
0.001,Sonar,19,0.1234946573751452,0.8754936120789779,14,60,169.4505115840584
0.001,Sonar,20,0.10511579558652734,0.8941927990708478,22,60,148.48860183404759
0.001,Sonar,22,0.11474099883855987,0.8844367015098722,20,60,147.89244012534618
0.001,Sonar,23,0.10994506387921027,0.88931475029036,22,60,150.06310450006276
0.001,Sonar,21,0.11488931475029043,0.8843205574912891,22,60,164.83820262504742
0.001,Sonar,24,0.09521062717770035,0.9041811846689896,21,60,156.31091429060325
0.001,Sonar,25,0.10902351916376307,0.8901277584204413,15,60,162.9531849999912
0.001,Sonar,26,0.1096150987224159,0.889547038327526,16,60,156.91967504099011
0.001,Sonar,27,0.09051300813008131,0.9089430894308943,22,60,147.93192304112017
0.001,Sonar,28,0.08551875725900115,0.9139372822299652,19,60,145.53951416676864
0.001,Sonar,29,0.10945180023228811,0.8897793263646921,20,60,146.5784365418367
0.001,WDBC,0,0.02469782642446828,0.9754230709517155,11,30,358.53792212484404
0.001,WDBC,1,0.022960984319205006,0.9771774569166279,11,30,358.9604983748868
0.001,WDBC,2,0.019520633442012124,0.9806862288464524,12,30,359.37705187499523
0.001,WDBC,3,0.022978947368421015,0.9771929824561404,12,30,358.7013972918503
0.001,WDBC,4,0.02304302126998911,0.9771619313771154,13,30,358.9809183329344
0.001,WDBC,5,0.02143951249805939,0.9789163173420276,17,30,324.93988862494007
0.001,WDBC,7,0.01802990218910116,0.9823940381928271,18,30,346.4905002498999
0.001,WDBC,6,0.02301228070175435,0.9771929824561404,13,30,360.6544642080553
0.001,WDBC,11,0.01798119857165028,0.9824095637323398,17,30,310.4122029170394
0.001,WDBC,10,0.021221549448843274,0.9789007918025152,10,30,346.8851358750835
0.001,WDBC,8,0.023109687936655778,0.9771619313771154,15,30,362.4158210409805
0.001,WDBC,9,0.02132154944884338,0.9789007918025151,13,30,362.5944302920252
0.001,WDBC,12,0.021375438596491072,0.9789473684210528,16,30,360.0170904160477
0.001,WDBC,13,0.019569337059462674,0.9806707033069401,13,30,349.6219113753177
0.001,WDBC,15,0.021206179164725836,0.9789163173420278,10,30,343.56259274994954
0.001,WDBC,14,0.022860984319205004,0.9771774569166279,8,30,361.13212383398786
0.001,WDBC,17,0.017901754385964856,0.9824561403508772,16,30,352.6215393333696
0.001,WDBC,16,0.021257475547275285,0.9789318428815401,12,30,361.7859686668962
0.001,WDBC,18,0.019653966775345456,0.9806862288464524,16,30,357.26699725026265
0.001,WDBC,19,0.01778379133674896,0.9824406148113647,12,30,363.6893718340434
0.001,WDBC,20,0.019469337059462785,0.98067070330694,10,30,358.6342708747834
0.001,WDBC,21,0.01950267039279612,0.98067070330694,11,30,359.6764371669851
0.001,WDBC,22,0.022907095171557094,0.9771308802980905,8,30,356.55049483291805
0.001,WDBC,23,0.01948470734358022,0.9806551777674274,10,30,358.9061742089689
0.001,ColonCancer,0,0.11323603846153839,0.885897435897436,549,2000,123.60715037491173
0.001,ColonCancer,1,0.15894584615384613,0.8397435897435898,584,2000,123.16471699997783
0.001,WDBC,25,0.023009687936655778,0.9771619313771154,12,30,349.8258527498692
0.001,WDBC,24,0.021254882782176715,0.9789007918025151,11,30,370.1931376247667
0.001,WDBC,26,0.02119080888060862,0.9789318428815401,10,30,368.6773398327641
0.001,WDBC,27,0.021206179164725836,0.9789163173420278,10,30,353.9888142081909
0.001,ColonCancer,2,0.08150876923076927,0.9179487179487179,556,2000,123.07242708280683
0.001,ColonCancer,3,0.12593934615384625,0.873076923076923,571,2000,122.78082141606137
0.001,WDBC,28,0.01616231951560323,0.9841794752367644,15,30,318.1936018751003
0.001,WDBC,29,0.022958391554106658,0.9771464058376027,10,30,370.8194891670719
0.001,ColonCancer,4,0.09801126923076922,0.9012820512820513,561,2000,129.39715324994177
0.001,ColonCancer,5,0.14370207692307696,0.8551282051282051,558,2000,129.25979045778513
0.001,ColonCancer,6,0.11198830769230762,0.8871794871794872,592,2000,130.1183853750117
0.001,ColonCancer,8,0.12591884615384624,0.873076923076923,530,2000,128.71944941673428
0.001,ColonCancer,7,0.09293384615384616,0.9064102564102564,560,2000,129.3654063330032
0.001,ColonCancer,9,0.11324903846153839,0.885897435897436,575,2000,129.55633854167536
0.001,ColonCancer,10,0.1132425384615384,0.885897435897436,562,2000,128.7623161249794
0.001,ColonCancer,11,0.11070657692307687,0.8884615384615385,567,2000,131.54414599994197
0.001,ColonCancer,12,0.14370357692307695,0.8551282051282051,561,2000,131.71979966619983
0.001,ColonCancer,13,0.12846180769230778,0.8705128205128204,539,2000,132.1214988748543
0.001,ColonCancer,15,0.11195780769230762,0.8871794871794872,531,2000,132.13321016682312
0.001,ColonCancer,14,0.09293484615384616,0.9064102564102564,562,2000,133.66598891606554
0.001,ColonCancer,16,0.11070057692307686,0.8884615384615385,555,2000,132.71113341720775
0.001,ColonCancer,17,0.09548280769230769,0.9038461538461539,581,2000,132.71483187470585
0.001,ColonCancer,18,0.1271945769230768,0.8717948717948719,543,2000,131.4668885837309
0.001,ColonCancer,19,0.14498780769230774,0.8538461538461538,591,2000,131.61010016594082
0.001,ColonCancer,20,0.12847680769230777,0.8705128205128204,569,2000,130.4944979166612
0.001,ColonCancer,21,0.11069507692307685,0.8884615384615385,544,2000,128.3674437920563
0.001,ColonCancer,22,0.11197730769230761,0.8871794871794872,570,2000,129.24135766737163
0.001,ColonCancer,23,0.1602100769230769,0.8384615384615385,574,2000,130.58320508291945
0.001,ColonCancer,24,0.09674503846153845,0.9025641025641026,567,2000,130.25989045901224
0.001,ColonCancer,25,0.09547730769230768,0.9038461538461539,570,2000,129.85481762513518
0.001,ColonCancer,26,0.09546980769230769,0.9038461538461539,555,2000,130.02742925006896
0.001,ColonCancer,27,0.11199430769230762,0.8871794871794872,604,2000,134.94768066564575
0.001,ColonCancer,28,0.16146030769230765,0.8371794871794872,536,2000,136.8765418343246
0.001,ColonCancer,29,0.1272115769230768,0.8717948717948719,577,2000,137.3031962919049
0.001,Leukemia,0,0.01440188822658714,0.9857142857142858,925,3571,163.10403987485915
0.001,Leukemia,1,0.014411689402728276,0.9857142857142858,960,3571,163.8164044590667
0.001,Leukemia,2,0.014405808697043596,0.9857142857142858,939,3571,163.93985266704112
0.001,Leukemia,3,0.013460711285354218,0.9866666666666667,931,3571,163.36619604192674
0.001,Leukemia,4,0.014396567588110523,0.9857142857142858,906,3571,164.9641021671705
0.001,Leukemia,5,0.013459031083730023,0.9866666666666667,925,3571,168.14384520798922
0.001,Leukemia,6,0.013462671520582446,0.9866666666666667,938,3571,168.79456766694784
0.001,Leukemia,7,0.014411969436332309,0.9857142857142858,961,3571,168.83330437494442
0.001,Leukemia,8,0.013473032763931648,0.9866666666666667,975,3571,170.05787312518805
0.001,Leukemia,9,0.013450630075609048,0.9866666666666667,895,3571,170.58938166685402
0.001,Leukemia,10,0.013469112293475192,0.9866666666666667,961,3571,170.29345612507313
0.001,Leukemia,11,0.01440524862983553,0.9857142857142858,937,3571,168.88535487512127
0.001,Leukemia,12,0.014407768932271822,0.9857142857142858,946,3571,170.9122852915898
0.001,Leukemia,13,0.01346099131895825,0.9866666666666667,932,3571,169.75169616704807
0.001,Leukemia,14,0.0144041284954194,0.9857142857142858,933,3571,172.18228320777416
0.001,Leukemia,15,0.014404968596231497,0.9857142857142858,936,3571,172.43257566681132
0.001,Leukemia,16,0.013461831419770347,0.9866666666666667,935,3571,170.06933533307165
0.001,Leukemia,17,0.014406088730647627,0.9857142857142858,940,3571,170.37358370795846
0.001,Leukemia,18,0.014401048125775043,0.9857142857142858,922,3571,172.34869058290496
0.001,Leukemia,19,0.014406088730647627,0.9857142857142858,940,3571,171.3971001249738
0.001,Leukemia,20,0.014406928831459725,0.9857142857142858,943,3571,172.65996341593564
0.001,Leukemia,21,0.014413369604352471,0.9857142857142858,966,3571,171.28731541708112
0.001,Leukemia,22,0.014410289234708114,0.9857142857142858,955,3571,169.58900912478566
0.001,Leukemia,23,0.013461271352562284,0.9866666666666667,933,3571,170.5026810830459
0.001,Leukemia,24,0.014404968596231497,0.9857142857142858,936,3571,166.38324041711167
0.001,Leukemia,25,0.01441420970516457,0.9857142857142858,969,3571,167.20653200009838
0.001,Leukemia,26,0.014404688562627464,0.9857142857142858,935,3571,167.34831175021827
0.001,Leukemia,27,0.014406088730647627,0.9857142857142858,940,3571,166.7243380001746
0.001,Leukemia,28,0.014408328999479888,0.9857142857142858,948,3571,163.09687379188836
0.001,Leukemia,29,0.014402728327399238,0.9857142857142858,928,3571,152.9133026250638
0.005,Zoo,0,0.022612499999999907,0.9800000000000001,9,16,180.5514432922937
0.005,Zoo,1,0.022612499999999907,0.9800000000000001,9,16,178.77781712496653
0.005,Zoo,2,0.02136249999999991,0.9800000000000001,5,16,176.51539024990052
0.005,Zoo,3,0.020891071428571405,0.9804761904761905,5,16,176.21732183312997
0.005,Zoo,4,0.020891071428571516,0.9804761904761904,5,16,176.33652204228565
0.005,Zoo,5,0.02198749999999991,0.9800000000000001,7,16,175.44731383305043
0.005,Zoo,6,0.02167499999999991,0.9800000000000001,6,16,175.68369129206985
0.005,Zoo,7,0.020891071428571405,0.9804761904761905,5,16,173.7424716670066
0.005,Zoo,8,0.02136249999999991,0.9800000000000001,5,16,171.93352987477556
0.005,Zoo,9,0.02136249999999991,0.9800000000000001,5,16,174.22308704117313
0.005,Zoo,10,0.022299999999999907,0.9800000000000001,8,16,175.08566433284432
0.005,Zoo,11,0.02136249999999991,0.9800000000000001,5,16,176.49072762485594
0.005,Zoo,12,0.02136249999999991,0.9800000000000001,5,16,174.2911413339898
0.005,Zoo,13,0.022924999999999907,0.9800000000000001,10,16,174.77964945835993
0.005,Zoo,14,0.02136249999999991,0.9800000000000001,5,16,176.95558400033042
0.005,Zoo,15,0.020891071428571405,0.9804761904761905,5,16,179.8746884157881
0.005,Zoo,16,0.02198749999999991,0.9800000000000001,7,16,178.0961142089218
0.005,Zoo,17,0.02136249999999991,0.9800000000000001,5,16,175.4359387503937
0.005,Zoo,18,0.022453571428571514,0.9804761904761904,10,16,173.64600258413702
0.005,Zoo,20,0.01240000000000001,0.99,8,16,173.96922704111785
0.005,Zoo,19,0.0311035714285713,0.9704761904761906,6,16,174.49166983366013
0.005,Zoo,21,0.030791071428571303,0.9704761904761906,5,16,174.1846746248193
0.005,Zoo,22,0.02136249999999991,0.9800000000000001,5,16,172.2052779579535
0.005,Zoo,23,0.022924999999999907,0.9800000000000001,10,16,173.14586775004864
0.005,Zoo,24,0.022612499999999907,0.9800000000000001,9,16,173.30999666731805
0.005,Zoo,25,0.013025000000000009,0.99,10,16,174.14825945766643
0.005,Sonar,0,0.11601103368176541,0.8846689895470383,22,60,143.5582696669735
0.005,Zoo,26,0.02198749999999991,0.9800000000000001,7,16,175.30892325006425
0.005,Zoo,28,0.02198749999999991,0.9800000000000001,7,16,175.65006345883012
0.005,Zoo,27,0.020891071428571405,0.9804761904761905,5,16,176.09531970880926
0.005,Zoo,29,0.013025000000000009,0.99,10,16,176.0338710830547
0.005,Sonar,1,0.10649912891986067,0.8941927990708478,21,60,149.51355658331886
0.005,Sonar,2,0.11068176538908248,0.8895470383275261,16,60,157.66038604080677
0.005,Sonar,3,0.10619744483159124,0.8940766550522647,16,60,154.80807395791635
0.005,Sonar,5,0.11559436701509873,0.8846689895470383,17,60,148.56484887516126
0.005,Sonar,7,0.10147154471544717,0.8991869918699187,20,60,143.9817307079211
0.005,Sonar,6,0.0966855400696865,0.9036004645760742,15,60,148.42800233280286
0.005,Sonar,8,0.09673722415795594,0.9037166085946573,17,60,149.19992587482557
0.005,Sonar,4,0.11534436701509873,0.8846689895470383,14,60,171.4003002909012
0.005,Sonar,9,0.11097502903600473,0.8890824622531939,14,60,149.10588079225272
0.005,Sonar,11,0.10590418118466907,0.8945412311265969,18,60,139.71075062500313
0.005,Sonar,10,0.10147154471544717,0.8991869918699187,20,60,149.10237550036982
0.005,Sonar,15,0.08701538908246229,0.913704994192799,19,60,144.55449629202485
0.005,Sonar,14,0.10135656213705004,0.8993031358885016,20,60,150.6551812500693
0.005,Sonar,16,0.11129674796747971,0.8894308943089431,22,60,147.03967754170299
0.005,Sonar,13,0.1107650987224158,0.8895470383275261,17,60,160.08249937510118
0.005,Sonar,12,0.10619744483159124,0.8940766550522647,16,60,170.84029091661796
0.005,Sonar,17,0.11218176538908246,0.8895470383275261,34,60,143.31925054220483
0.005,Sonar,18,0.09181300813008131,0.9089430894308943,20,60,142.79865408269688
0.005,Sonar,19,0.12442799070847853,0.8754936120789779,14,60,165.53952937480062
0.005,Sonar,20,0.10658246225319401,0.8941927990708478,22,60,145.83404812496156
0.005,Sonar,21,0.12545121951219515,0.8747967479674796,18,60,146.23492054082453
0.005,Sonar,22,0.1160743321718932,0.8844367015098722,20,60,145.18459716718644
0.005,Sonar,23,0.11141173054587694,0.88931475029036,22,60,147.68734412500635
0.005,Sonar,24,0.09661062717770035,0.9041811846689896,21,60,153.73950841696933
0.005,Sonar,25,0.11065011614401855,0.8896631823461092,17,60,143.2994942907244
0.005,Sonar,26,0.11068176538908257,0.889547038327526,16,60,153.36995350010693
0.005,Sonar,27,0.09197967479674798,0.9089430894308943,22,60,145.38152887532488
0.005,Sonar,28,0.11517770034843207,0.8846689895470383,12,60,149.85854541696608
0.005,Sonar,29,0.11078513356562143,0.8897793263646921,20,60,147.54061370901763
0.005,WDBC,0,0.026164493091134944,0.9754230709517155,11,30,363.04878012510017
0.005,WDBC,1,0.02442765098587167,0.9771774569166279,11,30,361.8178722918965
0.005,WDBC,2,0.02112063344201212,0.9806862288464524,12,30,362.68247412517667
0.005,WDBC,3,0.024578947368421013,0.9771929824561404,12,30,362.80649558315054
0.005,WDBC,5,0.023706179164726057,0.9789163173420276,17,30,326.3686770410277
0.005,WDBC,4,0.024776354603322445,0.9771619313771154,13,30,361.0099801667966
0.005,WDBC,7,0.020429902189101158,0.9823940381928271,18,30,346.6604332081042
0.005,WDBC,6,0.024745614035087682,0.9771929824561404,13,30,361.41969008371234
0.005,WDBC,11,0.020247865238316946,0.9824095637323398,17,30,307.90168308326975
0.005,WDBC,8,0.025109687936655776,0.9771619313771154,15,30,359.1355735831894
0.005,WDBC,9,0.023054882782176715,0.9789007918025151,13,30,359.459302208852
0.005,WDBC,10,0.022554882782176607,0.9789007918025152,10,30,345.73102520778775
0.005,WDBC,12,0.023508771929824406,0.9789473684210528,16,30,356.03789475001395
0.005,WDBC,13,0.021302670392796007,0.9806707033069401,13,30,344.86474979203194
0.005,WDBC,15,0.022539512498059168,0.9789163173420278,10,30,340.534926999826
0.005,WDBC,14,0.02392765098587167,0.9771774569166279,8,30,355.86289725033566
0.005,WDBC,16,0.022857475547275283,0.9789318428815401,12,30,358.2140696668066
0.005,WDBC,17,0.02003508771929819,0.9824561403508772,16,30,350.85695445816964
0.005,WDBC,18,0.02178730010867879,0.9806862288464524,16,30,352.786489917431
0.005,WDBC,19,0.01938379133674896,0.9824406148113647,12,30,361.3408679170534
0.005,WDBC,20,0.020802670392796117,0.98067070330694,10,30,354.7336332919076
0.005,WDBC,21,0.020969337059462783,0.98067070330694,11,30,355.9413388748653
0.005,WDBC,22,0.02397376183822376,0.9771308802980905,8,30,356.4864736669697
0.005,WDBC,23,0.020818040676913552,0.9806551777674274,10,30,358.2340259589255
0.005,ColonCancer,0,0.11433403846153839,0.885897435897436,549,2000,120.1369124581106
0.005,ColonCancer,1,0.16011384615384613,0.8397435897435898,584,2000,119.55650441721082
0.005,WDBC,25,0.02460968793665578,0.9771619313771154,12,30,346.7617711252533
0.005,WDBC,24,0.02272154944884338,0.9789007918025151,11,30,367.77833800017834
0.005,WDBC,27,0.022539512498059168,0.9789163173420278,10,30,352.35775874974206
0.005,WDBC,26,0.02252414221394195,0.9789318428815401,10,30,364.78839958272874
0.005,ColonCancer,2,0.08262076923076928,0.9179487179487179,556,2000,120.64293004199862
0.005,ColonCancer,3,0.12708134615384625,0.873076923076923,571,2000,122.19117395905778
0.005,WDBC,28,0.01816231951560323,0.9841794752367644,15,30,312.9983794996515
0.005,WDBC,29,0.02429172488743999,0.9771464058376027,10,30,365.03937833337113
0.005,ColonCancer,4,0.09913326923076922,0.9012820512820513,561,2000,127.5605425001122
0.005,ColonCancer,5,0.14481807692307697,0.8551282051282051,558,2000,127.66890554083511
0.005,ColonCancer,6,0.11317230769230761,0.8871794871794872,592,2000,128.25245879171416
0.005,ColonCancer,7,0.09405384615384615,0.9064102564102564,560,2000,127.40586025035009
0.005,ColonCancer,8,0.12697884615384625,0.873076923076923,530,2000,126.88243683287874
0.005,ColonCancer,9,0.11439903846153839,0.885897435897436,575,2000,127.98661329224706
0.005,ColonCancer,10,0.1143665384615384,0.885897435897436,562,2000,128.11134120821953
0.005,ColonCancer,11,0.11184057692307686,0.8884615384615385,567,2000,126.43415924999863
0.005,ColonCancer,12,0.14482557692307696,0.8551282051282051,561,2000,127.02960358327255
0.005,ColonCancer,13,0.12953980769230777,0.8705128205128204,539,2000,128.9317650422454
0.005,ColonCancer,14,0.09405884615384616,0.9064102564102564,562,2000,128.81825225008652
0.005,ColonCancer,15,0.11301980769230761,0.8871794871794872,531,2000,130.74427720811218
0.005,ColonCancer,16,0.11181057692307686,0.8884615384615385,555,2000,129.9112110408023
0.005,ColonCancer,17,0.09664480769230768,0.9038461538461539,581,2000,129.62036633305252
0.005,ColonCancer,18,0.12828057692307682,0.8717948717948719,543,2000,129.84903341671452
0.005,ColonCancer,19,0.14616980769230772,0.8538461538461538,591,2000,133.48096412513405
0.005,ColonCancer,20,0.12961480769230777,0.8705128205128204,569,2000,133.47145200008526
0.005,ColonCancer,21,0.11178307692307686,0.8884615384615385,544,2000,133.0521506248042
0.005,ColonCancer,22,0.11311730769230761,0.8871794871794872,570,2000,130.98155783396214
0.005,ColonCancer,23,0.16135807692307688,0.8384615384615385,574,2000,131.94523541722447
0.005,ColonCancer,24,0.09787903846153845,0.9025641025641026,567,2000,132.14811733411625
0.005,ColonCancer,25,0.09661730769230768,0.9038461538461539,570,2000,132.53741504112259
0.005,ColonCancer,26,0.09657980769230769,0.9038461538461539,555,2000,131.2506039161235
0.005,ColonCancer,27,0.11320230769230762,0.8871794871794872,604,2000,132.79235779168084
0.005,ColonCancer,28,0.16253230769230767,0.8371794871794872,536,2000,133.52835170784965
0.005,ColonCancer,29,0.12836557692307682,0.8717948717948719,577,2000,137.45135083422065
0.005,Leukemia,0,0.015438012561507331,0.9857142857142858,925,3571,163.92669399967417
0.005,Leukemia,1,0.015487018442213014,0.9857142857142858,960,3571,163.5538446661085
0.005,Leukemia,2,0.015457614913789604,0.9857142857142858,939,3571,163.89295316673815
0.005,Leukemia,3,0.014503556426771189,0.9866666666666667,931,3571,163.61213675001636
0.005,Leukemia,4,0.015411409369124244,0.9857142857142858,906,3571,164.35159112513065
0.005,Leukemia,5,0.014495155418650214,0.9866666666666667,925,3571,167.59956279210746
0.005,Leukemia,6,0.014513357602912325,0.9866666666666667,938,3571,165.52698820922524
0.005,Leukemia,7,0.015488418610233177,0.9857142857142858,961,3571,167.46238487493247
0.005,Leukemia,8,0.014565163819658335,0.9866666666666667,975,3571,168.82754675019532
0.005,Leukemia,9,0.014453150378045341,0.9866666666666667,895,3571,169.1876699589193
0.005,Leukemia,10,0.01454556146737606,0.9866666666666667,961,3571,169.73180966591462
0.005,Leukemia,11,0.01545481457774928,0.9857142857142858,937,3571,168.9389682081528
0.005,Leukemia,12,0.015467416089930741,0.9857142857142858,946,3571,170.1740370001644
0.005,Leukemia,13,0.014504956594791351,0.9866666666666667,932,3571,167.25078675011173
0.005,Leukemia,14,0.01544921390566863,0.9857142857142858,933,3571,169.52914308430627
0.005,Leukemia,15,0.015453414409729117,0.9857142857142858,936,3571,168.70477729197592
0.005,Leukemia,16,0.014509157098851838,0.9866666666666667,935,3571,168.00584337487817
0.005,Leukemia,17,0.015459015081809767,0.9857142857142858,940,3571,166.03107216581702
0.005,Leukemia,18,0.015433812057446844,0.9857142857142858,922,3571,168.2393312919885
0.005,Leukemia,19,0.015459015081809767,0.9857142857142858,940,3571,169.34399625007063
0.005,Leukemia,20,0.015463215585870254,0.9857142857142858,943,3571,168.22397025022656
0.005,Leukemia,21,0.01549541945033399,0.9857142857142858,966,3571,169.1693615410477
0.005,Leukemia,22,0.015480017602112203,0.9857142857142858,955,3571,169.59161004191265
0.005,Leukemia,23,0.014506356762811513,0.9866666666666667,933,3571,168.74492879211903
0.005,Leukemia,24,0.015453414409729117,0.9857142857142858,936,3571,164.89922650018707
0.005,Leukemia,25,0.015499619954394478,0.9857142857142858,969,3571,166.7978049996309
0.005,Leukemia,26,0.015452014241708955,0.9857142857142858,935,3571,164.2900226661004
0.005,Leukemia,27,0.015459015081809767,0.9857142857142858,940,3571,164.13617812516168
0.005,Leukemia,28,0.015470216425971066,0.9857142857142858,948,3571,160.98569491691887
0.005,Leukemia,29,0.015442213065567818,0.9857142857142858,928,3571,151.0600867504254
0.01,Zoo,0,0.025424999999999906,0.9800000000000001,9,16,183.31673149997368
0.01,Zoo,1,0.025424999999999906,0.9800000000000001,9,16,179.94260637508705
0.01,Zoo,2,0.01677500000000001,0.99,11,16,176.33001045836136
0.01,Zoo,3,0.0249535714285714,0.9804761904761905,9,16,175.54584354162216
0.01,Zoo,4,0.022453571428571514,0.9804761904761904,5,16,174.9231663341634
0.01,Zoo,5,0.02417499999999991,0.9800000000000001,7,16,176.34147220803425
0.01,Zoo,6,0.023549999999999908,0.9800000000000001,6,16,173.4352673748508
0.01,Zoo,7,0.022453571428571403,0.9804761904761905,5,16,173.7487147920765
0.01,Zoo,8,0.022924999999999907,0.9800000000000001,5,16,176.66459737485275
0.01,Zoo,9,0.022924999999999907,0.9800000000000001,5,16,176.05393187468871
0.01,Zoo,10,0.02479999999999991,0.9800000000000001,8,16,177.12954066693783
0.01,Zoo,11,0.022924999999999907,0.9800000000000001,5,16,177.85017808433622
0.01,Zoo,12,0.022924999999999907,0.9800000000000001,5,16,178.43524683313444
0.01,Zoo,13,0.026049999999999907,0.9800000000000001,10,16,177.8940166658722
0.01,Zoo,14,0.022924999999999907,0.9800000000000001,5,16,178.12182583287358
0.01,Zoo,15,0.026049999999999907,0.9800000000000001,10,16,177.9821079587564
0.01,Zoo,16,0.02417499999999991,0.9800000000000001,7,16,179.18477212497965
0.01,Zoo,17,0.022924999999999907,0.9800000000000001,5,16,176.98008620925248
0.01,Zoo,18,0.026049999999999907,0.9800000000000001,10,16,177.60111641697586
0.01,Zoo,19,0.0329785714285713,0.9704761904761906,6,16,179.75982379214838
0.01,Zoo,20,0.01490000000000001,0.99,8,16,179.76908654114231
0.01,Zoo,21,0.0323535714285713,0.9704761904761906,5,16,178.62013125000522
0.01,Zoo,22,0.022924999999999907,0.9800000000000001,5,16,180.12684691604227
0.01,Zoo,23,0.026049999999999907,0.9800000000000001,10,16,178.573420249857
0.01,Zoo,24,0.025424999999999906,0.9800000000000001,9,16,179.16023470833898
0.01,Zoo,25,0.01615000000000001,0.99,10,16,180.79619233310223
0.01,Zoo,26,0.02417499999999991,0.9800000000000001,7,16,179.77040183311328
0.01,Sonar,0,0.11784436701509873,0.8846689895470383,22,60,150.56526895798743
0.01,Zoo,27,0.022453571428571403,0.9804761904761905,5,16,179.82443745806813
0.01,Zoo,28,0.02417499999999991,0.9800000000000001,7,16,179.23071145825088
0.01,Zoo,29,0.01615000000000001,0.99,10,16,180.9211887908168
0.01,Sonar,1,0.10824912891986067,0.8941927990708478,21,60,150.54787804186344
0.01,Sonar,2,0.1120150987224158,0.8895470383275261,16,60,156.34768354101107
0.01,Sonar,3,0.09860220673635317,0.9036004645760742,19,60,145.70095366612077
0.01,Sonar,5,0.10785249709639953,0.8944250871080139,20,60,146.45495295897126
0.01,Sonar,7,0.10313821138211383,0.8991869918699187,20,60,148.42428370798007
0.01,Sonar,6,0.09793554006968651,0.9036004645760742,15,60,153.52193045802414
0.01,Sonar,8,0.0981538908246226,0.9037166085946573,17,60,152.53513745823875
0.01,Sonar,4,0.11651103368176541,0.8846689895470383,14,60,176.0690352092497
0.01,Sonar,9,0.1121416957026714,0.8890824622531939,14,60,151.8354476657696
0.01,Sonar,11,0.10740418118466907,0.8945412311265969,18,60,140.78969874978065
0.01,Sonar,10,0.10313821138211383,0.8991869918699187,20,60,150.21858641598374
0.01,Sonar,14,0.1120783972125436,0.88931475029036,15,60,148.70663029234856
0.01,Sonar,15,0.08859872241579561,0.913704994192799,19,60,142.258267916739
0.01,Sonar,13,0.11218176538908246,0.8895470383275261,17,60,157.32060674997047
0.01,Sonar,12,0.10753077816492457,0.8940766550522647,16,60,166.57128562498838
0.01,Sonar,16,0.11313008130081303,0.8894308943089431,22,60,148.51356991613284
0.01,Sonar,17,0.11496341463414637,0.8894308943089431,33,60,142.52001899993047
0.01,Sonar,18,0.09347967479674797,0.9089430894308943,20,60,144.6048196251504
0.01,Sonar,19,0.1255946573751452,0.8754936120789779,14,60,167.56963804224506
0.01,Sonar,20,0.10841579558652734,0.8941927990708478,22,60,145.8792278333567
0.01,Sonar,21,0.1137049941927992,0.8888501742160277,22,60,144.8164082923904
0.01,Sonar,22,0.11774099883855986,0.8844367015098722,20,60,145.97781083313748
0.01,Sonar,23,0.11324506387921027,0.88931475029036,22,60,148.74959370773286
0.01,Sonar,24,0.09836062717770035,0.9041811846689896,21,60,156.4003490000032
0.01,Sonar,25,0.11206678281068522,0.8896631823461092,17,60,146.36076879221946
0.01,Sonar,26,0.1073008130081301,0.8943089430894309,16,60,162.43866412481293
0.01,Sonar,27,0.09381300813008131,0.9089430894308943,22,60,152.28239070763811
0.01,Sonar,29,0.1124518002322881,0.8897793263646921,20,60,153.30418341699988
0.01,Sonar,28,0.11694773519163759,0.8849012775842044,18,60,155.62393629085273
0.01,WDBC,0,0.027997826424468276,0.9754230709517155,11,30,367.95451879221946
0.01,WDBC,1,0.026260984319205004,0.9771774569166279,11,30,366.27669949969277
0.01,WDBC,2,0.023120633442012123,0.9806862288464524,12,30,367.5758799589239
0.01,WDBC,3,0.021368421052631523,0.9824561403508772,12,30,363.98992025014013
0.01,WDBC,5,0.02653951249805939,0.9789163173420276,17,30,324.7486378340982
0.01,WDBC,4,0.026943021269989112,0.9771619313771154,13,30,362.3059033341706
0.01,WDBC,7,0.024151374010246886,0.9806551777674274,15,30,340.4971371246502
0.01,WDBC,6,0.024175438596491294,0.9789473684210526,10,30,360.8316592499614
0.01,WDBC,11,0.02306582828753317,0.982425089271852,17,30,311.67043608333915
0.01,WDBC,8,0.027609687936655778,0.9771619313771154,15,30,356.08687808318064
0.01,WDBC,9,0.02378730010867879,0.9806862288464524,14,30,356.4926293329336
0.01,WDBC,10,0.02523691973296082,0.9788852662630025,13,30,353.18176812538877
0.01,WDBC,12,0.025958391554106657,0.9771464058376027,10,30,354.9360842499882
0.01,WDBC,13,0.023469337059462674,0.9806707033069401,13,30,343.64654295891523
0.01,WDBC,14,0.025260984319205006,0.9771774569166279,8,30,354.82210408337414
0.01,WDBC,15,0.02136842105263174,0.982456140350877,12,30,353.27176291681826
0.01,WDBC,16,0.024857475547275285,0.9789318428815401,12,30,359.3593966248445
0.01,WDBC,17,0.024206179164725835,0.9789163173420278,10,30,357.3013642090373
0.01,WDBC,18,0.022787300108678788,0.9806862288464524,11,30,359.91493425006047
0.01,WDBC,19,0.021383791336748958,0.9824406148113647,12,30,365.6391186667606
0.01,WDBC,20,0.022469337059462784,0.98067070330694,10,30,358.4371075001545
0.01,WDBC,21,0.022802670392796116,0.98067070330694,11,30,361.37113112490624
0.01,WDBC,22,0.028059307560937913,0.9753609687936654,11,30,361.72559629101306
0.01,WDBC,23,0.02248470734358022,0.9806551777674274,10,30,360.1783901252784
0.01,ColonCancer,0,0.11570653846153839,0.885897435897436,549,2000,123.89394533308223
0.01,ColonCancer,1,0.16157384615384615,0.8397435897435898,584,2000,124.44449633406475
0.01,WDBC,24,0.024554882782176712,0.9789007918025151,11,30,370.1962272915989
0.01,WDBC,25,0.02248470734358022,0.9806551777674274,10,30,363.6194477919489
0.01,ColonCancer,2,0.08401076923076928,0.9179487179487179,556,2000,122.00410920893773
0.01,WDBC,26,0.02419080888060862,0.9789318428815401,10,30,371.6178692919202
0.01,WDBC,27,0.024206179164725835,0.9789163173420278,10,30,355.921310165897
0.01,ColonCancer,3,0.12850884615384625,0.873076923076923,571,2000,122.16063495818526
0.01,WDBC,28,0.02348470734358022,0.9806551777674274,13,30,371.25877441605553
0.01,WDBC,29,0.025958391554106657,0.9771464058376027,10,30,372.29808824975044
0.01,ColonCancer,4,0.10053576923076922,0.9012820512820513,561,2000,129.30865370901302
0.01,ColonCancer,5,0.14621307692307695,0.8551282051282051,558,2000,130.27332274988294
0.01,ColonCancer,6,0.11465230769230762,0.8871794871794872,592,2000,130.17986045824364
0.01,ColonCancer,7,0.09545384615384615,0.9064102564102564,560,2000,130.50633441610262
0.01,ColonCancer,8,0.12830384615384627,0.873076923076923,530,2000,131.58411966683343
0.01,ColonCancer,9,0.1158365384615384,0.885897435897436,575,2000,133.35142329102382
0.01,ColonCancer,10,0.1157715384615384,0.885897435897436,562,2000,132.66761179221794
0.01,ColonCancer,11,0.11325807692307686,0.8884615384615385,567,2000,133.11935724969953
0.01,ColonCancer,12,0.14622807692307696,0.8551282051282051,561,2000,131.2549534579739
0.01,ColonCancer,13,0.13088730769230777,0.8705128205128204,539,2000,130.86679320875555
0.01,ColonCancer,14,0.09546384615384616,0.9064102564102564,562,2000,131.0221907501109
0.01,ColonCancer,15,0.11434730769230762,0.8871794871794872,531,2000,131.33876920770854
0.01,ColonCancer,16,0.11319807692307686,0.8884615384615385,555,2000,131.23636395810172
0.01,ColonCancer,17,0.09809730769230769,0.9038461538461539,581,2000,132.15001533273607
0.01,ColonCancer,18,0.1296380769230768,0.8717948717948719,543,2000,130.07220158306882
0.01,ColonCancer,19,0.14764730769230774,0.8538461538461538,591,2000,134.28353870892897
0.01,ColonCancer,20,0.13103730769230776,0.8705128205128204,569,2000,132.0247838338837
0.01,ColonCancer,21,0.11314307692307686,0.8884615384615385,544,2000,131.3203981248662
0.01,ColonCancer,22,0.11454230769230762,0.8871794871794872,570,2000,131.8060830407776
0.01,ColonCancer,23,0.1627930769230769,0.8384615384615385,574,2000,131.2370159998536
0.01,ColonCancer,24,0.09929653846153845,0.9025641025641026,567,2000,133.0280307503417
0.01,ColonCancer,25,0.09804230769230769,0.9038461538461539,570,2000,132.33769600000232
0.01,ColonCancer,26,0.09796730769230769,0.9038461538461539,555,2000,131.25746666593477
0.01,ColonCancer,27,0.11471230769230761,0.8871794871794872,604,2000,133.64662070805207
0.01,ColonCancer,28,0.16387230769230765,0.8371794871794872,536,2000,133.78600774984807
0.01,ColonCancer,29,0.1298080769230768,0.8717948717948719,577,2000,134.34375137463212
0.01,Leukemia,0,0.01673316798015757,0.9857142857142858,925,3571,164.78976970911026
0.01,Leukemia,1,0.016831179741568936,0.9857142857142858,960,3571,164.4656713330187
0.01,Leukemia,2,0.016772372684722116,0.9857142857142858,939,3571,165.0562672088854
0.01,Leukemia,3,0.0158071128535424,0.9866666666666667,931,3571,165.88765783281997
0.01,Leukemia,4,0.016679961595391396,0.9857142857142858,906,3571,169.3360030837357
0.01,Leukemia,5,0.015790310837300453,0.9866666666666667,925,3571,171.13200849993154
0.01,Leukemia,6,0.015826715205824675,0.9866666666666667,938,3571,170.22220620932057
0.01,Leukemia,7,0.016833980077609265,0.9857142857142858,961,3571,169.53209799993783
0.01,Leukemia,8,0.015930327639316694,0.9866666666666667,975,3571,169.958633874543
0.01,Leukemia,9,0.015706300756090707,0.9866666666666667,895,3571,171.22397487517446
0.01,Leukemia,10,0.015891122934752144,0.9866666666666667,961,3571,170.72576404223219
0.01,Leukemia,11,0.016766772012641467,0.9857142857142858,937,3571,172.19767670799047
0.01,Leukemia,12,0.01679197503700439,0.9857142857142858,946,3571,173.93465733435005
0.01,Leukemia,13,0.015809913189582726,0.9866666666666667,932,3571,173.7174909580499
0.01,Leukemia,14,0.016755570668480168,0.9857142857142858,933,3571,173.17356200003996
0.01,Leukemia,15,0.016763971676601142,0.9857142857142858,936,3571,173.37794649973512
0.01,Leukemia,16,0.0158183141977037,0.9866666666666667,935,3571,171.2773226252757
0.01,Leukemia,17,0.01677517302076244,0.9857142857142858,940,3571,168.84289391618222
0.01,Leukemia,18,0.016724766972036596,0.9857142857142858,922,3571,170.25642558420077
0.01,Leukemia,19,0.01677517302076244,0.9857142857142858,940,3571,170.5895552909933
0.01,Leukemia,20,0.016783574028883416,0.9857142857142858,943,3571,168.8501080418937
0.01,Leukemia,21,0.01684798175781089,0.9857142857142858,966,3571,169.622197791934
0.01,Leukemia,22,0.016817178061367313,0.9857142857142858,955,3571,168.6546591669321
0.01,Leukemia,23,0.01581271352562305,0.9866666666666667,933,3571,168.99021683307365
0.01,Leukemia,24,0.016763971676601142,0.9857142857142858,936,3571,165.86116404179484
0.01,Leukemia,25,0.016856382765931863,0.9857142857142858,969,3571,165.82847383292392
0.01,Leukemia,26,0.016761171340560817,0.9857142857142858,935,3571,166.2178438329138
0.01,Leukemia,27,0.01677517302076244,0.9857142857142858,940,3571,165.38776791701093
0.01,Leukemia,28,0.01679757570908504,0.9857142857142858,948,3571,155.83242066623643
0.01,Leukemia,29,0.016741568988278544,0.9857142857142858,928,3571,153.28726895805448
0.02,Zoo,0,0.031049999999999908,0.9800000000000001,9,16,185.1280647921376
0.02,Zoo,1,0.031049999999999908,0.9800000000000001,9,16,184.54272100003436
0.02,Zoo,2,0.026049999999999907,0.9800000000000001,5,16,179.48825508309528
0.02,Zoo,3,0.030578571428571403,0.9804761904761905,9,16,180.06136133288965
0.02,Zoo,4,0.025578571428571513,0.9804761904761904,5,16,179.60137595795095
0.02,Zoo,5,0.02854999999999991,0.9800000000000001,7,16,179.76110395789146
0.02,Zoo,6,0.027299999999999908,0.9800000000000001,6,16,176.02245437540114
0.02,Zoo,7,0.025578571428571402,0.9804761904761905,5,16,176.6384414578788
0.02,Zoo,8,0.026049999999999907,0.9800000000000001,5,16,174.5192947499454
0.02,Zoo,9,0.02365000000000001,0.99,11,16,174.0597417918034
0.02,Zoo,10,0.02979999999999991,0.9800000000000001,8,16,175.1149642090313
0.02,Zoo,11,0.026049999999999907,0.9800000000000001,5,16,176.03431416675448
0.02,Zoo,12,0.026049999999999907,0.9800000000000001,5,16,175.5113516249694
0.02,Zoo,13,0.03229999999999991,0.9800000000000001,10,16,176.5403426247649
0.02,Zoo,14,0.026049999999999907,0.9800000000000001,5,16,173.94546995777637
0.02,Zoo,15,0.03229999999999991,0.9800000000000001,10,16,175.91866854205728
0.02,Zoo,16,0.02854999999999991,0.9800000000000001,7,16,174.63924854202196
0.02,Zoo,17,0.026049999999999907,0.9800000000000001,5,16,175.72481125034392
0.02,Zoo,18,0.03229999999999991,0.9800000000000001,10,16,174.74254604196176
0.02,Zoo,19,0.036728571428571305,0.9704761904761906,6,16,174.68937558401376
0.02,Zoo,20,0.025578571428571402,0.9804761904761905,5,16,175.2696834160015
0.02,Zoo,21,0.036728571428571305,0.9704761904761906,6,16,174.84595887502655
0.02,Zoo,22,0.026049999999999907,0.9800000000000001,5,16,174.87081974977627
0.02,Zoo,23,0.03229999999999991,0.9800000000000001,10,16,174.826600542292
0.02,Zoo,24,0.031049999999999908,0.9800000000000001,9,16,174.38035479094833
0.02,Zoo,25,0.02240000000000001,0.99,10,16,174.46285108383745
0.02,Zoo,26,0.02854999999999991,0.9800000000000001,7,16,174.51236487505957
0.02,Zoo,27,0.025578571428571402,0.9804761904761905,5,16,174.85890608327463
0.02,Zoo,28,0.02854999999999991,0.9800000000000001,7,16,174.84521820908412
0.02,Zoo,29,0.02240000000000001,0.99,10,16,175.7050307081081
0.02,Sonar,0,0.1215110336817654,0.8846689895470383,22,60,145.9283729577437
0.02,Sonar,1,0.11131242740998847,0.8939605110336817,19,60,145.61464883293957
0.02,Sonar,3,0.10176887340301984,0.9036004645760742,19,60,139.25842554215342
0.02,Sonar,2,0.11468176538908247,0.8895470383275261,16,60,154.45672795781866
0.02,Sonar,5,0.11118583042973287,0.8944250871080139,20,60,142.68694329215214
0.02,Sonar,4,0.11884436701509873,0.8846689895470383,14,60,170.23801825009286
0.02,Sonar,6,0.10043554006968651,0.9036004645760742,15,60,158.84999600006267
0.02,Sonar,7,0.10647154471544718,0.8991869918699187,20,60,145.32206870801747
0.02,Sonar,8,0.12074099883855986,0.8844367015098722,19,60,152.34477341687307
0.02,Sonar,9,0.11447502903600473,0.8890824622531939,14,60,149.56936712516472
0.02,Sonar,10,0.10647154471544718,0.8991869918699187,20,60,149.94986904179677
0.02,Sonar,11,0.11040418118466908,0.8945412311265969,18,60,139.6544627919793
0.02,Sonar,14,0.10535656213704994,0.8993031358885017,17,60,141.18779750028625
0.02,Sonar,12,0.11019744483159123,0.8940766550522647,16,60,168.07300495775416
0.02,Sonar,15,0.09199535423925674,0.9134727061556329,19,60,146.102336416021
0.02,Sonar,13,0.1150150987224158,0.8895470383275261,17,60,158.18073049979284
0.02,Sonar,16,0.1167967479674797,0.8894308943089431,22,60,150.81338883331046
0.02,Sonar,17,0.1099558652729384,0.8946573751451801,17,60,144.01309858309105
0.02,Sonar,18,0.09681300813008131,0.9089430894308943,20,60,143.8733452083543
0.02,Sonar,19,0.12792799070847855,0.8754936120789779,14,60,165.21548883337528
0.02,Sonar,20,0.112082462253194,0.8941927990708478,22,60,144.8248054999858
0.02,Sonar,21,0.11737166085946586,0.8888501742160277,22,60,143.46414779126644
0.02,Sonar,22,0.1210743321718932,0.8844367015098722,20,60,145.12864445801824
0.02,Sonar,23,0.11691173054587693,0.88931475029036,22,60,145.7595862080343
0.02,Sonar,24,0.10186062717770034,0.9041811846689896,21,60,155.1277147498913
0.02,Sonar,25,0.11490011614401856,0.8896631823461092,17,60,144.6393964588642
0.02,Sonar,26,0.10996747967479677,0.8943089430894309,16,60,157.05168295791373
0.02,Sonar,27,0.09747967479674798,0.9089430894308943,22,60,148.34891508333385
0.02,Sonar,29,0.10009059233449481,0.9039488966318234,15,60,144.90033154189587
0.02,Sonar,28,0.1199477351916376,0.8849012775842044,18,60,150.38768179202452
0.02,WDBC,0,0.030346530041918937,0.9754075454122031,9,30,364.1868594996631
0.02,WDBC,1,0.03059431765253856,0.9771774569166277,12,30,361.3576827910729
0.02,WDBC,2,0.027539512498059165,0.9789163173420278,10,30,362.48383258329704
0.02,WDBC,3,0.027105263157894795,0.9807017543859649,12,30,362.91481270920485
0.02,WDBC,4,0.027539512498059388,0.9789163173420276,10,30,360.49759312486276
0.02,WDBC,5,0.02913600372612945,0.98067070330694,15,30,354.5231729578227
0.02,WDBC,6,0.029927650985871895,0.9771774569166277,11,30,359.5252213748172
0.02,WDBC,7,0.02606582828753317,0.982425089271852,13,30,362.78028320893645
0.02,WDBC,8,0.028997826424468277,0.9754230709517155,7,30,356.88677612505853
0.02,WDBC,9,0.02819080888060862,0.9789318428815401,11,30,359.4959737919271
0.02,WDBC,10,0.02972597422760458,0.9753609687936654,8,30,354.6915511251427
0.02,WDBC,11,0.028469337059462786,0.98067070330694,14,30,363.2827962921001
0.02,WDBC,12,0.029291724887439988,0.9771464058376027,10,30,356.8761700410396
0.02,WDBC,13,0.026872845831392503,0.9789163173420278,9,30,358.08563600014895
0.02,WDBC,14,0.02792765098587167,0.9771774569166279,8,30,360.3411430842243
0.02,WDBC,15,0.02964912280701751,0.9754385964912281,8,30,357.0862544584088
0.02,WDBC,16,0.02845396677534546,0.9806862288464524,14,30,365.42824550019577
0.02,WDBC,17,0.03033115975780161,0.9754230709517155,9,30,361.6347672077827
0.02,WDBC,18,0.02778730010867879,0.9806862288464524,13,30,362.7341699167155
0.02,WDBC,19,0.027989132122341307,0.9771153547585778,8,30,362.4935386250727
0.02,WDBC,20,0.025802670392796115,0.98067070330694,10,30,358.07579637505114
0.02,WDBC,21,0.026469337059462784,0.98067070330694,11,30,360.365613124799
0.02,WDBC,22,0.026500077627697547,0.9806396522279149,11,30,360.6176452920772
0.02,WDBC,23,0.025818040676913553,0.9806551777674274,10,30,361.2064749170095
0.02,ColonCancer,0,0.11845153846153839,0.885897435897436,549,2000,119.5754115828313
0.02,ColonCancer,1,0.16449384615384616,0.8397435897435898,584,2000,119.88847449980676
0.02,WDBC,24,0.02822154944884338,0.9789007918025151,11,30,371.6522049997002
0.02,WDBC,25,0.0288728458313925,0.9789163173420278,12,30,368.1836075838655
0.02,ColonCancer,2,0.08679076923076927,0.9179487179487179,556,2000,122.56832791632041
0.02,ColonCancer,3,0.13136384615384625,0.873076923076923,571,2000,123.0222182921134
0.02,WDBC,26,0.02752414221394195,0.9789318428815401,10,30,368.87942637503147
0.02,WDBC,27,0.03009874243129954,0.9736376339077782,6,30,363.75648958282545
0.02,WDBC,28,0.027818040676913555,0.9806551777674274,13,30,365.6838726247661
0.02,WDBC,29,0.028609687936655775,0.9771619313771154,9,30,369.8097776249051
0.02,ColonCancer,5,0.14900307692307696,0.8551282051282051,558,2000,129.16568337520584
0.02,ColonCancer,4,0.10334076923076922,0.9012820512820513,561,2000,130.94318895787
0.02,ColonCancer,6,0.11761230769230761,0.8871794871794872,592,2000,128.7885126657784
0.02,ColonCancer,7,0.09825384615384616,0.9064102564102564,560,2000,129.6296201250516
0.02,ColonCancer,8,0.13095384615384625,0.873076923076923,530,2000,129.63288529170677
0.02,ColonCancer,9,0.1187115384615384,0.885897435897436,575,2000,130.24497558316216
0.02,ColonCancer,10,0.11858153846153839,0.885897435897436,562,2000,129.76344783278182
0.02,ColonCancer,11,0.11609307692307685,0.8884615384615385,567,2000,130.39454487524927
0.02,ColonCancer,12,0.14903307692307696,0.8551282051282051,561,2000,130.08635437488556
0.02,ColonCancer,13,0.13358230769230778,0.8705128205128204,539,2000,131.18860470829532
0.02,ColonCancer,14,0.09827384615384616,0.9064102564102564,562,2000,129.74341758340597
0.02,ColonCancer,15,0.11700230769230761,0.8871794871794872,531,2000,128.6684090406634
0.02,ColonCancer,16,0.11597307692307686,0.8884615384615385,555,2000,130.7630346659571
0.02,ColonCancer,17,0.10100230769230768,0.9038461538461539,581,2000,129.55651366710663
0.02,ColonCancer,18,0.1323530769230768,0.8717948717948719,543,2000,130.88246220815927
0.02,ColonCancer,19,0.15060230769230773,0.8538461538461538,591,2000,131.52286133309826
0.02,ColonCancer,20,0.13388230769230777,0.8705128205128204,569,2000,131.61548804212362
0.02,ColonCancer,21,0.11586307692307686,0.8884615384615385,544,2000,132.70296508306637
0.02,ColonCancer,22,0.11739230769230762,0.8871794871794872,570,2000,131.71410637535155
0.02,ColonCancer,23,0.16566307692307689,0.8384615384615385,574,2000,131.78050454100594
0.02,ColonCancer,24,0.10213153846153844,0.9025641025641026,567,2000,133.94430029205978
0.02,ColonCancer,25,0.10089230769230768,0.9038461538461539,570,2000,133.89547933405265
0.02,ColonCancer,26,0.10074230769230769,0.9038461538461539,555,2000,133.72832383261994
0.02,ColonCancer,27,0.11773230769230762,0.8871794871794872,604,2000,135.8318479997106
0.02,ColonCancer,28,0.16655230769230767,0.8371794871794872,536,2000,139.00328599987552
0.02,ColonCancer,29,0.1328930769230768,0.8717948717948719,597,2000,140.29469083296135
0.02,Leukemia,0,0.019323478817458044,0.9857142857142858,925,3571,166.7566103329882
0.02,Leukemia,1,0.019519502340280784,0.9857142857142858,960,3571,165.46283816732466
0.02,Leukemia,2,0.01940188822658714,0.9857142857142858,939,3571,166.7295785411261
0.02,Leukemia,3,0.018414225707084828,0.9866666666666667,931,3571,165.26260758424178
0.02,Leukemia,4,0.0192170660479257,0.9857142857142858,906,3571,166.4929628339596
0.02,Leukemia,5,0.01838062167460093,0.9866666666666667,925,3571,167.25972874974832
0.02,Leukemia,6,0.018453430411649374,0.9866666666666667,938,3571,166.3782677082345
0.02,Leukemia,7,0.019525103012361433,0.9857142857142858,961,3571,167.6291562076658
0.02,Leukemia,8,0.018660655278633413,0.9866666666666667,975,3571,168.2305611250922
0.02,Leukemia,9,0.018212601512181438,0.9866666666666667,895,3571,168.90332687506452
0.02,Leukemia,10,0.018582245869504316,0.9866666666666667,961,3571,166.9196713338606
0.02,Leukemia,11,0.01939068688242584,0.9857142857142858,937,3571,168.65513541689143
0.02,Leukemia,12,0.019441092931151687,0.9857142857142858,946,3571,168.27727700024843
0.02,Leukemia,13,0.018419826379165477,0.9866666666666667,932,3571,167.95481770765036
0.02,Leukemia,14,0.019368284194103243,0.9857142857142858,933,3571,167.75760420784354
0.02,Leukemia,15,0.019385086210345192,0.9857142857142858,936,3571,168.39515029173344
0.02,Leukemia,16,0.018436628395407426,0.9866666666666667,935,3571,168.43393862526864
0.02,Leukemia,17,0.01940748889866779,0.9857142857142858,940,3571,168.87905283272266
0.02,Leukemia,18,0.019306676801216095,0.9857142857142858,922,3571,169.77666720794514
0.02,Leukemia,19,0.01940748889866779,0.9857142857142858,940,3571,171.12681895773858
0.02,Leukemia,20,0.01942429091490974,0.9857142857142858,943,3571,168.97609287500381
0.02,Leukemia,21,0.01955310637276468,0.9857142857142858,966,3571,170.09177320916206
0.02,Leukemia,22,0.019491498979877536,0.9857142857142858,955,3571,168.19012229098007
0.02,Leukemia,23,0.018425427051246127,0.9866666666666667,933,3571,168.1946682082489
0.02,Leukemia,24,0.019385086210345192,0.9857142857142858,936,3571,164.07974433433264
0.02,Leukemia,25,0.01956990838900663,0.9857142857142858,969,3571,166.32768820784986
0.02,Leukemia,26,0.019379485538264542,0.9857142857142858,935,3571,165.5018183751963
0.02,Leukemia,27,0.01940748889866779,0.9857142857142858,940,3571,166.57433370826766
0.02,Leukemia,28,0.019452294275312986,0.9857142857142858,948,3571,160.04625750007108
0.02,Leukemia,29,0.019340280833699992,0.9857142857142858,928,3571,154.81624612491578
0.05,Zoo,0,0.04792499999999991,0.9800000000000001,9,16,181.9986456669867
0.05,Zoo,1,0.04792499999999991,0.9800000000000001,9,16,182.05855187494308
0.05,Zoo,2,0.03542499999999991,0.9800000000000001,5,16,178.6449230001308
0.05,Zoo,3,0.0349535714285714,0.9804761904761905,5,16,178.07654849998653
0.05,Zoo,4,0.04485357142857152,0.9704761904761904,5,16,174.77798329200596
0.05,Zoo,7,0.0349535714285714,0.9804761904761905,5,16,176.218121541664
0.05,Zoo,6,0.03854999999999991,0.9800000000000001,6,16,178.7207123748958
0.05,Zoo,5,0.04167499999999991,0.9800000000000001,7,16,178.33841224992648
0.05,Zoo,8,0.03542499999999991,0.9800000000000001,5,16,175.4336045831442
0.05,Zoo,9,0.03542499999999991,0.9800000000000001,5,16,176.22312420792878
0.05,Zoo,10,0.051575000000000024,0.97,7,16,176.77312708320096
0.05,Zoo,11,0.03542499999999991,0.9800000000000001,5,16,175.8615465001203
0.05,Zoo,12,0.03542499999999991,0.9800000000000001,5,16,175.81241479190066
0.05,Zoo,13,0.05104999999999991,0.9800000000000001,10,16,174.04477987531573
0.05,Zoo,14,0.03542499999999991,0.9800000000000001,5,16,173.9234394999221
0.05,Zoo,15,0.04485357142857152,0.9704761904761904,5,16,175.72600583406165
0.05,Zoo,16,0.04167499999999991,0.9800000000000001,7,16,175.50624708412215
0.05,Zoo,17,0.03542499999999991,0.9800000000000001,5,16,177.06615658290684
0.05,Zoo,18,0.045325000000000025,0.97,5,16,176.60847249999642
0.05,Zoo,19,0.0479785714285713,0.9704761904761906,6,16,176.79683529166505
0.05,Zoo,20,0.04120357142857141,0.9804761904761905,7,16,176.5605407501571
0.05,Zoo,21,0.0479785714285713,0.9704761904761906,6,16,180.23170837480575
0.05,Zoo,22,0.03542499999999991,0.9800000000000001,5,16,179.92618891596794
0.05,Zoo,23,0.048449999999999924,0.9700000000000001,6,16,180.80316425021738
0.05,Zoo,24,0.03542499999999991,0.9800000000000001,5,16,181.25533983297646
0.05,Zoo,25,0.045325000000000025,0.97,5,16,181.52924529230222
0.05,Zoo,26,0.04167499999999991,0.9800000000000001,7,16,181.41531037539244
0.05,Zoo,27,0.0349535714285714,0.9804761904761905,5,16,182.47072012489662
0.05,Zoo,28,0.04167499999999991,0.9800000000000001,7,16,183.3829618752934
0.05,Sonar,0,0.12184843205574913,0.8895470383275261,15,60,149.07663308316842
0.05,Sonar,1,0.12656271777003483,0.8847851335656214,15,60,159.0484239999205
0.05,Zoo,29,0.03542499999999991,0.9800000000000001,5,16,183.41830229200423
0.05,Sonar,3,0.11126887340301984,0.9036004645760742,19,60,147.09108449984342
0.05,Sonar,2,0.12268176538908247,0.8895470383275261,16,60,161.7714902497828
0.05,Sonar,5,0.12834436701509874,0.8846689895470383,17,60,155.5377387921326
0.05,Sonar,4,0.12584436701509874,0.8846689895470383,14,60,176.72666491707787
0.05,Sonar,6,0.1079355400696865,0.9036004645760742,15,60,164.04646349977702
0.05,Sonar,7,0.11647154471544717,0.8991869918699187,20,60,147.8503648340702
0.05,Sonar,8,0.13024099883855986,0.8844367015098722,19,60,157.4717121249996
0.05,Sonar,9,0.10983217189314765,0.9033681765389081,17,60,150.29825070826337
0.05,Sonar,11,0.11848315911730553,0.8988385598141695,22,60,151.65032491693273
0.05,Sonar,10,0.12334436701509874,0.8846689895470383,11,60,168.90882962476462
0.05,Sonar,13,0.12213414634146344,0.8943089430894309,21,60,149.05442425003275
0.05,Sonar,14,0.11385656213704995,0.8993031358885017,17,60,151.06764320796356
0.05,Sonar,12,0.11819744483159124,0.8940766550522647,16,60,178.30873449984938
0.05,Sonar,15,0.12035249709639954,0.8944250871080139,19,60,148.3231051657349
0.05,Sonar,16,0.1277967479674797,0.8894308943089431,22,60,160.36137604201213
0.05,Sonar,17,0.12268176538908247,0.8895470383275261,16,60,170.40294100018218
0.05,Sonar,18,0.10681300813008131,0.9089430894308943,20,60,153.36667345790192
0.05,Sonar,19,0.13492799070847852,0.8754936120789779,14,60,177.64892216725275
0.05,Sonar,20,0.123082462253194,0.8941927990708478,22,60,154.46855541691184
0.05,Sonar,22,0.12524099883855988,0.8844367015098722,13,60,174.0484591247514
0.05,Sonar,21,0.11653077816492458,0.8940766550522647,14,60,179.88636420900002
0.05,Sonar,23,0.12791173054587693,0.88931475029036,22,60,156.1680024159141
0.05,Sonar,24,0.13199535423925673,0.8801393728222996,16,60,169.81631954107434
0.05,Sonar,25,0.11115389082462261,0.9037166085946573,19,60,156.0955307497643
0.05,Sonar,26,0.11313821138211384,0.8991869918699187,16,60,166.78573358431458
0.05,Sonar,27,0.11747909407665513,0.8939605110336817,15,60,158.92811229126528
0.05,Sonar,28,0.11253484320557497,0.8989547038327526,15,60,173.49805229203776
0.05,Sonar,29,0.10632462253193968,0.9085946573751451,19,60,154.92424945812672
0.05,WDBC,0,0.037734668529731445,0.9736686849868033,7,30,373.90209520887583
0.05,WDBC,1,0.03585747554727528,0.9789318428815401,9,30,376.86056287493557
0.05,WDBC,2,0.0343070951715571,0.9771308802980905,7,30,374.16003887495026
0.05,WDBC,3,0.03931578947368418,0.9754385964912281,9,30,370.7111842497252
0.05,WDBC,4,0.03419080888060862,0.9789318428815401,8,30,368.20587691664696
0.05,WDBC,5,0.03443207576463287,0.9736376339077782,5,30,365.38036570791155
0.05,WDBC,6,0.03940133519639811,0.9736686849868033,8,30,362.4534842497669
0.05,WDBC,7,0.03451762148734681,0.9718677224033534,4,30,364.7485907911323
0.05,WDBC,8,0.037609687936655777,0.9771619313771154,9,30,355.2506252923049
0.05,WDBC,9,0.03594302126998911,0.9771619313771154,8,30,355.58091795863584
0.05,WDBC,10,0.03422154944884338,0.9789007918025151,8,30,356.78902158280835
0.05,WDBC,11,0.03753951249805917,0.9789163173420278,10,30,355.96760837500915
0.05,WDBC,12,0.037734668529731445,0.9736686849868033,7,30,356.0049414578825
0.05,WDBC,13,0.03927635460332245,0.9771619313771154,10,30,361.1782292500138
0.05,WDBC,14,0.035927650985871674,0.9771774569166279,8,30,356.8258930416778
0.05,WDBC,15,0.037734668529731445,0.9736686849868033,7,30,353.09900550032035
0.05,WDBC,16,0.03783558453656259,0.9718832479428661,6,30,359.5036544580944
0.05,WDBC,17,0.039486880919112045,0.9718987734823784,7,30,359.1849635839462
0.05,WDBC,19,0.0393772706101537,0.9753764943331781,9,30,358.006874457933
0.05,WDBC,18,0.03912063344201212,0.9806862288464524,12,30,361.5620388328098
0.05,WDBC,20,0.03406582828753317,0.982425089271852,10,30,358.00527987489477
0.05,WDBC,21,0.03746933705946279,0.98067070330694,11,30,356.254195000045
0.05,WDBC,22,0.039307095171557095,0.9771308802980905,10,30,355.61784699978307
0.05,WDBC,23,0.03434653004191894,0.9754075454122031,6,30,360.6810421659611
0.05,ColonCancer,0,0.12668653846153838,0.885897435897436,549,2000,120.03140620794147
0.05,ColonCancer,1,0.15819807692307697,0.8551282051282051,591,2000,120.36842904100195
0.05,WDBC,24,0.0378355845365627,0.971883247942866,6,30,358.89066879218444
0.05,WDBC,25,0.04095839155410666,0.9771464058376027,11,30,360.6299164169468
0.05,ColonCancer,2,0.09513076923076927,0.9179487179487179,556,2000,121.41393529204652
0.05,ColonCancer,3,0.13992884615384626,0.873076923076923,571,2000,123.52600066596642
0.05,WDBC,27,0.03609874243129954,0.9736376339077782,6,30,358.6825524591841
0.05,WDBC,26,0.03752414221394195,0.9789318428815401,10,30,364.5884635001421
0.05,WDBC,28,0.03585747554727528,0.9789318428815401,9,30,362.4272881662473
0.05,WDBC,29,0.04101319670858561,0.9754075454122031,10,30,369.03687104117125
0.05,ColonCancer,4,0.11175576923076921,0.9012820512820513,561,2000,131.2488837921992
0.05,ColonCancer,5,0.15737307692307695,0.8551282051282051,558,2000,128.88276625005528
0.05,ColonCancer,6,0.1263615384615384,0.885897435897436,536,2000,130.20523391710594
0.05,ColonCancer,7,0.10665384615384615,0.9064102564102564,560,2000,129.82133474992588
0.05,ColonCancer,8,0.13890384615384627,0.873076923076923,530,2000,133.1998480418697
0.05,ColonCancer,9,0.12586730769230783,0.887179487179487,567,2000,133.07976337522268
0.05,ColonCancer,10,0.1270115384615384,0.885897435897436,562,2000,135.95869379211217
0.05,ColonCancer,11,0.12459807692307687,0.8884615384615385,567,2000,137.87693716585636
0.05,ColonCancer,12,0.15744807692307697,0.8551282051282051,561,2000,137.89475849969313
0.05,ColonCancer,13,0.1416673076923078,0.8705128205128204,539,2000,137.92335858335719
0.05,ColonCancer,14,0.10670384615384616,0.9064102564102564,562,2000,137.78721408406273
0.05,ColonCancer,15,0.11041153846153845,0.9025641025641026,558,2000,138.11676633311436
0.05,ColonCancer,16,0.12424807692307686,0.8884615384615385,553,2000,138.14081770833582
0.05,ColonCancer,17,0.10971730769230768,0.9038461538461539,581,2000,137.71908662468195
0.05,ColonCancer,18,0.1404980769230768,0.8717948717948719,543,2000,136.0540025839582
0.05,ColonCancer,19,0.15946730769230774,0.8538461538461538,591,2000,134.88537641707808
0.05,ColonCancer,20,0.14241730769230776,0.8705128205128204,569,2000,132.80551370885223
0.05,ColonCancer,21,0.12402307692307686,0.8884615384615385,544,2000,132.3005909579806
0.05,ColonCancer,22,0.1253923076923076,0.8871794871794872,548,2000,132.2811258751899
0.05,ColonCancer,23,0.1742730769230769,0.8384615384615385,574,2000,132.3636194160208
0.05,ColonCancer,24,0.11063653846153845,0.9025641025641026,567,2000,132.96109766699374
0.05,ColonCancer,25,0.10944230769230769,0.9038461538461539,570,2000,133.11571737518534
0.05,ColonCancer,26,0.10906730769230769,0.9038461538461539,555,2000,133.9353545838967
0.05,ColonCancer,27,0.12641153846153838,0.885897435897436,538,2000,136.4535827920772
0.05,ColonCancer,28,0.17459230769230766,0.8371794871794872,536,2000,136.8487176252529
0.05,ColonCancer,29,0.1250923076923076,0.8871794871794872,536,2000,138.23533270834014
0.05,Leukemia,0,0.027094411329359476,0.9857142857142858,925,3571,168.19821204198524
0.05,Leukemia,1,0.02758447013641632,0.9857142857142858,960,3571,167.87873020814732
0.05,Leukemia,2,0.027290434852182213,0.9857142857142858,939,3571,168.48507891595364
0.05,Leukemia,3,0.0262355642677121,0.9866666666666667,931,3571,168.24220341723412
0.05,Leukemia,4,0.026828379405528614,0.9857142857142858,906,3571,168.22011891705915
0.05,Leukemia,5,0.026151554186502356,0.9866666666666667,925,3571,168.7425850830041
0.05,Leukemia,6,0.026333576029123472,0.9866666666666667,938,3571,167.58379812492058
0.05,Leukemia,7,0.027598471816617946,0.9857142857142858,961,3571,168.64516304200515
0.05,Leukemia,8,0.026851638196583566,0.9866666666666667,975,3571,166.38759229099378
0.05,Leukemia,9,0.025731503780453628,0.9866666666666667,895,3571,166.88154195807874
0.05,Leukemia,10,0.026655614673760826,0.9866666666666667,961,3571,167.22650841576979
0.05,Leukemia,11,0.02726243149177896,0.9857142857142858,937,3571,166.93174520879984
0.05,Leukemia,12,0.027388446613593583,0.9857142857142858,946,3571,168.00822070799768
0.05,Leukemia,13,0.026249565947913726,0.9866666666666667,932,3571,168.80670470930636
0.05,Leukemia,14,0.027206424770972466,0.9857142857142858,933,3571,169.15926783299074
0.05,Leukemia,15,0.02724842981157734,0.9857142857142858,936,3571,167.69040341721848
0.05,Leukemia,16,0.0262915709885186,0.9866666666666667,935,3571,169.26804325031117
0.05,Leukemia,17,0.027304436532383836,0.9857142857142858,940,3571,171.2225839169696
0.05,Leukemia,18,0.0270524062887546,0.9857142857142858,922,3571,174.55969691602513
0.05,Leukemia,19,0.027304436532383836,0.9857142857142858,940,3571,173.3798352079466
0.05,Leukemia,20,0.027346441572988708,0.9857142857142858,943,3571,175.20606654230505
0.05,Leukemia,21,0.027668480217626065,0.9857142857142858,966,3571,176.48985629109666
0.05,Leukemia,22,0.0275144617354082,0.9857142857142858,955,3571,176.55885058408603
0.05,Leukemia,23,0.026263567628115353,0.9866666666666667,933,3571,174.917036625091
0.05,Leukemia,24,0.02724842981157734,0.9857142857142858,936,3571,171.84677712479606
0.05,Leukemia,25,0.027710485258230937,0.9857142857142858,969,3571,169.3712023748085
0.05,Leukemia,27,0.027304436532383836,0.9857142857142858,940,3571,157.22693162504584
0.05,Leukemia,26,0.027234428131375714,0.9857142857142858,935,3571,159.5891530830413
0.05,Leukemia,28,0.02741644997399683,0.9857142857142858,948,3571,146.91190408403054
0.05,Leukemia,29,0.027136416369964347,0.9857142857142858,928,3571,123.4548447499983
