dataset,algorithm,nogueira_phi,mean_selected_fraction,raw_mean_jaccard
Zoo,RG-SCSO,0.5409704630141684,0.45416666666666666,0.6343107977590736
Zoo,SCSO,0.5120741591559046,0.5270833333333333,0.6375158685503513
Zoo,AOA,-0.0020876826722371,0.9979166666666668,0.9958333333333333
Sonar,RG-SCSO,0.0878968274228298,0.3177777777777777,0.23384557986235407
Sonar,SCSO,0.0589252261221414,0.4588888888888889,0.32596434205801056
Sonar,AOA,0.0040783980207149,0.9911111111111112,0.9824391194233391
WDBC,RG-SCSO,0.1901143859063204,0.39333333333333337,0.3445658441456479
WDBC,SCSO,0.1566107936020864,0.48333333333333334,0.39619848589637074
WDBC,AOA,0.005379465149581,0.99,0.980295943982032
ColonCancer,RG-SCSO,0.0139359646676998,0.2815666666666667,0.17069164679165216
ColonCancer,SCSO,0.0043164789989655,0.491,0.3273025084693838
ColonCancer,AOA,-0.0007334127014864,0.9954666666666668,0.9909671791307346
Leukemia,RG-SCSO,0.0151626465128834,0.2631382432558574,0.1589996110382822
Leukemia,SCSO,0.0012031187155591,0.47413422944086625,0.3112934680152657
Leukemia,AOA,-0.0051574441593669,0.9880238962008774,0.9761926958870237
