algorithm,dataset,run_id,fitness,accuracy,n_selected_features,n_total_features,runtime_seconds
bSCSO-S,BreastEW,7,0.029432946901388344,0.9736367539716616,3,9,376.5767802919727
bSCSO-S,BreastEW,3,0.030565311769476605,0.9736152855302705,4,9,381.0742247919552
bSCSO-S,BreastEW,4,0.030178033013692027,0.975128810648347,5,9,381.18021291703917
bSCSO-S,BreastEW,0,0.028764658174705374,0.9765564620008588,5,9,384.6348158749752
bSCSO-S,BreastEW,1,0.02799831830542443,0.9750858737655645,3,9,385.15834541711956
bSCSO-S,BreastEW,5,0.031310397881780395,0.9751073422069558,6,9,385.50406350009143
bSCSO-S,BreastEW,2,0.031331651638757764,0.9750858737655645,6,9,385.7245409579482
bSCSO-S,BreastEW,6,0.029454200658365494,0.9736152855302705,3,9,389.4660345830489
bSCSO-S,BreastEW,8,0.030533431134010882,0.9736474881923571,4,9,389.59999091597274
bSCSO-S,BreastEW,10,0.03087820237584083,0.9721768999570631,3,9,391.8041830000002
bSCSO-S,BreastEW,9,0.030199286770669284,0.9751073422069558,5,9,393.79669449990615
bSCSO-S,BreastEW,14,0.030512177377033513,0.9736689566337484,4,9,389.6124393751379
bSCSO-S,BreastEW,13,0.029390439387433825,0.973679690854444,3,9,389.8571029580198
bSCSO-S,BreastEW,12,0.028008945183912896,0.9750751395448691,3,9,392.5615964999888
bSCSO-S,BreastEW,11,0.031602034731167364,0.9736904250751396,5,9,393.36627466697246
bSCSO-S,BreastEW,15,0.030888829254329404,0.9721661657363676,3,9,396.13250091602094
bSCSO-S,BreastEW,16,0.03164454224512199,0.9736474881923571,5,9,388.9065334580373
bSCSO-S,BreastEW,21,0.03018865989218071,0.9751180764276514,5,9,382.09331866702996
bSCSO-S,BreastEW,17,0.029886396164305058,0.9765457277801632,6,9,390.36228408291936
bSCSO-S,BreastEW,18,0.03053343113401066,0.9736474881923574,4,9,389.26733604213223
bSCSO-S,BreastEW,19,0.030220540527646653,0.9750858737655645,5,9,390.72970566595905
bSCSO-S,BreastEW,20,0.03166579600209903,0.9736260197509662,5,9,391.0810381670017
bSCSO-S,BreastEW,22,0.030856948618863574,0.9721983683984543,3,9,389.7974292500876
bSCSO-S,BreastEW,23,0.02954162492247511,0.9780163160154572,7,9,392.2823124169372
bSCSO-S,BreastEW,24,0.032421508992891396,0.9751073422069559,7,9,341.9350740830414
bSCSO-S,BreastEW,25,0.03015677925671477,0.9751502790897382,5,9,340.27222216688097
bSCSO-S,BreastEW,26,0.03164454224512199,0.9736474881923571,5,9,338.9120705840178
bSCSO-S,BreastEW,27,0.0327981608701874,0.973604551309575,6,9,339.9809161250014
bSCSO-S,BreastEW,29,0.0320105672439292,0.972155431515672,4,9,338.57059804117307
bSCSO-S,BreastEW,28,0.03227032345785023,0.9707707170459425,3,9,345.4157938749995
bSCSO-S,ColonCancer,0,0.14960730769230773,0.8538461538461538,983,2000,444.8998740420211
bSCSO-S,ColonCancer,1,0.1979530769230769,0.8051282051282052,1006,2000,441.68120525009
bSCSO-S,ColonCancer,2,0.1341965384615383,0.8692307692307694,947,2000,462.917952415999
bSCSO-S,ColonCancer,4,0.13432653846153833,0.8692307692307694,973,2000,459.96638033282943
bSCSO-S,ColonCancer,3,0.1787996153846153,0.8243589743589744,983,2000,462.3271900829859
bSCSO-S,ColonCancer,6,0.14950230769230774,0.8538461538461538,962,2000,459.2767455831636
bSCSO-S,ColonCancer,5,0.1941003846153846,0.808974358974359,997,2000,461.75184341706336
bSCSO-S,ColonCancer,7,0.13047384615384625,0.873076923076923,964,2000,461.7241553750355
bSCSO-S,ColonCancer,8,0.14562961538461544,0.8576923076923076,949,2000,461.79524462507106
bSCSO-S,ColonCancer,9,0.19551461538461537,0.8076923076923077,1026,2000,459.5942545419093
bSCSO-S,ColonCancer,10,0.14959730769230772,0.8538461538461538,981,2000,458.8509680000134
bSCSO-S,ColonCancer,11,0.1469888461538462,0.8564102564102564,967,2000,457.0479825420771
bSCSO-S,ColonCancer,13,0.16357384615384615,0.8397435897435898,984,2000,456.4257113749627
bSCSO-S,ColonCancer,12,0.1649730769230769,0.8384615384615385,1010,2000,458.74029208300635
bSCSO-S,ColonCancer,14,0.1291396153846155,0.8743589743589743,951,2000,458.27982358285226
bSCSO-S,ColonCancer,15,0.14826807692307695,0.8551282051282051,969,2000,458.75851954193786
bSCSO-S,ColonCancer,16,0.14601961538461544,0.8576923076923076,1027,2000,459.9050709591247
bSCSO-S,ColonCancer,17,0.1612203846153846,0.8423076923076923,1021,2000,457.2851044170093
bSCSO-S,ColonCancer,19,0.19651384615384612,0.8064102564102564,972,2000,462.37869516713545
bSCSO-S,ColonCancer,20,0.14968730769230773,0.8538461538461538,999,2000,461.2792533340398
bSCSO-S,ColonCancer,18,0.1800388461538462,0.823076923076923,977,2000,464.24717470793985
bSCSO-S,ColonCancer,21,0.13180307692307702,0.8717948717948717,976,2000,464.67596299992874
bSCSO-S,ColonCancer,22,0.14697384615384618,0.8564102564102564,964,2000,464.2134986668825
bSCSO-S,ColonCancer,23,0.22816461538461535,0.7743589743589744,956,2000,464.0390374590643
bSCSO-S,ColonCancer,24,0.14957230769230773,0.8538461538461538,976,2000,449.69090958405286
bSCSO-S,ColonCancer,25,0.13077884615384602,0.8730769230769232,1025,2000,448.0698900001589
bSCSO-S,Diabetes,0,0.24989705882352933,0.7538918597742128,5,8,311.6795505830087
bSCSO-S,Diabetes,1,0.24352731092436963,0.7603259485612428,5,8,311.5167983339634
bSCSO-S,ColonCancer,26,0.1470388461538462,0.8564102564102564,977,2000,385.9851829591207
bSCSO-S,ColonCancer,27,0.14962730769230773,0.8538461538461538,987,2000,386.17495312495157
bSCSO-S,ColonCancer,28,0.21313884615384618,0.7897435897435897,997,2000,385.57179691595957
bSCSO-S,ColonCancer,29,0.16215461538461548,0.8410256410256409,954,2000,387.0111917499453
bSCSO-S,Diabetes,2,0.2369411764705883,0.7657159833630421,4,8,330.47003049985506
bSCSO-S,Diabetes,3,0.238296218487395,0.7630846277905101,3,8,330.6939411251806
bSCSO-S,Diabetes,4,0.2396323529411764,0.7617349970291147,3,8,378.85148524981923
bSCSO-S,Diabetes,5,0.2357836134453782,0.7656226126814362,3,8,393.901519499952
bSCSO-S,Diabetes,6,0.25131302521008403,0.7499363381716323,3,8,405.0308347500395
bSCSO-S,Diabetes,7,0.23440336134453796,0.7682794329853152,4,8,408.27483354182914
bSCSO-S,Diabetes,8,0.24346848739495797,0.7603853662677192,5,8,408.69437454198487
bSCSO-S,Diabetes,9,0.24988025210084036,0.7539088362617774,5,8,408.09648824995384
bSCSO-S,Diabetes,10,0.2435462184873949,0.7590442237501062,4,8,403.53752720798366
bSCSO-S,Diabetes,11,0.25133823529411753,0.7499108734402853,3,8,414.21505266590975
bSCSO-S,Diabetes,13,0.2395861344537815,0.7643069348951702,5,8,396.2429243749939
bSCSO-S,Diabetes,15,0.2382773109243697,0.7643663526016468,4,8,396.8234356669709
bSCSO-S,Diabetes,19,0.2396827731092437,0.7616840675664205,3,8,396.81326337507926
bSCSO-S,Diabetes,17,0.24085504201680677,0.7630252100840336,5,8,396.9646768339444
bSCSO-S,Diabetes,12,0.24085924369747896,0.7604957134368899,3,8,398.4100195420906
bSCSO-S,Diabetes,18,0.24867226890756297,0.7538663950428657,4,8,398.5250757080503
bSCSO-S,Diabetes,16,0.2511134453781513,0.7539258127493421,6,8,402.3627317498904
bSCSO-S,Diabetes,14,0.2458949579831933,0.7591970121381886,6,8,406.6732496668119
bSCSO-S,Diabetes,20,0.2420882352941176,0.7630421865715984,6,8,400.19443208305165
bSCSO-S,Diabetes,25,0.24979201680672275,0.7565232153467447,7,8,407.521309542004
bSCSO-S,Diabetes,23,0.23959453781512607,0.7642984466513878,5,8,413.782712749904
bSCSO-S,Diabetes,24,0.23185714285714293,0.7708513708513708,4,8,412.70473416591994
bSCSO-S,Diabetes,22,0.24472899159663875,0.7591121297003649,5,8,415.823545207968
bSCSO-S,Diabetes,21,0.25238025210084025,0.7539088362617775,7,8,419.98942899983376
bSCSO-S,Diabetes,26,0.2433907563025211,0.7617265087853322,6,8,415.1448482500855
bSCSO-S,Diabetes,27,0.24087394957983194,0.761743485272897,4,8,411.6022072080523
bSCSO-S,Diabetes,28,0.2447983193277311,0.7577794754265342,4,8,421.16423770808615
bSCSO-S,Diabetes,29,0.24602941176470583,0.7590612002376709,6,8,418.2648107078858
bSCSO-S,GermanCredit,1,0.24014,0.764,13,20,600.7519172499888
bSCSO-S,GermanCredit,0,0.24112999999999998,0.763,13,20,609.7720623330679
bSCSO-S,GermanCredit,2,0.2361600000000001,0.7659999999999999,9,20,608.7049497498665
bSCSO-S,GermanCredit,3,0.24162,0.762,12,20,607.090760458028
bSCSO-S,GermanCredit,5,0.24261,0.761,12,20,605.8014314579777
bSCSO-S,GermanCredit,4,0.23615999999999998,0.766,9,20,611.400808375096
bSCSO-S,GermanCredit,7,0.2401200000000001,0.7619999999999999,9,20,645.2485462080222
bSCSO-S,GermanCredit,6,0.23815999999999998,0.766,13,20,658.0528679171111
bSCSO-S,GermanCredit,10,0.2346900000000001,0.7689999999999999,12,20,653.121536666993
bSCSO-S,GermanCredit,8,0.22923999999999997,0.774,11,20,679.017552500125
bSCSO-S,GermanCredit,13,0.2376600000000001,0.7659999999999999,12,20,663.387933707796
bSCSO-S,GermanCredit,11,0.23862999999999998,0.763,8,20,678.6753769579809
bSCSO-S,GermanCredit,9,0.2336900000000001,0.7689999999999999,10,20,684.3346986249089
bSCSO-S,GermanCredit,12,0.23864,0.764,10,20,684.8069360000081
bSCSO-S,GermanCredit,21,0.2406200000000001,0.7619999999999999,10,20,561.4955242918804
bSCSO-S,GermanCredit,17,0.24111,0.761,9,20,578.2119044160936
bSCSO-S,GermanCredit,18,0.23665999999999998,0.766,10,20,580.1799632501788
bSCSO-S,GermanCredit,14,0.23964,0.764,12,20,588.4237255421467
bSCSO-S,GermanCredit,15,0.23715,0.765,9,20,588.7919640410691
bSCSO-S,GermanCredit,20,0.24309999999999998,0.76,11,20,589.6177132909652
bSCSO-S,GermanCredit,16,0.23715999999999998,0.766,11,20,593.36129579111
bSCSO-S,GermanCredit,19,0.23715999999999998,0.766,11,20,594.5462398750242
bSCSO-S,GermanCredit,22,0.2401500000000001,0.7649999999999999,15,20,585.9685317080002
bSCSO-S,GermanCredit,24,0.2337000000000001,0.7699999999999999,12,20,575.1087453330401
bSCSO-S,GermanCredit,27,0.23418,0.768,9,20,573.3123165830038
bSCSO-S,GermanCredit,23,0.24012,0.762,9,20,594.1119015000295
bSCSO-S,GermanCredit,25,0.23962,0.762,8,20,587.1886248749215
bSCSO-S,GermanCredit,28,0.23964,0.764,12,20,586.7451775840018
bSCSO-S,GermanCredit,29,0.2416200000000001,0.7619999999999999,12,20,588.6097405001055
bSCSO-S,GermanCredit,26,0.23567,0.767,10,20,620.9780487499665
bSCSO-S,HeartDisease,0,0.15391225554106902,0.8484180790960453,5,13,235.81430687499233
bSCSO-S,HeartDisease,1,0.1493402868318121,0.8553672316384182,8,13,237.0142996669747
bSCSO-S,HeartDisease,2,0.14262842242503268,0.8621468926553671,8,13,239.6247421670705
bSCSO-S,HeartDisease,3,0.14967588005215132,0.8550282485875705,8,13,235.7346617919393
bSCSO-S,HeartDisease,4,0.14851512385919174,0.8554237288135592,7,13,239.0121836247854
bSCSO-S,HeartDisease,5,0.16364511082138206,0.8416949152542372,9,13,239.1811893749982
bSCSO-S,HeartDisease,6,0.15055632333767915,0.8518079096045199,5,13,237.7309386250563
bSCSO-S,HeartDisease,7,0.14714445893089956,0.8552542372881357,5,13,236.3853228329681
bSCSO-S,HeartDisease,8,0.15539478487614075,0.8484745762711865,7,13,239.06934400019236
bSCSO-S,HeartDisease,9,0.1570444589308997,0.8452542372881355,5,13,235.6583414580673
bSCSO-S,HeartDisease,10,0.14780247718383305,0.8584745762711865,10,13,237.8619798340369
bSCSO-S,HeartDisease,11,0.15884941329856592,0.8488700564971751,12,13,234.064489207929
bSCSO-S,HeartDisease,12,0.14065632333767925,0.8618079096045198,5,13,237.69819004111923
bSCSO-S,HeartDisease,13,0.15055632333767915,0.8518079096045199,5,13,237.12231233390048
bSCSO-S,HeartDisease,14,0.16028852672750982,0.8419774011299435,5,13,237.93312916718423
bSCSO-S,HeartDisease,15,0.15192698826597134,0.8519774011299435,7,13,233.86624683300033
bSCSO-S,HeartDisease,16,0.1618276401564536,0.845084745762712,11,13,235.48146275011823
bSCSO-S,HeartDisease,17,0.14615215123859188,0.858587570621469,8,13,236.59007791616023
bSCSO-S,HeartDisease,18,0.15209478487614067,0.8518079096045199,7,13,237.50382479210384
bSCSO-S,HeartDisease,19,0.1513255541069099,0.8518079096045199,6,13,237.57931233313866
bSCSO-S,HeartDisease,20,0.14956466753585396,0.8582485875706215,12,13,239.80195683287457
bSCSO-S,HeartDisease,21,0.15522698826597142,0.8486440677966101,7,13,237.75037891580723
bSCSO-S,HeartDisease,22,0.15072411994784868,0.8516384180790961,5,13,239.0499413749203
bSCSO-S,HeartDisease,23,0.16051225554106918,0.8417514124293785,5,13,238.08223129203543
bSCSO-S,HeartDisease,24,0.15847105606258158,0.845367231638418,7,13,226.95106833381578
bSCSO-S,HeartDisease,25,0.13730039113428932,0.8651977401129944,5,13,226.34593920898624
bSCSO-S,HeartDisease,27,0.14802555410691015,0.855141242937853,6,13,221.8817790830508
bSCSO-S,HeartDisease,26,0.15979895697522822,0.8416949152542372,4,13,224.5251862090081
bSCSO-S,HeartDisease,29,0.1501654498044328,0.8553107344632769,9,13,218.00119387498125
bSCSO-S,HeartDisease,28,0.1462640156453715,0.8584745762711865,8,13,220.94205700000748
bSCSO-S,IonosphereEW,1,0.08718548940703036,0.9146076458752516,9,34,355.41686550015584
bSCSO-S,IonosphereEW,0,0.0968875133151852,0.9059959758551308,13,34,396.59165958384983
bSCSO-S,IonosphereEW,5,0.09971608474375668,0.9031388329979879,13,34,397.81569324992597
bSCSO-S,IonosphereEW,2,0.09803105692981416,0.9030583501006036,7,34,424.3971735830419
bSCSO-S,IonosphereEW,3,0.0987388093265475,0.9029376257545272,9,34,419.87056712503545
bSCSO-S,IonosphereEW,6,0.09637895608947798,0.9059154929577465,11,34,413.6821064578835
bSCSO-S,IonosphereEW,4,0.09211963545981779,0.9087323943661971,6,34,426.38203141698614
bSCSO-S,IonosphereEW,7,0.10195642087821037,0.9002816901408451,11,34,429.55038604093716
bSCSO-S,IonosphereEW,9,0.09521772990886507,0.9061971830985914,8,34,392.8446326670237
bSCSO-S,IonosphereEW,8,0.09672815717836436,0.9061569416498994,13,34,449.6058284579776
bSCSO-S,IonosphereEW,10,0.10250481713812287,0.9003219315895372,13,34,428.80895779212005
bSCSO-S,IonosphereEW,11,0.09284263226417339,0.9088933601609657,9,34,421.18796583404765
bSCSO-S,IonosphereEW,12,0.09604499940821401,0.9059557344064386,10,34,435.03675850015134
bSCSO-S,IonosphereEW,15,0.09355038466090664,0.9087726358148893,11,34,413.93484849995
bSCSO-S,IonosphereEW,13,0.09932704462066515,0.9029376257545272,11,34,431.7082812918816
bSCSO-S,IonosphereEW,14,0.10503927091963527,0.8974647887323945,12,34,434.6590437919367
bSCSO-S,IonosphereEW,16,0.10258449520653319,0.9002414486921531,13,34,436.50899154203944
bSCSO-S,IonosphereEW,17,0.09616451651082959,0.9058350100603623,10,34,440.33193058287725
bSCSO-S,IonosphereEW,18,0.09954148419931354,0.9030181086519115,12,34,430.90097162500024
bSCSO-S,IonosphereEW,19,0.09329610604805308,0.9087323943661971,10,34,433.65760925016366
bSCSO-S,IonosphereEW,22,0.0935902236951119,0.9087323943661971,11,34,413.52560799987987
bSCSO-S,IonosphereEW,20,0.09684767428097994,0.906036217303823,13,34,444.6850863751024
bSCSO-S,IonosphereEW,23,0.09355038466090664,0.9087726358148893,11,34,430.13715166714974
bSCSO-S,IonosphereEW,21,0.10820179902947084,0.8945674044265595,13,34,451.08230274985544
bSCSO-S,IonosphereEW,25,0.08938598650727902,0.9117907444668008,7,34,377.2649285828229
bSCSO-S,IonosphereEW,24,0.10242513906971244,0.9004024144869215,13,34,466.60126966703683
bSCSO-S,IonosphereEW,28,0.08997422180139644,0.911790744466801,9,34,486.6736342499498
bSCSO-S,IonosphereEW,27,0.10111390697123906,0.9002414486921531,8,34,529.4733589170501
bSCSO-S,IonosphereEW,26,0.09867437566575923,0.9032997987927566,10,34,533.7653483340982
bSCSO-S,IonosphereEW,29,0.1021310214226535,0.9004024144869216,12,34,543.8568641669117
bSCSO-S,KrVsKpEW,0,0.045721818410462856,0.9590111502347417,18,35,1700.1309160829987
bSCSO-S,KrVsKpEW,1,0.05284083249496991,0.9518202269170578,18,35,1695.7917861249298
bSCSO-S,KrVsKpEW,2,0.05313138832997997,0.9518153364632237,19,35,1731.671935667051
bSCSO-S,KrVsKpEW,3,0.050055005030181184,0.954634194053208,18,35,1732.2092823330313
bSCSO-S,KrVsKpEW,4,0.056157545271629875,0.9496244131455398,22,35,1780.9724293749314
bSCSO-S,KrVsKpEW,6,0.05863399773641856,0.9471229460093896,22,35,1777.4456830001436
bSCSO-S,KrVsKpEW,5,0.05431914612676053,0.9511927816901409,21,35,1797.2405548330862
bSCSO-S,KrVsKpEW,7,0.04629421529175047,0.959010172143975,20,35,1809.7622157079168
bSCSO-S,KrVsKpEW,8,0.052609701961770595,0.9511878912363068,15,35,1800.0065463338979
bSCSO-S,KrVsKpEW,9,0.05189437248490936,0.9530648474178405,19,35,1798.2316597499885
bSCSO-S,KrVsKpEW,10,0.05317822560362181,0.9511908255086071,17,35,1823.4003619998693
bSCSO-S,KrVsKpEW,11,0.05475505533199177,0.949309467918623,16,35,1819.4125128330197
bSCSO-S,KrVsKpEW,12,0.0512002829476861,0.9546317488262911,22,35,1796.339779166039
bSCSO-S,KrVsKpEW,13,0.05589258677062378,0.9493148474178403,20,35,1795.4572987088468
bSCSO-S,KrVsKpEW,14,0.05532696805835014,0.9493089788732394,18,35,1790.9231676671188
bSCSO-S,KrVsKpEW,15,0.05277517605633809,0.9527523474178403,21,35,1817.5899839168414
bSCSO-S,KrVsKpEW,16,0.054728489688128656,0.9496249021909234,17,35,1779.9455275840592
bSCSO-S,KrVsKpEW,17,0.056250251509054404,0.9483763693270735,18,35,1801.7681819170248
bSCSO-S,KrVsKpEW,18,0.05739795020120732,0.9483714788732394,22,35,1788.0410687080584
bSCSO-S,KrVsKpEW,19,0.04624253646881297,0.9596395735524256,22,35,1794.2304979171604
bSCSO-S,KrVsKpEW,20,0.049130753269617765,0.9555677816901408,18,35,1807.0596010829322
bSCSO-S,KrVsKpEW,21,0.053846233651911525,0.9499388693270735,15,35,1789.0183522081934
bSCSO-S,KrVsKpEW,22,0.053488084758551435,0.9508778364632237,17,35,1815.7359987499658
bSCSO-S,KrVsKpEW,23,0.051276590794768526,0.9536888693270736,19,35,1804.9089274168946
bSCSO-S,Leukemia,0,0.018881025723086718,0.9857142857142858,1692,3571,595.8456751250196
bSCSO-S,Leukemia,1,0.018895027403288345,0.9857142857142858,1697,3571,594.0847628330812
bSCSO-S,KrVsKpEW,24,0.05279883677062363,0.9524398474178405,20,35,1767.2774122920819
bSCSO-S,KrVsKpEW,25,0.05337074949698199,0.9524393583724569,22,35,1764.525635708822
bSCSO-S,Leukemia,2,0.01893983277993354,0.9857142857142858,1713,3571,598.1098221249413
bSCSO-S,Leukemia,3,0.018022178661439348,0.9866666666666667,1722,3571,594.7830754169263
bSCSO-S,KrVsKpEW,26,0.054702408199195335,0.9499398474178402,18,35,1748.2085528748576
bSCSO-S,KrVsKpEW,27,0.050011072686116806,0.9552557707355241,20,35,1738.268971499987
bSCSO-S,KrVsKpEW,28,0.04879481262575438,0.9561957159624415,19,35,1714.8757106249686
bSCSO-S,KrVsKpEW,29,0.04729622736418504,0.9571322378716746,17,35,1710.9019394589122
bSCSO-S,Leukemia,4,0.018883826059127046,0.9857142857142858,1693,3571,553.1480839170981
bSCSO-S,Leukemia,5,0.017868160179221482,0.9866666666666667,1667,3571,552.0897525420878
bSCSO-S,Leukemia,6,0.017954970596471553,0.9866666666666667,1698,3571,549.4589873340447
bSCSO-S,Leukemia,7,0.018827819338320548,0.9857142857142858,1673,3571,542.8942884579301
bSCSO-S,Leukemia,8,0.018066984038084547,0.9866666666666667,1738,3571,534.0235309591517
bSCSO-S,Leukemia,9,0.017968972276673177,0.9866666666666667,1703,3571,529.8035629161168
bSCSO-S,Leukemia,10,0.017996975637076425,0.9866666666666667,1713,3571,517.6139862500131
bSCSO-S,Leukemia,11,0.01899023882865939,0.9857142857142858,1731,3571,517.9943986248691
bSCSO-S,Leukemia,12,0.01870740488858658,0.9857142857142858,1630,3571,515.7776126661338
bSCSO-S,Leukemia,13,0.01789056286754408,0.9866666666666667,1675,3571,517.8791842919309
bSCSO-S,Leukemia,14,0.01898463815657874,0.9857142857142858,1729,3571,517.2775848340243
bSCSO-S,Leukemia,15,0.018867024042885094,0.9857142857142858,1687,3571,516.3893983329181
bSCSO-S,Leukemia,16,0.017974572948753827,0.9866666666666667,1705,3571,515.9217509170994
bSCSO-S,Leukemia,17,0.018886626395167368,0.9857142857142858,1694,3571,516.3050564590376
bSCSO-S,Leukemia,18,0.018861423370804445,0.9857142857142858,1685,3571,520.6978889999446
bSCSO-S,Leukemia,19,0.018886626395167368,0.9857142857142858,1694,3571,518.848381082993
bSCSO-S,Leukemia,20,0.018822218666239898,0.9857142857142858,1671,3571,517.8907907500397
bSCSO-S,Leukemia,21,0.01890342841140932,0.9857142857142858,1700,3571,520.3471648751292
bSCSO-S,Leukemia,22,0.01887542505100607,0.9857142857142858,1690,3571,521.1722435001284
bSCSO-S,Leukemia,23,0.017985774292915126,0.9866666666666667,1709,3571,516.0431928329635
bSCSO-S,Leukemia,24,0.018769012281473728,0.9857142857142858,1652,3571,508.4642452087719
bSCSO-S,Lymphography,0,0.12111570881226066,0.8855172413793102,14,18,129.97846741578542
bSCSO-S,Leukemia,25,0.018917430091610943,0.9857142857142858,1705,3571,502.8784947078675
bSCSO-S,Lymphography,1,0.13859310344827586,0.8650574712643678,9,18,139.68883483298123
bSCSO-S,Lymphography,2,0.13849272030651344,0.8645977011494252,8,18,147.73157537495717
bSCSO-S,Lymphography,3,0.11428812260536389,0.8924137931034484,14,18,150.2781208329834
bSCSO-S,Lymphography,4,0.14630421455938702,0.8583908045977011,11,18,150.66012762486935
bSCSO-S,Lymphography,5,0.11909425287356314,0.8864367816091955,12,18,150.6279734999407
bSCSO-S,Leukemia,26,0.018822218666239898,0.9857142857142858,1671,3571,466.9574217090849
bSCSO-S,Leukemia,27,0.018872624714965744,0.9857142857142858,1689,3571,467.17392666684464
bSCSO-S,Leukemia,28,0.01891462975557062,0.9857142857142858,1704,3571,463.0508250000421
bSCSO-S,Lymphography,6,0.13323141762452104,0.8710344827586207,10,18,152.61820124997757
bSCSO-S,Lymphography,7,0.12562068965517229,0.87816091954023,9,18,158.18212341703475
bSCSO-S,Leukemia,29,0.018802616313957625,0.9857142857142858,1664,3571,466.86567895812914
bSCSO-S,Lymphography,8,0.137254406130268,0.8652873563218393,7,18,162.54670958290808
bSCSO-S,Lymphography,9,0.1348980842911877,0.8710344827586207,13,18,171.42139562498778
bSCSO-S,Lymphography,10,0.13924904214559392,0.8655172413793103,11,18,181.6203295418527
bSCSO-S,Lymphography,11,0.12101532567049796,0.885057471264368,13,18,181.26474387501366
bSCSO-S,Lymphography,13,0.1318659003831417,0.8724137931034484,10,18,181.4116145831067
bSCSO-S,Lymphography,12,0.132776245210728,0.8714942528735632,10,18,182.25510091590695
bSCSO-S,Lymphography,14,0.12526590038314164,0.8790804597701151,10,18,180.77171566686593
bSCSO-S,Lymphography,15,0.1381379310344828,0.8655172413793103,9,18,184.79821658390574
bSCSO-S,Lymphography,16,0.1421540229885057,0.8648275862068966,15,18,182.20719183399342
bSCSO-S,Lymphography,17,0.14584904214559385,0.8588505747126437,11,18,181.37075025006197
bSCSO-S,Lymphography,18,0.13274942528735637,0.8726436781609195,12,18,182.080898208078
bSCSO-S,Lymphography,19,0.13669885057471265,0.8652873563218391,6,18,183.52089895820245
bSCSO-S,Lymphography,20,0.12428199233716476,0.8783908045977011,7,18,180.42998820799403
bSCSO-S,Lymphography,21,0.11507126436781608,0.892183908045977,15,18,180.60613970900886
bSCSO-S,Lymphography,22,0.12637701149425273,0.8790804597701151,12,18,180.9590997910127
bSCSO-S,Lymphography,23,0.13927586206896553,0.864367816091954,9,18,184.42190937511623
bSCSO-S,Lymphography,24,0.13924904214559392,0.8655172413793103,11,18,181.94479795801453
bSCSO-S,Lymphography,25,0.13310421455938704,0.8717241379310344,11,18,180.5678911251016
bSCSO-S,Lymphography,26,0.1383655172413791,0.8652873563218393,9,18,184.29722912493162
bSCSO-S,Lymphography,27,0.14506590038314177,0.8590804597701149,10,18,185.8617474171333
bSCSO-S,Lymphography,29,0.1286260536398468,0.8779310344827586,14,18,181.72411091718823
bSCSO-S,Lymphography,28,0.1268321839080459,0.8786206896551725,12,18,184.61807324993424
bSCSO-S,M-of-n,0,0.004615384615384616,1.0,6,13,503.6054962920025
bSCSO-S,M-of-n,2,0.004615384615384616,1.0,6,13,507.28561304090545
bSCSO-S,M-of-n,1,0.004615384615384616,1.0,6,13,514.4360073339194
bSCSO-S,M-of-n,3,0.004615384615384616,1.0,6,13,506.9108569161035
bSCSO-S,M-of-n,4,0.004615384615384616,1.0,6,13,507.89948774990626
bSCSO-S,M-of-n,5,0.004615384615384616,1.0,6,13,507.00072012492456
bSCSO-S,M-of-n,6,0.004615384615384616,1.0,6,13,504.4337543330621
bSCSO-S,M-of-n,7,0.004615384615384616,1.0,6,13,504.7340865000151
bSCSO-S,M-of-n,8,0.004615384615384616,1.0,6,13,502.878245457774
bSCSO-S,M-of-n,9,0.004615384615384616,1.0,6,13,508.10827354202047
bSCSO-S,M-of-n,10,0.004615384615384616,1.0,6,13,508.9958039170597
bSCSO-S,M-of-n,11,0.010334615384615498,0.9949999999999999,7,13,505.69379379204474
bSCSO-S,M-of-n,12,0.01330461538461539,0.992,7,13,511.005915875081
bSCSO-S,M-of-n,13,0.014294615384615392,0.991,7,13,509.5519880419597
bSCSO-S,M-of-n,14,0.004615384615384616,1.0,6,13,502.9435851671733
bSCSO-S,M-of-n,15,0.004615384615384616,1.0,6,13,507.8261024169624
bSCSO-S,M-of-n,16,0.015284615384615393,0.99,7,13,516.8448772078846
bSCSO-S,M-of-n,17,0.004615384615384616,1.0,6,13,517.1146894579288
bSCSO-S,M-of-n,18,0.004615384615384616,1.0,6,13,518.7792971669696
bSCSO-S,M-of-n,19,0.004615384615384616,1.0,6,13,511.96246291697025
bSCSO-S,M-of-n,20,0.004615384615384616,1.0,6,13,512.8387714158744
bSCSO-S,M-of-n,22,0.004615384615384616,1.0,6,13,511.18789270799607
bSCSO-S,M-of-n,21,0.004615384615384616,1.0,6,13,516.5807200409472
bSCSO-S,M-of-n,23,0.004615384615384616,1.0,6,13,510.44576783291996
bSCSO-S,Parkinsons,0,0.049328671328671386,0.9538461538461538,8,22,212.56498024985194
bSCSO-S,Parkinsons,1,0.04425174825174833,0.9589743589743589,8,22,209.24671212490648
bSCSO-S,M-of-n,24,0.01330461538461539,0.992,7,13,512.544863749994
bSCSO-S,M-of-n,25,0.004615384615384616,1.0,6,13,514.2244300830644
bSCSO-S,M-of-n,26,0.004615384615384616,1.0,6,13,516.8397495839745
bSCSO-S,Parkinsons,2,0.06455944055944056,0.9384615384615385,8,22,225.50916087487713
bSCSO-S,M-of-n,27,0.004615384615384616,1.0,6,13,514.8218635830563
bSCSO-S,Parkinsons,3,0.04053846153846141,0.9641025641025642,11,22,239.8046628748998
bSCSO-S,M-of-n,28,0.004615384615384616,1.0,6,13,521.4181331659202
bSCSO-S,M-of-n,29,0.004615384615384616,1.0,6,13,515.567939665867
bSCSO-S,Parkinsons,4,0.04425174825174833,0.9589743589743589,8,22,220.78830533311702
bSCSO-S,Parkinsons,6,0.05576923076923081,0.9487179487179487,11,22,215.73223774996586
bSCSO-S,Parkinsons,5,0.03591608391608381,0.9692307692307693,12,22,223.68864449998364
bSCSO-S,Parkinsons,7,0.05440559440559445,0.9487179487179487,8,22,209.11207095789723
bSCSO-S,Parkinsons,8,0.029020979020979148,0.9743589743589742,8,22,214.37345112487674
bSCSO-S,Parkinsons,9,0.02159440559440554,0.9846153846153847,14,22,213.65446212515235
bSCSO-S,Parkinsons,11,0.04053846153846141,0.9641025641025642,11,22,210.81287724990398
bSCSO-S,Parkinsons,10,0.055314685314685356,0.9487179487179487,10,22,221.81463754200377
bSCSO-S,Parkinsons,12,0.04144755244755254,0.964102564102564,13,22,214.8885090840049
bSCSO-S,Parkinsons,13,0.0511468531468532,0.9538461538461538,12,22,218.79727616696618
bSCSO-S,Parkinsons,14,0.03872027972027981,0.964102564102564,7,22,216.65982191707008
bSCSO-S,Parkinsons,15,0.038265734265734354,0.964102564102564,6,22,209.85064083407633
bSCSO-S,Parkinsons,16,0.04470629370629356,0.9589743589743591,9,22,216.1637943328824
bSCSO-S,Parkinsons,17,0.026216783216783144,0.9794871794871796,13,22,214.82502062502317
bSCSO-S,Parkinsons,18,0.04008391608391618,0.964102564102564,10,22,213.12605120800436
bSCSO-S,Parkinsons,19,0.04053846153846163,0.964102564102564,11,22,210.8502372498624
bSCSO-S,Parkinsons,20,0.06455944055944056,0.9384615384615385,8,22,214.4685833749827
bSCSO-S,Parkinsons,21,0.04470629370629378,0.9589743589743589,9,22,211.05016941693611
bSCSO-S,Parkinsons,22,0.04008391608391618,0.964102564102564,10,22,211.89856850006618
bSCSO-S,Parkinsons,23,0.04425174825174833,0.9589743589743589,8,22,212.3539222087711
bSCSO-S,Parkinsons,24,0.04425174825174833,0.9589743589743589,8,22,213.40971979196183
bSCSO-S,Parkinsons,25,0.039174825174825054,0.9641025641025642,8,22,202.69360604207031
bSCSO-S,Parkinsons,27,0.03546153846153857,0.9692307692307691,11,22,224.86797429108992
bSCSO-S,Parkinsons,26,0.034097902097902213,0.9692307692307691,8,22,232.9436210829299
bSCSO-S,Parkinsons,28,0.04470629370629378,0.9589743589743589,9,22,168.03082041605376
bSCSO-S,Parkinsons,29,0.04887412587412593,0.9538461538461538,7,22,158.7766523330938
bSCSO-S,Sonar,0,0.1236620209059234,0.8801393728222996,30,60,361.89027520804666
bSCSO-S,Sonar,1,0.10807084785133574,0.8945412311265969,22,60,354.32079429202713
bSCSO-S,Sonar,2,0.11413008130081304,0.8894308943089431,28,60,353.2351274159737
bSCSO-S,Sonar,3,0.1040865272938444,0.8990708478513356,25,60,352.7144913750235
bSCSO-S,Sonar,4,0.12305865272938442,0.8799070847851336,25,60,344.9448622500058
bSCSO-S,Sonar,5,0.12277700348432063,0.8800232288037165,24,60,344.65662300004624
bSCSO-S,Sonar,6,0.10122880371660876,0.903135888501742,32,60,343.5285914579872
bSCSO-S,Sonar,7,0.13243554006968639,0.870267131242741,24,60,341.69613187504
bSCSO-S,Sonar,8,0.1039314750290361,0.8987224157955864,22,60,344.4738248749636
bSCSO-S,Sonar,9,0.11874099883855986,0.8844367015098722,26,60,344.64830241701566
bSCSO-S,Sonar,10,0.12804297328687578,0.8753774680603948,28,60,341.0188241659198
bSCSO-S,Sonar,11,0.1147967479674797,0.8894308943089431,32,60,340.0760679580271
bSCSO-S,Sonar,12,0.11447502903600473,0.8890824622531939,28,60,351.49507529102266
bSCSO-S,Sonar,13,0.11413008130081304,0.8894308943089431,28,60,353.51927845785394
bSCSO-S,Sonar,14,0.10430487804878051,0.8991869918699187,27,60,353.4912409998942
bSCSO-S,Sonar,15,0.1147967479674797,0.8894308943089431,32,60,353.82261495804414
bSCSO-S,Sonar,16,0.11872938443670149,0.8847851335656214,28,60,355.842379250098
bSCSO-S,Sonar,17,0.11872938443670149,0.8847851335656214,28,60,357.37089262506925
bSCSO-S,Sonar,18,0.09970557491289204,0.9038327526132404,27,60,358.8162837079726
bSCSO-S,Sonar,19,0.11878106852497092,0.8849012775842044,29,60,358.3125290418975
bSCSO-S,Sonar,20,0.12351858304297336,0.8794425087108013,25,60,344.75863583316095
bSCSO-S,Sonar,21,0.12355865272938442,0.8799070847851336,28,60,342.67661574995145
bSCSO-S,Sonar,22,0.11463008130081304,0.8894308943089431,31,60,345.05658566602506
bSCSO-S,Sonar,23,0.13478048780487809,0.8699186991869918,36,60,344.43723699986003
bSCSO-S,SpectEW,0,0.1457861635220126,0.8577917540181691,11,22,162.126094333129
bSCSO-S,SpectEW,1,0.13785991995425947,0.86533892382949,10,22,165.36861033318564
bSCSO-S,Sonar,24,0.1135150987224158,0.8895470383275261,25,60,342.77643254213035
bSCSO-S,Sonar,25,0.11939605110336815,0.8847851335656214,32,60,345.24248658283614
bSCSO-S,Sonar,26,0.10913414634146344,0.8943089430894309,27,60,345.1122483329382
bSCSO-S,Sonar,27,0.11925261324041823,0.884088269454123,27,60,344.74416150012985
bSCSO-S,SpectEW,2,0.14651743853630647,0.8575122292103424,12,22,184.87642487487756
bSCSO-S,Sonar,28,0.11917770034843207,0.8846689895470383,30,60,366.3256928329356
bSCSO-S,Sonar,29,0.127054587688734,0.8750290360046458,20,60,370.1668306249194
bSCSO-S,SpectEW,3,0.12706746712407088,0.876240391334731,10,22,215.32357654115185
bSCSO-S,SpectEW,4,0.13597198399085195,0.8686233403214535,13,22,211.46327395783737
bSCSO-S,SpectEW,5,0.14770383076043464,0.8540181691125086,7,22,221.9923069581855
bSCSO-S,SpectEW,6,0.13440080045740424,0.8688329839273236,10,22,223.54258491587825
bSCSO-S,SpectEW,7,0.14211949685534586,0.8614954577218729,11,22,225.6317425421439
bSCSO-S,SpectEW,8,0.1455391652372785,0.857582110412299,10,22,234.20274237496778
bSCSO-S,SpectEW,9,0.14644825614636942,0.857582110412299,12,22,234.17469766596332
bSCSO-S,SpectEW,10,0.14285077186963985,0.8612159329140461,12,22,238.3899203329347
bSCSO-S,SpectEW,11,0.13782046883933674,0.8649196366177498,9,22,231.85516579193063
bSCSO-S,SpectEW,12,0.1455391652372785,0.857582110412299,10,22,237.88753166701645
bSCSO-S,SpectEW,13,0.1345786163522014,0.8691125087351501,11,22,243.2473286248278
bSCSO-S,SpectEW,14,0.14162550028587778,0.8610761705101326,9,22,236.67360220802948
bSCSO-S,SpectEW,15,0.135240708976558,0.8689028651292803,12,22,243.26579324994236
bSCSO-S,SpectEW,16,0.14480789022298454,0.8578616352201258,9,22,238.2110501669813
bSCSO-S,SpectEW,17,0.14581589479702678,0.8573025856044725,10,22,240.97937449999154
bSCSO-S,SpectEW,18,0.1407558604917095,0.8614954577218729,8,22,236.4202254160773
bSCSO-S,SpectEW,19,0.14526243567753,0.8578616352201258,10,22,240.40998250013217
bSCSO-S,SpectEW,20,0.1413882218410519,0.8617749825296996,10,22,239.08787404210307
bSCSO-S,SpectEW,21,0.14651743853630647,0.8575122292103424,12,22,237.9056422088761
bSCSO-S,SpectEW,22,0.14875128644939967,0.8538784067085954,9,22,234.93299974990077
bSCSO-S,SpectEW,23,0.12996340766152079,0.872396925227114,8,22,234.0792337078601
bSCSO-S,SpectEW,24,0.1379982847341338,0.8651991614255765,10,22,237.19070391682908
bSCSO-S,SpectEW,25,0.14574671240708964,0.8573724668064292,10,22,237.9653389591258
bSCSO-S,SpectEW,26,0.13768210405946266,0.8650593990216631,9,22,239.604862249922
bSCSO-S,SpectEW,27,0.143166952544311,0.8613556953179595,13,22,235.53171349992044
bSCSO-S,SpectEW,28,0.1486821040594626,0.853948287910552,9,22,239.5915366669651
bSCSO-S,SpectEW,29,0.1371978273299028,0.8655485674353599,9,22,235.68295316700824
bSCSO-S,TicTacToe,0,0.15672905759162287,0.8517888307155325,9,9,469.6992857500445
bSCSO-S,TicTacToe,1,0.16090265052356026,0.8475730802792321,9,9,469.7287925828714
bSCSO-S,TicTacToe,2,0.15777110602094235,0.8507362565445027,9,9,465.7403467090335
bSCSO-S,TicTacToe,3,0.15987679973821992,0.8486092931937173,9,9,472.3318674170878
bSCSO-S,TicTacToe,4,0.15880775523560212,0.8496891361256544,9,9,466.1802585001569
bSCSO-S,TicTacToe,5,0.16502225130890044,0.843411867364747,9,9,479.6469339998439
bSCSO-S,TicTacToe,6,0.16502225130890044,0.843411867364747,9,9,462.58300916594453
bSCSO-S,TicTacToe,7,0.15880775523560212,0.8496891361256544,9,9,476.39375937497243
bSCSO-S,TicTacToe,8,0.15987679973821992,0.8486092931937173,9,9,475.5339198750444
bSCSO-S,TicTacToe,9,0.15880775523560212,0.8496891361256544,9,9,472.99377920804545
bSCSO-S,TicTacToe,10,0.1660535013089006,0.8423702006980802,9,9,476.9490672920365
bSCSO-S,TicTacToe,11,0.16089185209424073,0.8475839877835952,9,9,472.1956107087899
bSCSO-S,TicTacToe,12,0.15571400523560205,0.8528141361256545,9,9,474.36913466686383
bSCSO-S,TicTacToe,13,0.16911485602094248,0.8392779232111692,9,9,470.52134945918806
bSCSO-S,TicTacToe,14,0.16398020287958118,0.8444644415357766,9,9,474.1002277499065
bSCSO-S,TicTacToe,15,0.1536191099476439,0.8549301919720769,9,9,481.04324649996124
bSCSO-S,TicTacToe,17,0.16500605366492152,0.8434282286212914,9,9,478.8849293750245
bSCSO-S,TicTacToe,16,0.16501685209424083,0.8434173211169285,9,9,487.9439578750171
bSCSO-S,TicTacToe,18,0.16604270287958117,0.8423811082024433,9,9,475.1863190829754
bSCSO-S,TicTacToe,20,0.16393700916230358,0.8445080715532287,9,9,472.7569556669332
bSCSO-S,TicTacToe,19,0.1618745091623036,0.846591404886562,9,9,480.7752932088915
bSCSO-S,TicTacToe,21,0.1577495091623036,0.8507580715532287,9,9,476.6874249591492
bSCSO-S,TicTacToe,22,0.16916884816753916,0.8392233856893544,9,9,477.72316524991766
bSCSO-S,TicTacToe,23,0.16915804973821985,0.8392342931937173,9,9,477.7118117501959
bSCSO-S,Vote,0,0.031014107308048055,0.9699352451433858,2,16,219.4036842500791
bSCSO-S,Vote,1,0.027701086956521702,0.9739130434782609,3,16,219.8632650000509
bSCSO-S,TicTacToe,24,0.1567398560209424,0.8517779232111693,9,9,482.4183160420507
bSCSO-S,TicTacToe,25,0.1526148560209423,0.8559445898778361,9,9,486.0923593749758
bSCSO-S,TicTacToe,26,0.16602650523560225,0.8423974694589876,9,9,496.35647862497717
bSCSO-S,TicTacToe,27,0.1588023560209425,0.8496945898778359,9,9,497.36335591599345
bSCSO-S,TicTacToe,28,0.1526094568062827,0.8559500436300175,9,9,502.7747977920808
bSCSO-S,Vote,2,0.027517923219241354,0.9740980573543017,3,16,246.1390048749745
bSCSO-S,TicTacToe,29,0.16500065445026169,0.843433682373473,9,9,521.5693732080981
bSCSO-S,Vote,3,0.027517923219241354,0.9740980573543017,3,16,256.41576162492856
bSCSO-S,Vote,4,0.027334759481961124,0.9742830712303423,3,16,257.8398664169945
bSCSO-S,Vote,5,0.027609505087881583,0.9740055504162812,3,16,261.1074607500341
bSCSO-S,Vote,6,0.028142923219241354,0.9740980573543017,4,16,252.8154441670049
bSCSO-S,Vote,7,0.028051341350601458,0.9741905642923218,4,16,252.17391987517476
bSCSO-S,Vote,8,0.03092252543940783,0.9700277520814062,2,16,250.93997158296406
bSCSO-S,Vote,9,0.030389107308048054,0.9699352451433858,1,16,242.69966191705316
bSCSO-S,Vote,10,0.027334759481961124,0.9742830712303423,3,16,238.21658391715027
bSCSO-S,Vote,11,0.03110568917668817,0.9698427382053655,2,16,234.89669183408841
bSCSO-S,Vote,12,0.031014107308048055,0.9699352451433858,2,16,230.05943441716954
bSCSO-S,Vote,13,0.03092252543940783,0.9700277520814062,2,16,229.04577595787123
bSCSO-S,Vote,14,0.028767923219241355,0.9740980573543017,5,16,217.0269415830262
bSCSO-S,Vote,15,0.027609505087881694,0.9740055504162811,3,16,215.1428221249953
bSCSO-S,Vote,16,0.027701086956521702,0.9739130434782609,3,16,216.03998279199004
bSCSO-S,Vote,17,0.028676341350601237,0.974190564292322,5,16,217.42027799994685
bSCSO-S,Vote,18,0.028767923219241355,0.9740980573543017,5,16,218.5522231659852
bSCSO-S,Vote,19,0.027517923219241354,0.9740980573543017,3,16,230.86340399994515
bSCSO-S,Vote,20,0.027334759481961124,0.9742830712303423,3,16,237.3362891669385
bSCSO-S,Vote,21,0.031014107308048055,0.9699352451433858,2,16,242.41541562508792
bSCSO-S,Vote,22,0.03110568917668828,0.9698427382053654,2,16,258.8791608340107
bSCSO-S,Vote,23,0.027426341350601235,0.974190564292322,3,16,262.3769534579478
bSCSO-S,Vote,24,0.027517923219241354,0.9740980573543017,3,16,264.2357511247974
bSCSO-S,Vote,25,0.02885950508788158,0.9740055504162812,5,16,268.46019441704266
bSCSO-S,Vote,26,0.027517923219241354,0.9740980573543017,3,16,267.49586287513375
bSCSO-S,Vote,27,0.027426341350601458,0.9741905642923218,3,16,252.85448125004768
bSCSO-S,Vote,28,0.027609505087881694,0.9740055504162811,3,16,242.60558175016195
bSCSO-S,Vote,29,0.027334759481961124,0.9742830712303423,3,16,238.44903237489052
bSCSO-S,WDBC,0,0.027625058220773102,0.9771464058376029,15,30,452.0822206251323
bSCSO-S,WDBC,2,0.025570253066294152,0.9788852662630025,14,30,441.15500370808877
bSCSO-S,WDBC,1,0.02552414221394195,0.9789318428815401,14,30,493.7893937090412
bSCSO-S,WDBC,3,0.027578947368421015,0.9771929824561404,15,30,475.44275504210964
bSCSO-S,WDBC,4,0.029361900326036267,0.9753920198726906,15,30,463.9207260841504
bSCSO-S,WDBC,5,0.025872845831392502,0.9789163173420278,15,30,463.6362599579152
bSCSO-S,WDBC,6,0.028260984319205006,0.9771774569166279,17,30,450.6088027919177
bSCSO-S,WDBC,7,0.024500077627697545,0.9806396522279149,16,30,448.64538295799866
bSCSO-S,WDBC,8,0.027260984319205005,0.9771774569166279,14,30,443.74133899994195
bSCSO-S,WDBC,9,0.026276354603322442,0.9771619313771154,11,30,441.78034729207866
bSCSO-S,WDBC,10,0.024539512498059166,0.9789163173420278,11,30,439.67760950000957
bSCSO-S,WDBC,12,0.02553951249805939,0.9789163173420276,14,30,429.27724016597494
bSCSO-S,WDBC,11,0.024484707343580218,0.9806551777674274,16,30,447.715855916962
bSCSO-S,WDBC,13,0.02446933705946267,0.9806707033069401,16,30,438.3268777090125
bSCSO-S,WDBC,14,0.02584210526315774,0.9789473684210528,15,30,434.8570310829673
bSCSO-S,WDBC,15,0.02622154944884338,0.9789007918025151,16,30,484.447415624978
bSCSO-S,WDBC,16,0.02659431765253834,0.9771774569166279,12,30,360.9169600829482
bSCSO-S,WDBC,17,0.027609687936655778,0.9771619313771154,15,30,411.3229000419378
bSCSO-S,WDBC,18,0.024453966775345455,0.9806862288464524,16,30,442.96277341688983
bSCSO-S,WDBC,19,0.025175438596491295,0.9789473684210526,13,30,434.3432621250395
bSCSO-S,WDBC,21,0.028260984319205006,0.9771774569166279,17,30,417.5110116249416
bSCSO-S,WDBC,22,0.023469337059463004,0.9806707033069397,13,30,423.5501915838104
bSCSO-S,WDBC,20,0.025888216115510048,0.9789007918025151,15,30,475.83803479210474
bSCSO-S,WDBC,23,0.025206179164725836,0.9789163173420278,13,30,422.1290225421544
bSCSO-S,WDBC,24,0.02622154944884338,0.9789007918025151,16,30,484.23108870815486
bSCSO-S,WDBC,25,0.023802670392796335,0.9806707033069397,14,30,494.0676005841233
bSCSO-S,WDBC,26,0.02478730010867879,0.9806862288464524,17,30,533.4010409589391
bSCSO-S,WDBC,27,0.02381804067691355,0.9806551777674274,14,30,518.7228977498598
bSCSO-S,WDBC,28,0.02238379133674896,0.9824406148113647,15,30,530.0511963749304
bSCSO-S,WDBC,29,0.026291724887439766,0.9771464058376029,11,30,524.7450302499346
bSCSO-S,WaveformEW,0,0.19033800000000003,0.8138,24,40,3055.096799625084
bSCSO-S,WaveformEW,1,0.1917659999999999,0.8116000000000001,21,40,3082.5137425828725
bSCSO-S,WaveformEW,2,0.1988839999999999,0.8034000000000001,17,40,3160.5640435419045
bSCSO-S,WaveformEW,3,0.19266199999999997,0.8112,23,40,3119.778369040927
bSCSO-S,WaveformEW,4,0.196174,0.8074,22,40,3178.4795543330256
bSCSO-S,WaveformEW,7,0.1987479999999998,0.8048000000000002,22,40,3220.360933084041
bSCSO-S,WaveformEW,6,0.19344400000000012,0.8093999999999999,19,40,3224.5905552920885
bSCSO-S,WaveformEW,5,0.18983800000000003,0.8138,22,40,3266.3675225418992
bSCSO-S,WaveformEW,8,0.195184,0.8084,22,40,3365.7307714580093
bSCSO-S,WaveformEW,9,0.19420399999999988,0.8104000000000001,26,40,3310.4788261658978
bSCSO-S,WaveformEW,10,0.18904600000000013,0.8145999999999999,22,40,3137.5160415410064
bSCSO-S,WaveformEW,11,0.18636800000000003,0.8168,20,40,3268.2730946249794
bSCSO-S,WaveformEW,12,0.198404,0.8054,23,40,3269.035687458003
bSCSO-S,WaveformEW,15,0.19156799999999993,0.8118000000000001,21,40,3253.4412650840823
bSCSO-S,WaveformEW,13,0.1877959999999999,0.8146000000000001,17,40,3271.0736195000354
bSCSO-S,WaveformEW,14,0.192006,0.8106,18,40,3311.519449458923
bSCSO-S,WaveformEW,17,0.19192199999999998,0.8122,24,40,3086.2556288328487
bSCSO-S,WaveformEW,16,0.18884800000000004,0.8148,22,40,3130.363099958049
bSCSO-S,WaveformEW,18,0.18711800000000003,0.8168,23,40,3050.1988095419947
bSCSO-S,WaveformEW,19,0.19885200000000008,0.8051999999999999,24,40,3069.18474745797
bSCSO-S,WaveformEW,21,0.19704999999999995,0.805,16,40,3058.740063625155
bSCSO-S,WaveformEW,20,0.1900459999999999,0.8146000000000001,26,40,3195.332391832955
bSCSO-S,WaveformEW,22,0.19121399999999988,0.8114000000000001,18,40,3194.7732755828183
bSCSO-S,Zoo,0,0.025424999999999906,0.9800000000000001,9,16,161.82030724990182
bSCSO-S,Zoo,1,0.01615000000000001,0.99,10,16,165.74509341688827
bSCSO-S,WaveformEW,23,0.19379800000000014,0.8097999999999999,22,40,3509.024600582896
bSCSO-S,Zoo,2,0.025578571428571513,0.9804761904761904,10,16,167.25748895900324
bSCSO-S,Zoo,3,0.022453571428571403,0.9804761904761905,5,16,164.4267608751543
bSCSO-S,Zoo,4,0.026203571428571514,0.9804761904761904,11,16,161.54680429096334
bSCSO-S,Zoo,5,0.02417499999999991,0.9800000000000001,7,16,162.47576675005257
bSCSO-S,Zoo,6,0.03407499999999992,0.9700000000000001,7,16,180.03133291588165
bSCSO-S,Zoo,7,0.01615000000000001,0.99,10,16,179.36446504108608
bSCSO-S,Zoo,8,0.023549999999999908,0.9800000000000001,6,16,173.8725140830502
bSCSO-S,Zoo,9,0.03407500000000002,0.97,7,16,181.20667141699232
bSCSO-S,Zoo,10,0.026049999999999907,0.9800000000000001,10,16,455.0637077500578
bSCSO-S,Zoo,11,0.0323535714285713,0.9704761904761906,5,16,544.5631832501385
bSCSO-S,Zoo,12,0.02479999999999991,0.9800000000000001,8,16,660.5047978330404
bSCSO-S,Zoo,13,0.026049999999999907,0.9800000000000001,10,16,667.7091203751042
bSCSO-S,Zoo,14,0.02417499999999991,0.9800000000000001,7,16,651.4755697089713
bSCSO-S,Zoo,15,0.023703571428571404,0.9804761904761905,7,16,593.8408211658243
bSCSO-S,Zoo,16,0.026049999999999907,0.9800000000000001,10,16,354.3477167498786
bSCSO-S,Zoo,17,0.026049999999999907,0.9800000000000001,10,16,354.87768124998547
bSCSO-S,Zoo,18,0.026049999999999907,0.9800000000000001,10,16,357.1835200411733
bSCSO-S,Zoo,19,0.03345000000000002,0.97,6,16,355.24185291700996
bSCSO-S,Zoo,20,0.01677500000000001,0.99,11,16,236.49393016612157
bSCSO-S,Zoo,21,0.0323535714285713,0.9704761904761906,5,16,194.0640736669302
bSCSO-S,Zoo,22,0.02417499999999991,0.9800000000000001,7,16,146.16954374988563
bSCSO-S,Zoo,23,0.025424999999999906,0.9800000000000001,9,16,147.82985695800744
bSCSO-S,Zoo,24,0.026674999999999907,0.9800000000000001,11,16,143.20246529090218
bSCSO-S,Zoo,25,0.01677500000000001,0.99,11,16,143.06728370813653
bSCSO-S,Zoo,26,0.02479999999999991,0.9800000000000001,8,16,144.25170874991454
bSCSO-S,Zoo,27,0.024328571428571404,0.9804761904761905,8,16,146.0407904998865
bSCSO-S,Zoo,28,0.02479999999999991,0.9800000000000001,8,16,152.13827445893548
bSCSO-S,Zoo,29,0.01615000000000001,0.99,10,16,153.3676942079328
bSCSO-OBL,BreastEW,0,0.028764658174705374,0.9765564620008588,5,9,300.5906087909825
bSCSO-OBL,BreastEW,1,0.02799831830542443,0.9750858737655645,3,9,301.01084045809694
bSCSO-S,WaveformEW,24,0.19324600000000003,0.8096,19,40,5494.054451583885
bSCSO-S,WaveformEW,25,0.18913000000000005,0.813,16,40,5490.394078625133
bSCSO-S,WaveformEW,27,0.1971120000000001,0.8061999999999999,21,40,5287.601994042052
bSCSO-OBL,BreastEW,2,0.031331651638757764,0.9750858737655645,6,9,300.29893170902506
bSCSO-OBL,BreastEW,3,0.030565311769476605,0.9736152855302705,4,9,302.63134924997576
bSCSO-S,WaveformEW,26,0.19092199999999998,0.8122,20,40,5575.300338041969
bSCSO-OBL,BreastEW,4,0.030178033013692027,0.975128810648347,5,9,338.7068353330251
bSCSO-OBL,BreastEW,5,0.031310397881780395,0.9751073422069558,6,9,340.5402424160857
bSCSO-OBL,BreastEW,6,0.029454200658365494,0.9736152855302705,3,9,348.8305974579416
bSCSO-OBL,BreastEW,7,0.029432946901388344,0.9736367539716616,3,9,349.6198083339259
bSCSO-S,WaveformEW,28,0.19534000000000007,0.8089999999999999,25,40,5431.975005084183
bSCSO-OBL,BreastEW,8,0.030533431134010882,0.9736474881923571,4,9,355.60512237483636
bSCSO-OBL,BreastEW,9,0.030199286770669284,0.9751073422069558,5,9,360.5729459589347
bSCSO-S,WaveformEW,29,0.19191199999999997,0.8112,20,40,5461.803319209022
bSCSO-OBL,BreastEW,10,0.03087820237584083,0.9721768999570631,3,9,367.5660432910081
bSCSO-OBL,BreastEW,11,0.031602034731167364,0.9736904250751396,5,9,369.8139558339026
bSCSO-OBL,BreastEW,12,0.028008945183912896,0.9750751395448691,3,9,373.9633391669486
bSCSO-OBL,BreastEW,13,0.029390439387433825,0.973679690854444,3,9,374.9327399590984
bSCSO-OBL,BreastEW,14,0.030512177377033513,0.9736689566337484,4,9,374.088825291954
bSCSO-OBL,BreastEW,15,0.030888829254329404,0.9721661657363676,3,9,377.3859651249368
bSCSO-OBL,BreastEW,16,0.03164454224512199,0.9736474881923571,5,9,369.37827154109254
bSCSO-OBL,BreastEW,17,0.029886396164305058,0.9765457277801632,6,9,373.59988591610454
bSCSO-OBL,BreastEW,18,0.03053343113401066,0.9736474881923574,4,9,373.2805802079383
bSCSO-OBL,BreastEW,19,0.030220540527646653,0.9750858737655645,5,9,375.1179863750003
bSCSO-OBL,BreastEW,20,0.03166579600209903,0.9736260197509662,5,9,373.6559303330723
bSCSO-OBL,BreastEW,21,0.03018865989218071,0.9751180764276514,5,9,374.3909185419325
bSCSO-OBL,BreastEW,22,0.030856948618863574,0.9721983683984543,3,9,377.7637679998297
bSCSO-OBL,BreastEW,23,0.02954162492247511,0.9780163160154572,7,9,376.5127867080737
bSCSO-OBL,BreastEW,24,0.032421508992891396,0.9751073422069559,7,9,370.0054607500788
bSCSO-OBL,BreastEW,25,0.03015677925671477,0.9751502790897382,5,9,370.1578897079453
bSCSO-OBL,BreastEW,26,0.03164454224512199,0.9736474881923571,5,9,341.73279633396305
bSCSO-OBL,BreastEW,27,0.0327981608701874,0.973604551309575,6,9,331.31467737513594
bSCSO-OBL,BreastEW,28,0.03227032345785023,0.9707707170459425,3,9,315.16357704089023
bSCSO-OBL,BreastEW,29,0.0320105672439292,0.972155431515672,4,9,311.8910789999645
bSCSO-OBL,ColonCancer,0,0.14966730769230774,0.8538461538461538,995,2000,438.6683419998735
bSCSO-OBL,ColonCancer,1,0.196693846153846,0.8064102564102565,1008,2000,435.8835602081381
bSCSO-OBL,ColonCancer,2,0.11908076923076916,0.8846153846153847,970,2000,438.8670810421463
bSCSO-OBL,ColonCancer,3,0.17877961538461543,0.8243589743589743,979,2000,439.41927254083566
bSCSO-OBL,ColonCancer,4,0.13309230769230776,0.8705128205128204,980,2000,458.4245185412001
bSCSO-OBL,ColonCancer,5,0.21056538461538454,0.7923076923076924,990,2000,459.39472125004977
bSCSO-OBL,ColonCancer,6,0.14948730769230772,0.8538461538461538,959,2000,462.65650208410807
bSCSO-OBL,ColonCancer,7,0.13050384615384625,0.873076923076923,970,2000,461.83371104090475
bSCSO-OBL,ColonCancer,8,0.14563961538461545,0.8576923076923076,951,2000,450.66850191704
bSCSO-OBL,ColonCancer,9,0.1789496153846153,0.8243589743589744,1013,2000,450.63979941699654
bSCSO-OBL,ColonCancer,10,0.14960230769230773,0.8538461538461538,982,2000,448.41726849996485
bSCSO-OBL,ColonCancer,11,0.14694384615384617,0.8564102564102564,958,2000,447.63338870787993
bSCSO-OBL,ColonCancer,12,0.16636230769230767,0.8371794871794872,1034,2000,449.50382916699164
bSCSO-OBL,ColonCancer,13,0.16482807692307688,0.8384615384615385,981,2000,448.8661835838575
bSCSO-OBL,ColonCancer,14,0.12935461538461548,0.8743589743589743,994,2000,449.37585362489335
bSCSO-OBL,ColonCancer,15,0.1472888461538462,0.8564102564102564,1027,2000,447.45560500002466
bSCSO-OBL,ColonCancer,16,0.1649780769230769,0.8384615384615385,1011,2000,450.65862687514164
bSCSO-OBL,ColonCancer,17,0.16220961538461537,0.841025641025641,965,2000,450.35832816688344
bSCSO-OBL,ColonCancer,18,0.18003384615384618,0.823076923076923,976,2000,450.164660874987
bSCSO-OBL,ColonCancer,19,0.196543846153846,0.8064102564102565,978,2000,449.506888957927
bSCSO-OBL,ColonCancer,20,0.14965730769230773,0.8538461538461538,993,2000,455.11633295798674
bSCSO-OBL,ColonCancer,21,0.13304230769230777,0.8705128205128204,970,2000,454.34232325013727
bSCSO-OBL,ColonCancer,22,0.1319330769230768,0.8717948717948719,1002,2000,456.2098484998569
bSCSO-OBL,ColonCancer,23,0.21324884615384607,0.7897435897435898,1019,2000,454.370963833062
bSCSO-OBL,ColonCancer,24,0.14739384615384596,0.8564102564102566,1048,2000,449.0799838749226
bSCSO-OBL,ColonCancer,25,0.1469938461538462,0.8564102564102564,968,2000,447.64177512493916
bSCSO-OBL,ColonCancer,26,0.14709384615384619,0.8564102564102564,988,2000,442.8905050000176
bSCSO-OBL,ColonCancer,27,0.14965730769230773,0.8538461538461538,993,2000,441.02399337501265
bSCSO-OBL,Diabetes,0,0.24989705882352933,0.7538918597742128,5,8,333.8511296249926
bSCSO-OBL,Diabetes,1,0.24352731092436963,0.7603259485612428,5,8,333.17681187507696
bSCSO-OBL,ColonCancer,28,0.21433807692307694,0.7884615384615384,983,2000,437.14363870886154
bSCSO-OBL,ColonCancer,29,0.14822807692307696,0.8551282051282051,961,2000,435.9113569590263
bSCSO-OBL,Diabetes,2,0.2369411764705883,0.7657159833630421,4,8,399.83451554202475
bSCSO-OBL,Diabetes,3,0.238296218487395,0.7630846277905101,3,8,408.3618787920568
bSCSO-OBL,Diabetes,4,0.2396323529411764,0.7617349970291147,3,8,421.13444845820777
bSCSO-OBL,Diabetes,5,0.2357836134453782,0.7656226126814362,3,8,423.3284770830069
bSCSO-OBL,Diabetes,6,0.25131302521008403,0.7499363381716323,3,8,448.13480545789935
bSCSO-OBL,Diabetes,7,0.23440336134453796,0.7682794329853152,4,8,444.8173155828845
bSCSO-OBL,Diabetes,8,0.24346848739495797,0.7603853662677192,5,8,446.83502150001004
bSCSO-OBL,Diabetes,9,0.24988025210084036,0.7539088362617774,5,8,447.78272787481546
bSCSO-OBL,Diabetes,10,0.2435462184873949,0.7590442237501062,4,8,446.54541795817204
bSCSO-OBL,Diabetes,11,0.25133823529411753,0.7499108734402853,3,8,446.20992408390157
bSCSO-OBL,Diabetes,12,0.24085924369747896,0.7604957134368899,3,8,441.57553937495686
bSCSO-OBL,Diabetes,13,0.2395861344537815,0.7643069348951702,5,8,439.2487180829048
bSCSO-OBL,Diabetes,14,0.2458949579831933,0.7591970121381886,6,8,437.48360974993557
bSCSO-OBL,Diabetes,15,0.2382773109243697,0.7643663526016468,4,8,438.07708483282477
bSCSO-OBL,Diabetes,16,0.2511134453781513,0.7539258127493421,6,8,437.67834433401003
bSCSO-OBL,Diabetes,17,0.24085504201680677,0.7630252100840336,5,8,435.27288516703993
bSCSO-OBL,Diabetes,18,0.24867226890756297,0.7538663950428657,4,8,448.0004487079568
bSCSO-OBL,Diabetes,19,0.2396827731092437,0.7616840675664205,3,8,450.733621167019
bSCSO-OBL,Diabetes,20,0.2420882352941176,0.7630421865715984,6,8,449.389110625023
bSCSO-OBL,Diabetes,21,0.25238025210084025,0.7539088362617775,7,8,446.91581954201683
bSCSO-OBL,Diabetes,23,0.23959453781512607,0.7642984466513878,5,8,459.05277100019157
bSCSO-OBL,Diabetes,22,0.24472899159663875,0.7591121297003649,5,8,460.51453495793976
bSCSO-OBL,Diabetes,24,0.23185714285714293,0.7708513708513708,4,8,460.21799354208633
bSCSO-OBL,Diabetes,25,0.24979201680672275,0.7565232153467447,7,8,460.56820641597733
bSCSO-OBL,Diabetes,26,0.2433907563025211,0.7617265087853322,6,8,477.1620236670133
bSCSO-OBL,Diabetes,27,0.24087394957983194,0.761743485272897,4,8,480.4661489590071
bSCSO-OBL,Diabetes,28,0.2447983193277311,0.7577794754265342,4,8,481.44276758283377
bSCSO-OBL,Diabetes,29,0.24602941176470583,0.7590612002376709,6,8,480.928038792219
bSCSO-OBL,GermanCredit,0,0.23519999999999988,0.7700000000000001,15,20,661.0673061660491
bSCSO-OBL,GermanCredit,1,0.24012999999999998,0.763,11,20,662.5223939581774
bSCSO-OBL,GermanCredit,2,0.24309999999999998,0.76,11,20,653.6596623330843
bSCSO-OBL,GermanCredit,3,0.2376499999999999,0.7650000000000001,10,20,655.0739325000905
bSCSO-OBL,GermanCredit,4,0.24162,0.762,12,20,638.7798414588906
bSCSO-OBL,GermanCredit,5,0.2480399999999999,0.7540000000000001,9,20,630.7269072921481
bSCSO-OBL,GermanCredit,6,0.23765999999999998,0.766,12,20,623.1171323750168
bSCSO-OBL,GermanCredit,7,0.23468999999999998,0.769,12,20,619.7091745419893
bSCSO-OBL,GermanCredit,8,0.23767,0.767,14,20,618.8697338330094
bSCSO-OBL,GermanCredit,9,0.23170999999999997,0.771,10,20,617.3447489170358
bSCSO-OBL,GermanCredit,10,0.23418,0.768,9,20,615.249962749891
bSCSO-OBL,GermanCredit,11,0.23815,0.765,11,20,617.5289122501854
bSCSO-OBL,GermanCredit,12,0.23915,0.765,13,20,620.582752375165
bSCSO-OBL,GermanCredit,13,0.24310999999999988,0.7610000000000001,13,20,624.4613875828218
bSCSO-OBL,GermanCredit,14,0.23914,0.764,11,20,619.8003848341759
bSCSO-OBL,GermanCredit,15,0.23221999999999998,0.772,13,20,624.8042912909295
bSCSO-OBL,GermanCredit,16,0.23965,0.765,14,20,629.290847749915
bSCSO-OBL,GermanCredit,17,0.23518,0.768,11,20,633.3563823332079
bSCSO-OBL,GermanCredit,18,0.2396500000000001,0.7649999999999999,14,20,634.9972434579395
bSCSO-OBL,GermanCredit,19,0.23815999999999998,0.766,13,20,638.754602791043
bSCSO-OBL,GermanCredit,20,0.24608,0.758,13,20,667.3482247078791
bSCSO-OBL,GermanCredit,21,0.2421199999999999,0.7620000000000001,13,20,676.9035197079647
bSCSO-OBL,GermanCredit,22,0.23568,0.768,12,20,678.7419589590281
bSCSO-OBL,GermanCredit,23,0.23912,0.762,7,20,678.057596874889
bSCSO-OBL,HeartDisease,0,0.15732411994784862,0.8449717514124295,5,13,309.2247834589798
bSCSO-OBL,HeartDisease,1,0.1493402868318121,0.8553672316384182,8,13,309.4756071669981
bSCSO-OBL,GermanCredit,24,0.23865999999999998,0.766,14,20,743.1477187080309
bSCSO-OBL,GermanCredit,25,0.23815999999999998,0.766,13,20,750.0339573330712
bSCSO-OBL,GermanCredit,26,0.23764,0.764,8,20,746.762236957904
bSCSO-OBL,GermanCredit,27,0.24012999999999998,0.763,11,20,751.5976000830997
bSCSO-OBL,HeartDisease,2,0.14262842242503268,0.8621468926553671,8,13,327.5812950830441
bSCSO-OBL,HeartDisease,3,0.15550664928292057,0.8483615819209038,7,13,327.82736983313225
bSCSO-OBL,GermanCredit,28,0.23518,0.768,11,20,776.4783688751049
bSCSO-OBL,GermanCredit,29,0.24112999999999998,0.763,13,20,786.3227152498439
bSCSO-OBL,HeartDisease,4,0.14851512385919174,0.8554237288135592,7,13,343.460834458936
bSCSO-OBL,HeartDisease,5,0.16364511082138206,0.8416949152542372,9,13,347.34330362500623
bSCSO-OBL,HeartDisease,6,0.15055632333767915,0.8518079096045199,5,13,347.296549375169
bSCSO-OBL,HeartDisease,7,0.14714445893089956,0.8552542372881357,5,13,346.00268050003797
bSCSO-OBL,HeartDisease,8,0.15539478487614075,0.8484745762711865,7,13,329.25695583294146
bSCSO-OBL,HeartDisease,9,0.1570444589308997,0.8452542372881355,5,13,328.3314481249545
bSCSO-OBL,HeartDisease,10,0.14780247718383305,0.8584745762711865,10,13,322.3250062922016
bSCSO-OBL,HeartDisease,11,0.15884941329856592,0.8488700564971751,12,13,317.60725750005804
bSCSO-OBL,HeartDisease,12,0.14065632333767925,0.8618079096045198,5,13,316.0621299170889
bSCSO-OBL,HeartDisease,13,0.15055632333767915,0.8518079096045199,5,13,316.3476988328621
bSCSO-OBL,HeartDisease,14,0.16028852672750982,0.8419774011299435,5,13,315.213663832983
bSCSO-OBL,HeartDisease,15,0.15044445893089953,0.8519209039548024,5,13,313.60186804109253
bSCSO-OBL,HeartDisease,16,0.15858357235984347,0.848361581920904,11,13,314.85096483305097
bSCSO-OBL,HeartDisease,17,0.14615215123859188,0.858587570621469,8,13,313.73129583289847
bSCSO-OBL,HeartDisease,18,0.15209478487614067,0.8518079096045199,7,13,314.83130879094824
bSCSO-OBL,HeartDisease,19,0.15209413298565844,0.8487005649717514,3,13,311.23677999991924
bSCSO-OBL,HeartDisease,20,0.14956466753585396,0.8582485875706215,12,13,310.9363486249931
bSCSO-OBL,HeartDisease,21,0.15357666232073014,0.8487570621468926,5,13,309.56030666595325
bSCSO-OBL,HeartDisease,22,0.15072411994784868,0.8516384180790961,5,13,309.0051246250514
bSCSO-OBL,HeartDisease,23,0.16051225554106918,0.8417514124293785,5,13,308.2076196251437
bSCSO-OBL,HeartDisease,24,0.15847105606258158,0.845367231638418,7,13,295.4931766248774
bSCSO-OBL,HeartDisease,25,0.13730039113428932,0.8651977401129944,5,13,296.2693099169992
bSCSO-OBL,HeartDisease,26,0.15979895697522822,0.8416949152542372,4,13,290.35253395792097
bSCSO-OBL,HeartDisease,27,0.14802555410691015,0.855141242937853,6,13,281.2908750839997
bSCSO-OBL,HeartDisease,28,0.1462640156453715,0.8584745762711865,8,13,278.23239412507974
bSCSO-OBL,HeartDisease,29,0.1501654498044328,0.8553107344632769,9,13,274.97465854207985
bSCSO-OBL,IonosphereEW,0,0.10390263936560547,0.8974245472837021,8,34,424.2049372079782
bSCSO-OBL,IonosphereEW,1,0.09942196709669784,0.9031388329979879,12,34,426.93774658301845
bSCSO-OBL,IonosphereEW,2,0.09912784944963902,0.9031388329979879,11,34,442.8295797079336
bSCSO-OBL,IonosphereEW,3,0.10398231743401579,0.897344064386318,8,34,440.9439122918993
bSCSO-OBL,IonosphereEW,4,0.10191658184400522,0.9003219315895372,11,34,446.54277220810764
bSCSO-OBL,IonosphereEW,5,0.09537708604568593,0.9060362173038229,8,34,447.68995258398354
bSCSO-OBL,IonosphereEW,6,0.0990083323470232,0.9032595573440645,11,34,444.0774504591245
bSCSO-OBL,IonosphereEW,7,0.10056551071132669,0.9002012072434609,6,34,444.20009820815176
bSCSO-OBL,IonosphereEW,8,0.10179706474138962,0.9004426559356136,11,34,451.1277507499326
bSCSO-OBL,IonosphereEW,9,0.10399756184163816,0.8976257545271629,9,34,438.61995858396403
bSCSO-OBL,IonosphereEW,10,0.09938212806249246,0.9031790744466802,12,34,436.2691124160774
bSCSO-OBL,IonosphereEW,11,0.10195642087821037,0.9002816901408451,11,34,436.84382287506014
bSCSO-OBL,IonosphereEW,12,0.09384450230796546,0.9087726358148893,12,34,434.97220579185523
bSCSO-OBL,IonosphereEW,14,0.09950164516510827,0.9030583501006036,12,34,431.06342954188585
bSCSO-OBL,IonosphereEW,13,0.10266417327494383,0.9001609657947686,13,34,435.7476205001585
bSCSO-OBL,IonosphereEW,15,0.10574702331636873,0.897344064386318,14,34,426.9809414171614
bSCSO-OBL,IonosphereEW,16,0.10195642087821037,0.9002816901408451,11,34,418.8659072080627
bSCSO-OBL,IonosphereEW,17,0.09891340987099063,0.9030583501006036,10,34,419.0959433747921
bSCSO-OBL,IonosphereEW,19,0.1011935850396497,0.9001609657947686,8,34,409.11390116694383
bSCSO-OBL,IonosphereEW,18,0.09333594508225825,0.908692152917505,10,34,417.90913724992424
bSCSO-OBL,IonosphereEW,20,0.10778816427979641,0.8946881287726358,12,34,421.9768769170623
bSCSO-OBL,IonosphereEW,21,0.10465023079654387,0.8972635814889337,10,34,405.83379420801066
bSCSO-OBL,IonosphereEW,22,0.09409878092081912,0.9088128772635814,13,34,408.0939038330689
bSCSO-OBL,IonosphereEW,23,0.09616451651082959,0.9058350100603623,10,34,414.17640141700394
bSCSO-OBL,IonosphereEW,24,0.10146310806012554,0.9004828973843058,10,34,433.3480615839362
bSCSO-OBL,IonosphereEW,25,0.10120882944727186,0.9004426559356137,9,34,436.33962308289483
bSCSO-OBL,IonosphereEW,26,0.08997422180139666,0.9117907444668008,9,34,470.87447312497534
bSCSO-OBL,IonosphereEW,27,0.09038785655107119,0.9116700201207243,10,34,476.6715875000227
bSCSO-OBL,IonosphereEW,28,0.09443273760208311,0.9087726358148893,14,34,489.863956208108
bSCSO-OBL,IonosphereEW,29,0.10462563616996087,0.8975855130784709,11,34,476.54647437506355
bSCSO-OBL,KrVsKpEW,0,0.04929138581488938,0.9571371283255086,24,35,1767.217275083065
bSCSO-OBL,KrVsKpEW,1,0.055897428319919555,0.9493099569640062,20,35,1762.3000266668387
bSCSO-OBL,KrVsKpEW,2,0.058635450201207404,0.9471214788732393,22,35,1878.2928975839168
bSCSO-OBL,KrVsKpEW,3,0.057779275653923594,0.9471205007824726,19,35,1872.6729626250453
bSCSO-OBL,KrVsKpEW,4,0.04695931841046272,0.9577611502347418,18,35,1984.5056748329662
bSCSO-OBL,KrVsKpEW,5,0.0550088782696177,0.9496302816901409,18,35,2000.2341567501426
bSCSO-OBL,KrVsKpEW,7,0.05873299798792748,0.945868544600939,18,35,2043.356709084008
bSCSO-OBL,KrVsKpEW,6,0.05122249119718302,0.9543207159624414,21,35,2078.4862607920077
bSCSO-OBL,KrVsKpEW,8,0.05505813631790742,0.9490033255086072,16,35,2293.7594483331777
bSCSO-OBL,KrVsKpEW,9,0.05069886820925556,0.9536952269170579,17,35,2293.9218044159934
bSCSO-OBL,KrVsKpEW,10,0.058040845070422536,0.947433489827856,21,35,2233.6664723749273
bSCSO-OBL,KrVsKpEW,11,0.05193975729376257,0.952441803599374,17,35,2221.2605686669704
bSCSO-OBL,KrVsKpEW,12,0.054469825201207286,0.9493089788732394,15,35,2156.6631792499684
bSCSO-OBL,KrVsKpEW,13,0.054345227615694075,0.9508778364632239,20,35,2144.5711070830002
bSCSO-OBL,KrVsKpEW,14,0.04881895749496994,0.9558827269170578,18,35,2095.4813568750396
bSCSO-OBL,KrVsKpEW,15,0.049411141851106594,0.9555731611893584,19,35,2081.5848589581437
bSCSO-OBL,KrVsKpEW,16,0.05258943033199198,0.9514969679186228,16,35,1740.8277129998896
bSCSO-OBL,KrVsKpEW,17,0.05034120347082505,0.9546337050078246,19,35,1739.4037945829332
bSCSO-OBL,KrVsKpEW,18,0.051277559104627786,0.9536878912363067,19,35,1736.17641012487
bSCSO-OBL,KrVsKpEW,19,0.05825267228370218,0.9483739241001565,25,35,1731.803247041069
bSCSO-OBL,KrVsKpEW,20,0.05291956111670022,0.9508749021909233,15,35,1739.006318333093
bSCSO-OBL,KrVsKpEW,21,0.05375207494969816,0.9511883802816902,19,35,1734.057937958045
bSCSO-OBL,KrVsKpEW,22,0.05184414612676069,0.9536927816901407,21,35,1732.302187290974
bSCSO-OBL,KrVsKpEW,23,0.05446934104627771,0.9493094679186228,15,35,1735.5076650830451
bSCSO-OBL,Leukemia,0,0.018911829419530294,0.9857142857142858,1703,3571,567.3873401249293
bSCSO-OBL,Leukemia,1,0.018833420010401197,0.9857142857142858,1675,3571,568.6615422919858
bSCSO-OBL,KrVsKpEW,24,0.04910660840040243,0.9558807707355242,19,35,1672.6472178751137
bSCSO-OBL,Leukemia,2,0.01891462975557062,0.9857142857142858,1704,3571,567.7890353749972
bSCSO-OBL,KrVsKpEW,25,0.04910418762575465,0.9558832159624412,19,35,1675.7903510001488
bSCSO-OBL,Leukemia,3,0.018019378325399023,0.9866666666666667,1721,3571,568.3560740000103
bSCSO-OBL,KrVsKpEW,26,0.05063224346076457,0.9546283255086072,20,35,1651.4221068751067
bSCSO-OBL,KrVsKpEW,27,0.050653967555331914,0.9543177816901409,19,35,1647.406098625157
bSCSO-OBL,KrVsKpEW,28,0.05230226358148908,0.9514984350547729,15,35,1617.8419162910432
bSCSO-OBL,KrVsKpEW,29,0.04908101106639835,0.9561952269170579,20,35,1618.6754272091202
bSCSO-OBL,Leukemia,4,0.01889222706724802,0.9857142857142858,1696,3571,521.58818074991
bSCSO-OBL,Leukemia,5,0.01789056286754408,0.9866666666666667,1675,3571,518.7846586250234
bSCSO-OBL,Leukemia,6,0.01790736488378603,0.9866666666666667,1681,3571,520.8411619171966
bSCSO-OBL,Leukemia,7,0.01874660959315113,0.9857142857142858,1644,3571,519.359877333045
bSCSO-OBL,Leukemia,9,0.018002576309157074,0.9866666666666667,1715,3571,595.1862030420452
bSCSO-OBL,Leukemia,8,0.017996975637076425,0.9866666666666667,1713,3571,596.6437772500794
bSCSO-OBL,Leukemia,10,0.01799977597311675,0.9866666666666667,1714,3571,631.9349453751929
bSCSO-OBL,Leukemia,11,0.018998639836780365,0.9857142857142858,1734,3571,638.8721214579418
bSCSO-OBL,Leukemia,13,0.017870960515261807,0.9866666666666667,1668,3571,655.7992730408441
bSCSO-OBL,Leukemia,12,0.018808216986038274,0.9857142857142858,1666,3571,657.6077041670214
bSCSO-OBL,Leukemia,14,0.019121854622554658,0.9857142857142858,1778,3571,657.058730292134
bSCSO-OBL,Leukemia,15,0.01886422370684477,0.9857142857142858,1686,3571,661.5377525831573
bSCSO-OBL,Leukemia,16,0.01805858302996357,0.9866666666666667,1735,3571,620.1456488750409
bSCSO-OBL,Leukemia,17,0.01901264151698199,0.9857142857142858,1739,3571,619.3208077498712
bSCSO-OBL,Leukemia,18,0.018861423370804445,0.9857142857142858,1685,3571,631.3156522910576
bSCSO-OBL,Leukemia,19,0.018872624714965744,0.9857142857142858,1689,3571,647.1347249590326
bSCSO-OBL,Leukemia,20,0.018881025723086718,0.9857142857142858,1692,3571,675.7710831661243
bSCSO-OBL,Leukemia,21,0.018855822698723795,0.9857142857142858,1683,3571,676.2412607499864
bSCSO-OBL,Leukemia,22,0.018981837820538413,0.9857142857142858,1728,3571,681.588170915842
bSCSO-OBL,Leukemia,23,0.017938168580229605,0.9866666666666667,1692,3571,708.1104917500634
bSCSO-OBL,Lymphography,0,0.11755478927203071,0.8857471264367816,8,18,187.26870679087006
bSCSO-OBL,Lymphography,1,0.14159846743295015,0.8648275862068966,14,18,186.35284462501295
bSCSO-OBL,Leukemia,24,0.01881661799415925,0.9857142857142858,1669,3571,745.5801459159702
bSCSO-OBL,Leukemia,25,0.019077049245909458,0.9857142857142858,1762,3571,746.0213752500713
bSCSO-OBL,Lymphography,2,0.13310421455938704,0.8717241379310344,11,18,170.2088060840033
bSCSO-OBL,Lymphography,3,0.11428812260536389,0.8924137931034484,14,18,150.42809199984185
bSCSO-OBL,Lymphography,4,0.14675938697318006,0.8579310344827586,11,18,149.73850591597147
bSCSO-OBL,Lymphography,5,0.1207609195402298,0.8864367816091955,15,18,149.57972233300097
bSCSO-OBL,Leukemia,26,0.018825019002280223,0.9857142857142858,1672,3571,688.9822323750705
bSCSO-OBL,Lymphography,6,0.13212030651340992,0.8710344827586207,8,18,150.05957183404826
bSCSO-OBL,Leukemia,27,0.01885862303476412,0.9857142857142858,1684,3571,673.260477792006
bSCSO-OBL,Lymphography,7,0.12839846743295005,0.87816091954023,14,18,153.57417412498035
bSCSO-OBL,Leukemia,28,0.01886982437892542,0.9857142857142858,1688,3571,627.8606327080633
bSCSO-OBL,Lymphography,8,0.12438237547892728,0.8788505747126436,8,18,162.54077962506562
bSCSO-OBL,Lymphography,9,0.13950344827586206,0.8641379310344828,9,18,163.60530270799063
bSCSO-OBL,Leukemia,29,0.018830619674360873,0.9857142857142858,1674,3571,630.43409758294
bSCSO-OBL,Lymphography,10,0.13869348659003836,0.8655172413793103,10,18,172.7516861660406
bSCSO-OBL,Lymphography,11,0.12738773946360146,0.8786206896551725,13,18,176.2706892080605
bSCSO-OBL,Lymphography,12,0.14159846743295015,0.8648275862068966,14,18,173.9798247499857
bSCSO-OBL,Lymphography,13,0.13131034482758625,0.8724137931034482,9,18,176.8278567090165
bSCSO-OBL,Lymphography,14,0.13869348659003836,0.8655172413793103,10,18,186.51895966706797
bSCSO-OBL,Lymphography,15,0.13914865900383142,0.8650574712643678,10,18,184.6346353329718
bSCSO-OBL,Lymphography,16,0.13131034482758625,0.8724137931034482,9,18,184.98515191697516
bSCSO-OBL,Lymphography,17,0.13892107279693489,0.8652873563218391,10,18,186.58185891597532
bSCSO-OBL,Lymphography,18,0.1372544061302682,0.8652873563218391,7,18,186.59416866698302
bSCSO-OBL,Lymphography,19,0.13019923371647502,0.8724137931034484,7,18,186.96233720798045
bSCSO-OBL,Lymphography,20,0.13431570881226054,0.872183908045977,14,18,186.24708216590807
bSCSO-OBL,Lymphography,21,0.1335593869731801,0.871264367816092,11,18,187.78109041694552
bSCSO-OBL,Lymphography,22,0.13924904214559392,0.8655172413793103,11,18,181.6576823340729
bSCSO-OBL,Lymphography,24,0.1381379310344828,0.8655172413793103,9,18,182.14621249982156
bSCSO-OBL,Lymphography,23,0.13333180076628334,0.8714942528735634,11,18,184.23046075017191
bSCSO-OBL,Lymphography,25,0.13075478927203069,0.8724137931034482,8,18,184.64407525002025
bSCSO-OBL,Lymphography,26,0.1336865900383142,0.8705747126436781,10,18,179.0552032920532
bSCSO-OBL,Lymphography,27,0.13937624521072794,0.8648275862068966,10,18,178.0523336250335
bSCSO-OBL,Lymphography,28,0.13222068965517245,0.8714942528735632,9,18,177.81612687488087
bSCSO-OBL,Lymphography,29,0.13290344827586212,0.8708045977011494,9,18,179.2526455000043
bSCSO-OBL,M-of-n,0,0.004615384615384616,1.0,6,13,528.0845773331821
bSCSO-OBL,M-of-n,2,0.004615384615384616,1.0,6,13,531.1856837500818
bSCSO-OBL,M-of-n,1,0.01132461538461539,0.994,7,13,531.7668482500594
bSCSO-OBL,M-of-n,3,0.004615384615384616,1.0,6,13,533.4612765829079
bSCSO-OBL,M-of-n,4,0.01132461538461539,0.994,7,13,535.2502677498851
bSCSO-OBL,M-of-n,5,0.004615384615384616,1.0,6,13,540.8185095000081
bSCSO-OBL,M-of-n,6,0.004615384615384616,1.0,6,13,536.4081536249723
bSCSO-OBL,M-of-n,7,0.004615384615384616,1.0,6,13,545.8203862919472
bSCSO-OBL,M-of-n,8,0.018254615384615286,0.9870000000000001,7,13,530.6429008329287
bSCSO-OBL,M-of-n,9,0.004615384615384616,1.0,6,13,533.8407756669912
bSCSO-OBL,M-of-n,10,0.004615384615384616,1.0,6,13,534.4610938751139
bSCSO-OBL,M-of-n,11,0.004615384615384616,1.0,6,13,535.6878012500238
bSCSO-OBL,M-of-n,12,0.004615384615384616,1.0,6,13,528.091213334119
bSCSO-OBL,M-of-n,13,0.01330461538461539,0.992,7,13,531.5701427501626
bSCSO-OBL,M-of-n,14,0.004615384615384616,1.0,6,13,530.784196165856
bSCSO-OBL,M-of-n,15,0.004615384615384616,1.0,6,13,532.1963783751708
bSCSO-OBL,M-of-n,16,0.004615384615384616,1.0,6,13,535.1919572500046
bSCSO-OBL,M-of-n,17,0.004615384615384616,1.0,6,13,531.5317015419714
bSCSO-OBL,M-of-n,18,0.004615384615384616,1.0,6,13,535.1458516670391
bSCSO-OBL,M-of-n,19,0.014294615384615392,0.991,7,13,539.1400400830898
bSCSO-OBL,M-of-n,20,0.004615384615384616,1.0,6,13,534.5755585001316
bSCSO-OBL,M-of-n,21,0.004615384615384616,1.0,6,13,539.0890579589177
bSCSO-OBL,M-of-n,22,0.004615384615384616,1.0,6,13,535.5097377500497
bSCSO-OBL,M-of-n,23,0.004615384615384616,1.0,6,13,543.1734022921883
bSCSO-OBL,Parkinsons,0,0.049328671328671386,0.9538461538461538,8,22,225.87246266705915
bSCSO-OBL,Parkinsons,1,0.04561538461538469,0.9589743589743589,11,22,226.05359749984927
bSCSO-OBL,Parkinsons,2,0.0548601398601399,0.9487179487179487,9,22,209.67697016708553
bSCSO-OBL,M-of-n,24,0.004615384615384616,1.0,6,13,525.5540871249977
bSCSO-OBL,M-of-n,25,0.004615384615384616,1.0,6,13,526.3801961250138
bSCSO-OBL,M-of-n,26,0.009344615384615278,0.9960000000000001,7,13,522.7255045000929
bSCSO-OBL,M-of-n,27,0.004615384615384616,1.0,6,13,526.0385815410409
bSCSO-OBL,Parkinsons,3,0.046979020979021055,0.9589743589743589,14,22,208.18599195801653
bSCSO-OBL,M-of-n,28,0.01330461538461539,0.992,7,13,521.6503448330332
bSCSO-OBL,M-of-n,29,0.004615384615384616,1.0,6,13,522.9230553749949
bSCSO-OBL,Parkinsons,4,0.04516083916083924,0.9589743589743589,10,22,203.91027120803483
bSCSO-OBL,Parkinsons,5,0.039174825174825054,0.9641025641025642,8,22,206.27327245892957
bSCSO-OBL,Parkinsons,7,0.04516083916083924,0.9589743589743589,10,22,205.1744999999646
bSCSO-OBL,Parkinsons,6,0.05440559440559445,0.9487179487179487,8,22,207.41209145914763
bSCSO-OBL,Parkinsons,8,0.024398601398601547,0.9794871794871793,9,22,209.49926112499088
bSCSO-OBL,Parkinsons,9,0.02394405594405587,0.9794871794871796,8,22,208.08935387502424
bSCSO-OBL,Parkinsons,10,0.055314685314685356,0.9487179487179487,10,22,207.34018520801328
bSCSO-OBL,Parkinsons,11,0.04053846153846163,0.964102564102564,11,22,209.52311137481593
bSCSO-OBL,Parkinsons,12,0.04190209790209799,0.964102564102564,14,22,209.70182091603056
bSCSO-OBL,Parkinsons,13,0.04887412587412593,0.9538461538461538,7,22,209.2220615418628
bSCSO-OBL,Parkinsons,14,0.049328671328671386,0.9538461538461538,8,22,210.37080583395436
bSCSO-OBL,Parkinsons,15,0.04516083916083924,0.9589743589743589,10,22,210.25863787485287
bSCSO-OBL,Parkinsons,16,0.04425174825174833,0.9589743589743589,8,22,211.05262325005606
bSCSO-OBL,Parkinsons,17,0.02576223776223791,0.9794871794871793,12,22,209.2064408750739
bSCSO-OBL,Parkinsons,18,0.04425174825174833,0.9589743589743589,8,22,206.36334429099225
bSCSO-OBL,Parkinsons,19,0.037734265734265623,0.9692307692307693,16,22,206.4928356250748
bSCSO-OBL,Parkinsons,20,0.059482517482517504,0.9435897435897436,8,22,209.91671833302826
bSCSO-OBL,Parkinsons,21,0.04008391608391618,0.964102564102564,10,22,209.02367274998687
bSCSO-OBL,Parkinsons,23,0.04425174825174833,0.9589743589743589,8,22,204.48210908309557
bSCSO-OBL,Parkinsons,22,0.040993006993007085,0.964102564102564,12,22,207.58441224996932
bSCSO-OBL,Parkinsons,24,0.05440559440559445,0.9487179487179487,8,22,205.86267908406444
bSCSO-OBL,Parkinsons,25,0.04425174825174811,0.9589743589743591,8,22,204.7404444590211
bSCSO-OBL,Parkinsons,26,0.04144755244755254,0.964102564102564,13,22,200.4498722080607
bSCSO-OBL,Parkinsons,27,0.03591608391608403,0.9692307692307691,12,22,196.24433795898221
bSCSO-OBL,Parkinsons,28,0.04008391608391618,0.964102564102564,10,22,164.96882462501526
bSCSO-OBL,Parkinsons,29,0.04425174825174811,0.9589743589743591,8,22,219.75665958295576
bSCSO-OBL,Sonar,0,0.1193559814169571,0.8843205574912891,29,60,352.6905049169436
bSCSO-OBL,Sonar,1,0.11824099883855986,0.8844367015098722,23,60,355.2855557498988
bSCSO-OBL,Sonar,2,0.10397154471544717,0.8991869918699187,25,60,357.7772988330107
bSCSO-OBL,Sonar,3,0.10903077816492457,0.8940766550522647,25,60,363.20411870791577
bSCSO-OBL,Sonar,4,0.11761440185830425,0.8849012775842044,22,60,365.7781818751246
bSCSO-OBL,Sonar,5,0.12756620209059238,0.8746806039488966,21,60,386.6063947919756
bSCSO-OBL,Sonar,6,0.10043554006968651,0.9036004645760742,30,60,434.5851236660965
bSCSO-OBL,Sonar,7,0.13210220673635306,0.870267131242741,22,60,447.5889603749383
bSCSO-OBL,Sonar,8,0.1155150987224158,0.8895470383275261,37,60,463.23121204203926
bSCSO-OBL,Sonar,9,0.12373693379790947,0.8795586527293844,27,60,464.6219107499346
bSCSO-OBL,Sonar,10,0.11806271777003483,0.8847851335656214,24,60,468.33928858395666
bSCSO-OBL,Sonar,11,0.119637630662021,0.8842044134727061,30,60,466.1718953750096
bSCSO-OBL,Sonar,12,0.10437979094076667,0.8986062717770034,24,60,462.8336722920649
bSCSO-OBL,Sonar,13,0.11390011614401856,0.8896631823461092,28,60,456.85019808402285
bSCSO-OBL,Sonar,14,0.09531300813008131,0.9089430894308943,31,60,454.5374434578698
bSCSO-OBL,Sonar,15,0.10878919860627173,0.8946573751451801,27,60,452.7906659170985
bSCSO-OBL,Sonar,16,0.13305052264808362,0.870150987224158,27,60,432.25790695799515
bSCSO-OBL,Sonar,17,0.11402671312427416,0.8891986062717769,26,60,432.84982699994
bSCSO-OBL,Sonar,18,0.1231620209059234,0.8801393728222996,27,60,427.5447365830187
bSCSO-OBL,Sonar,19,0.1330905923344948,0.8706155632984901,30,60,425.70703604095615
bSCSO-OBL,Sonar,20,0.12508188153310115,0.8792102206736352,33,60,421.3089746669866
bSCSO-OBL,Sonar,21,0.13372880371660864,0.8698025551684088,29,60,409.5221252080519
bSCSO-OBL,Sonar,22,0.1277845528455285,0.8747967479674796,23,60,402.02575370902196
bSCSO-OBL,Sonar,23,0.12838792102206736,0.8750290360046458,28,60,390.5275761249941
bSCSO-OBL,SpectEW,0,0.14913664951400807,0.853948287910552,10,22,161.4226297501009
bSCSO-OBL,Sonar,24,0.109582462253194,0.8941927990708478,29,60,383.01602683309466
bSCSO-OBL,Sonar,25,0.1135150987224158,0.8895470383275261,25,60,383.83081687497906
bSCSO-OBL,Sonar,26,0.10380487804878051,0.8991869918699187,24,60,385.7433692079503
bSCSO-OBL,SpectEW,1,0.1457861635220126,0.8577917540181691,11,22,164.74597095814534
bSCSO-OBL,Sonar,27,0.12423693379790947,0.8795586527293844,30,60,394.423705708934
bSCSO-OBL,Sonar,28,0.11962601626016263,0.8845528455284553,32,60,398.2000825831201
bSCSO-OBL,Sonar,29,0.11363008130081304,0.8894308943089431,25,60,413.72425929107703
bSCSO-OBL,SpectEW,2,0.14246540880503122,0.8611460517120897,11,22,214.23651795787737
bSCSO-OBL,SpectEW,3,0.1385220125786163,0.8651292802236199,11,22,230.1548555002082
bSCSO-OBL,SpectEW,4,0.13820583190394514,0.8649895178197065,10,22,231.15382583392784
bSCSO-OBL,SpectEW,5,0.14822755860491715,0.853948287910552,8,22,242.98810379207134
bSCSO-OBL,SpectEW,6,0.13872955974842766,0.8649196366177498,11,22,244.1619484159164
bSCSO-OBL,SpectEW,7,0.1345786163522014,0.8691125087351501,11,22,249.49260820797645
bSCSO-OBL,SpectEW,8,0.14966037735849058,0.8538784067085954,11,22,247.68836162495427
bSCSO-OBL,SpectEW,9,0.14875128644939967,0.8538784067085954,9,22,249.79359187488444
bSCSO-OBL,SpectEW,10,0.1414179531160662,0.8612858141160029,9,22,248.43933191685937
bSCSO-OBL,SpectEW,11,0.13799828473413359,0.8651991614255767,10,22,247.73363404208794
bSCSO-OBL,SpectEW,12,0.14257404230989132,0.8614954577218729,12,22,246.43130929209292
bSCSO-OBL,SpectEW,13,0.14617152658662091,0.8578616352201258,12,22,246.21301337494515
bSCSO-OBL,SpectEW,14,0.14798056032018295,0.853738644304682,7,22,242.61777745815925
bSCSO-OBL,SpectEW,15,0.13936192109776996,0.8651991614255767,13,22,247.06823391700163
bSCSO-OBL,SpectEW,16,0.14847455688965125,0.854157931516422,9,22,242.3323328329716
bSCSO-OBL,SpectEW,17,0.14162550028587756,0.8610761705101329,9,22,243.22178675001487
bSCSO-OBL,SpectEW,18,0.13890737564322472,0.8651991614255765,12,22,241.93785958411172
bSCSO-OBL,SpectEW,19,0.1406174957118354,0.8616352201257861,8,22,242.60483095888048
bSCSO-OBL,SpectEW,20,0.14596397941680955,0.8580712788259959,12,22,240.23171841702424
bSCSO-OBL,SpectEW,21,0.14257404230989132,0.8614954577218729,12,22,248.82257679197937
bSCSO-OBL,SpectEW,22,0.14546998284734122,0.8576519916142559,10,22,242.26750866696239
bSCSO-OBL,SpectEW,23,0.13356089193825035,0.8687631027253669,8,22,243.77040787506849
bSCSO-OBL,SpectEW,24,0.1333533447684391,0.8689727463312369,8,22,241.89433208294213
bSCSO-OBL,SpectEW,25,0.14627044025157224,0.8573025856044725,11,22,240.6708571249619
bSCSO-OBL,SpectEW,26,0.13792910234419675,0.8652690426275331,10,22,258.7920239169616
bSCSO-OBL,SpectEW,28,0.15196340766152092,0.8501747030048916,8,22,257.9011524170637
bSCSO-OBL,SpectEW,27,0.1451538021726701,0.8575122292103424,9,22,263.3207390420139
bSCSO-OBL,SpectEW,29,0.14243567753001724,0.8616352201257861,12,22,265.6505874169525
bSCSO-OBL,TicTacToe,0,0.15672905759162287,0.8517888307155325,9,9,501.6547045838088
bSCSO-OBL,TicTacToe,1,0.16090265052356026,0.8475730802792321,9,9,505.3658507911023
bSCSO-OBL,TicTacToe,2,0.15777110602094235,0.8507362565445027,9,9,504.80356212495826
bSCSO-OBL,TicTacToe,3,0.15987679973821992,0.8486092931937173,9,9,514.8328574579209
bSCSO-OBL,TicTacToe,4,0.15880775523560212,0.8496891361256544,9,9,513.7085704591591
bSCSO-OBL,TicTacToe,6,0.16502225130890044,0.843411867364747,9,9,514.8151069169398
bSCSO-OBL,TicTacToe,5,0.16502225130890044,0.843411867364747,9,9,519.0362349171191
bSCSO-OBL,TicTacToe,7,0.15880775523560212,0.8496891361256544,9,9,517.2595738340169
bSCSO-OBL,TicTacToe,8,0.15987679973821992,0.8486092931937173,9,9,520.7755560830701
bSCSO-OBL,TicTacToe,10,0.1660535013089006,0.8423702006980802,9,9,517.6546542921569
bSCSO-OBL,TicTacToe,9,0.15880775523560212,0.8496891361256544,9,9,518.1928213750944
bSCSO-OBL,TicTacToe,11,0.16089185209424073,0.8475839877835952,9,9,513.0708909579553
bSCSO-OBL,TicTacToe,12,0.15571400523560205,0.8528141361256545,9,9,501.0969007089734
bSCSO-OBL,TicTacToe,13,0.16911485602094248,0.8392779232111692,9,9,502.7347967501264
bSCSO-OBL,TicTacToe,14,0.16398020287958118,0.8444644415357766,9,9,504.8859190000221
bSCSO-OBL,TicTacToe,15,0.1536191099476439,0.8549301919720769,9,9,503.80378554179333
bSCSO-OBL,TicTacToe,16,0.16501685209424083,0.8434173211169285,9,9,495.645528125111
bSCSO-OBL,TicTacToe,17,0.16500605366492152,0.8434282286212914,9,9,494.33248683298007
bSCSO-OBL,TicTacToe,18,0.16604270287958117,0.8423811082024433,9,9,494.9895584171172
bSCSO-OBL,TicTacToe,19,0.1618745091623036,0.846591404886562,9,9,494.1287945830263
bSCSO-OBL,TicTacToe,20,0.16393700916230358,0.8445080715532287,9,9,488.7946434998885
bSCSO-OBL,TicTacToe,21,0.1577495091623036,0.8507580715532287,9,9,486.58995641581714
bSCSO-OBL,TicTacToe,22,0.16916884816753916,0.8392233856893544,9,9,489.21157324989326
bSCSO-OBL,TicTacToe,23,0.16915804973821985,0.8392342931937173,9,9,489.1728908328805
bSCSO-OBL,Vote,0,0.031014107308048055,0.9699352451433858,2,16,220.29619795805775
bSCSO-OBL,Vote,1,0.03128885291396841,0.9696577243293248,2,16,223.43117962498218
bSCSO-OBL,TicTacToe,24,0.1567398560209424,0.8517779232111693,9,9,487.4821401250083
bSCSO-OBL,TicTacToe,25,0.1526148560209423,0.8559445898778361,9,9,488.6833272499498
bSCSO-OBL,TicTacToe,26,0.16602650523560225,0.8423974694589876,9,9,492.50630304100923
bSCSO-OBL,TicTacToe,27,0.1588023560209425,0.8496945898778359,9,9,489.6809584160801
bSCSO-OBL,TicTacToe,28,0.1526094568062827,0.8559500436300175,9,9,485.0799951250665
bSCSO-OBL,Vote,2,0.027517923219241354,0.9740980573543017,3,16,224.35661395918578
bSCSO-OBL,TicTacToe,29,0.16500065445026169,0.843433682373473,9,9,488.20188079192303
bSCSO-OBL,Vote,3,0.028051341350601236,0.974190564292322,4,16,224.06888024997897
bSCSO-OBL,Vote,4,0.027868177613321003,0.9743755781683626,4,16,221.7184324171394
bSCSO-OBL,Vote,5,0.027517923219241354,0.9740980573543017,3,16,222.2924458750058
bSCSO-OBL,Vote,6,0.03110568917668817,0.9698427382053655,2,16,224.38840908301063
bSCSO-OBL,Vote,7,0.027517923219241354,0.9740980573543017,3,16,225.52731329086237
bSCSO-OBL,Vote,8,0.03092252543940783,0.9700277520814062,2,16,224.33988479198888
bSCSO-OBL,Vote,9,0.030389107308048054,0.9699352451433858,1,16,226.08096462511458
bSCSO-OBL,Vote,10,0.027334759481961124,0.9742830712303423,3,16,224.29914508387446
bSCSO-OBL,Vote,11,0.027426341350601235,0.974190564292322,3,16,227.2151354169473
bSCSO-OBL,Vote,12,0.02795975948196112,0.9742830712303423,4,16,224.10596204199828
bSCSO-OBL,Vote,13,0.027426341350601235,0.974190564292322,3,16,224.54121187515557
bSCSO-OBL,Vote,14,0.027517923219241354,0.9740980573543017,3,16,225.71823379211128
bSCSO-OBL,Vote,15,0.031197271045328507,0.9697502312673449,2,16,226.15366599988192
bSCSO-OBL,Vote,16,0.02832608695652181,0.9739130434782608,4,16,223.22124458407052
bSCSO-OBL,Vote,17,0.031014107308048055,0.9699352451433858,2,16,222.44633216620423
bSCSO-OBL,Vote,18,0.02823450508788158,0.9740055504162812,4,16,223.5838493751362
bSCSO-OBL,Vote,19,0.027517923219241354,0.9740980573543017,3,16,226.11916737491265
bSCSO-OBL,Vote,20,0.02858475948196112,0.9742830712303423,5,16,223.98532808292657
bSCSO-OBL,Vote,21,0.027426341350601235,0.974190564292322,3,16,228.15334658394568
bSCSO-OBL,Vote,22,0.027517923219241576,0.9740980573543014,3,16,228.99357466585934
bSCSO-OBL,Vote,23,0.031014107308048055,0.9699352451433858,2,16,234.39442241704091
bSCSO-OBL,Vote,24,0.028142923219241354,0.9740980573543017,4,16,230.84241470880806
bSCSO-OBL,Vote,25,0.03128885291396862,0.9696577243293246,2,16,231.82029808312654
bSCSO-OBL,Vote,26,0.031197271045328507,0.9697502312673449,2,16,228.12904349993914
bSCSO-OBL,Vote,28,0.027609505087881694,0.9740055504162811,3,16,223.6206054170616
bSCSO-OBL,Vote,27,0.028051341350601458,0.9741905642923218,4,16,225.32543129101396
bSCSO-OBL,Vote,29,0.03092252543940783,0.9700277520814062,2,16,213.16834604204632
bSCSO-OBL,WDBC,0,0.02794302126998911,0.9771619313771154,16,30,445.76850258396007
bSCSO-OBL,WDBC,1,0.027276354603322443,0.9771619313771154,14,30,457.2394907909911
bSCSO-OBL,WDBC,3,0.026190808880608617,0.9789318428815401,16,30,403.3338157921098
bSCSO-OBL,WDBC,2,0.027625058220773102,0.9771464058376029,15,30,425.4101785828825
bSCSO-OBL,WDBC,4,0.029331159757801612,0.9754230709517155,15,30,399.7453858749941
bSCSO-OBL,WDBC,6,0.02940133519639811,0.9736686849868033,10,30,398.8849102500826
bSCSO-OBL,WDBC,5,0.02622154944884338,0.9789007918025151,16,30,404.9545250420924
bSCSO-OBL,WDBC,7,0.025554882782176713,0.9789007918025151,14,30,420.2088802920189
bSCSO-OBL,WDBC,8,0.026857475547275286,0.9789318428815401,18,30,403.60680387495086
bSCSO-OBL,WDBC,11,0.025206179164725836,0.9789163173420278,13,30,399.8823984169867
bSCSO-OBL,WDBC,10,0.026888216115510045,0.9789007918025151,18,30,408.94409145903774
bSCSO-OBL,WDBC,9,0.026206179164725833,0.9789163173420278,16,30,465.2027975828387
bSCSO-OBL,WDBC,12,0.02659431765253834,0.9771774569166279,12,30,403.68426670879126
bSCSO-OBL,WDBC,13,0.025539512498059167,0.9789163173420278,14,30,408.03923241607845
bSCSO-OBL,WDBC,14,0.027679863375252273,0.9754075454122031,10,30,407.30166412494145
bSCSO-OBL,WDBC,15,0.024508771929824404,0.9789473684210528,11,30,416.27202304196544
bSCSO-OBL,WDBC,16,0.026524142213941844,0.9789318428815402,17,30,397.8673197091557
bSCSO-OBL,WDBC,18,0.023453966775345458,0.9806862288464524,13,30,415.59567108307965
bSCSO-OBL,WDBC,19,0.02598913212234131,0.9771153547585778,10,30,412.41431179107167
bSCSO-OBL,WDBC,20,0.025888216115510048,0.9789007918025151,15,30,413.7127733749803
bSCSO-OBL,WDBC,22,0.027655798789007976,0.9771153547585778,15,30,409.16401012497954
bSCSO-OBL,WDBC,21,0.027927650985871893,0.9771774569166277,16,30,414.7200736659579
bSCSO-OBL,WDBC,17,0.02691228070175435,0.9771929824561404,13,30,468.8880213329103
bSCSO-OBL,WDBC,23,0.021717124670082293,0.9824406148113647,13,30,413.70713562495075
bSCSO-OBL,WDBC,24,0.026236919732960596,0.9788852662630028,16,30,461.7357358748559
bSCSO-OBL,WDBC,25,0.026609687936655777,0.9771619313771154,12,30,479.48114295792766
bSCSO-OBL,WDBC,26,0.02552414221394195,0.9789318428815401,14,30,479.07391074998304
bSCSO-OBL,WDBC,27,0.02383341096103088,0.9806396522279149,14,30,480.86133183306083
bSCSO-OBL,WDBC,29,0.02794302126998911,0.9771619313771154,16,30,490.67327191703953
bSCSO-OBL,WDBC,28,0.024888216115510047,0.9789007918025151,12,30,491.9118542908691
bSCSO-OBL,WaveformEW,0,0.19467399999999999,0.8074,16,40,2918.7354538328946
bSCSO-OBL,WaveformEW,1,0.18146000000000004,0.821,17,40,2924.4839165001176
bSCSO-OBL,WaveformEW,2,0.19753999999999997,0.804,14,40,3000.6743838749826
bSCSO-OBL,WaveformEW,4,0.20018599999999992,0.8036000000000001,23,40,3038.8457867919933
bSCSO-OBL,WaveformEW,3,0.20057199999999997,0.8022,19,40,3062.9365326669067
bSCSO-OBL,WaveformEW,5,0.19359000000000007,0.8089999999999999,18,40,3066.781058209017
bSCSO-OBL,WaveformEW,6,0.19374600000000003,0.8096,21,40,3054.9287449591793
bSCSO-OBL,WaveformEW,7,0.19354799999999991,0.8098000000000001,21,40,3063.9184298340697
bSCSO-OBL,WaveformEW,8,0.19201600000000002,0.8116,22,40,3046.343874334125
bSCSO-OBL,WaveformEW,9,0.196164,0.8064,18,40,3041.5478024170734
bSCSO-OBL,WaveformEW,10,0.1811160000000001,0.8215999999999999,18,40,3056.491769749904
bSCSO-OBL,WaveformEW,12,0.19206799999999993,0.8118000000000001,23,40,3062.747931667138
bSCSO-OBL,WaveformEW,11,0.1925479999999999,0.8098000000000001,17,40,3093.4182109169196
bSCSO-OBL,WaveformEW,13,0.18814999999999996,0.8150000000000001,20,40,3089.1098667080514
bSCSO-OBL,WaveformEW,14,0.19660200000000008,0.8051999999999999,15,40,3098.396227207966
bSCSO-OBL,WaveformEW,15,0.1939540000000001,0.8103999999999999,25,40,3093.7891969999764
bSCSO-OBL,WaveformEW,16,0.19354800000000014,0.8097999999999999,21,40,3121.4675686659757
bSCSO-OBL,WaveformEW,17,0.20048799999999994,0.8038000000000001,25,40,3087.6456373329274
bSCSO-OBL,WaveformEW,18,0.1851379999999999,0.8188000000000001,23,40,3097.922876958037
bSCSO-OBL,WaveformEW,20,0.19605999999999996,0.806,16,40,3050.6621636250056
bSCSO-OBL,WaveformEW,19,0.1917140000000001,0.8113999999999999,20,40,3131.5836772499606
bSCSO-OBL,WaveformEW,22,0.19439199999999998,0.8092,22,40,3062.274654667126
bSCSO-OBL,WaveformEW,23,0.19997800000000016,0.8027999999999998,19,40,3083.6220127081033
bSCSO-OBL,WaveformEW,21,0.191224,0.8124,22,40,3157.038066332927
bSCSO-OBL,Zoo,0,0.025424999999999906,0.9800000000000001,9,16,128.65175195899792
bSCSO-OBL,Zoo,1,0.025424999999999906,0.9800000000000001,9,16,127.40422891685739
bSCSO-OBL,Zoo,2,0.026674999999999907,0.9800000000000001,11,16,129.38640962494537
bSCSO-OBL,Zoo,3,0.023857142857142792,0.980952380952381,8,16,130.58408800000325
bSCSO-OBL,Zoo,4,0.023078571428571514,0.9804761904761904,6,16,129.8208686672151
bSCSO-OBL,Zoo,5,0.026049999999999907,0.9800000000000001,10,16,130.25807929201983
bSCSO-OBL,Zoo,6,0.03344999999999992,0.9700000000000001,6,16,128.9554004999809
bSCSO-OBL,Zoo,7,0.025578571428571402,0.9804761904761905,10,16,129.14130474999547
bSCSO-OBL,Zoo,8,0.023549999999999908,0.9800000000000001,6,16,125.29416654189117
bSCSO-OBL,Zoo,9,0.03282500000000003,0.97,5,16,126.89876037510112
bSCSO-OBL,Zoo,10,0.025424999999999906,0.9800000000000001,9,16,128.6493794580456
bSCSO-OBL,Zoo,11,0.02417499999999991,0.9800000000000001,7,16,130.74861466698349
bSCSO-OBL,Zoo,12,0.025424999999999906,0.9800000000000001,9,16,129.5846175411716
bSCSO-OBL,Zoo,13,0.026674999999999907,0.9800000000000001,11,16,128.3609750419855
bSCSO-OBL,Zoo,14,0.026049999999999907,0.9800000000000001,10,16,127.36945075006224
bSCSO-OBL,Zoo,15,0.022453571428571403,0.9804761904761905,5,16,128.11269062501378
bSCSO-OBL,Zoo,16,0.027299999999999908,0.9800000000000001,12,16,126.5347978330683
bSCSO-OBL,Zoo,17,0.022924999999999907,0.9800000000000001,5,16,127.35791891696863
bSCSO-OBL,Zoo,18,0.025424999999999906,0.9800000000000001,9,16,127.56612266716547
bSCSO-OBL,Zoo,19,0.03407500000000002,0.97,7,16,128.96006004116498
bSCSO-OBL,Zoo,20,0.01615000000000001,0.99,10,16,127.58767658402212
bSCSO-OBL,Zoo,21,0.0323535714285713,0.9704761904761906,5,16,127.86495475005358
bSCSO-OBL,Zoo,22,0.01615000000000001,0.99,10,16,127.0495195419062
bSCSO-OBL,Zoo,23,0.025424999999999906,0.9800000000000001,9,16,129.36882658302784
bSCSO-OBL,Zoo,24,0.026049999999999907,0.9800000000000001,10,16,129.90252475021407
bSCSO-OBL,Zoo,25,0.01615000000000001,0.99,10,16,130.00112054217607
bSCSO-OBL,Zoo,26,0.026049999999999907,0.9800000000000001,10,16,128.14372016699053
bSCSO-OBL,Zoo,27,0.023078571428571403,0.9804761904761905,6,16,128.36634283303283
bSCSO-OBL,Zoo,28,0.026049999999999907,0.9800000000000001,10,16,128.25514916703105
bSCSO-OBL,Zoo,29,0.022924999999999907,0.9800000000000001,5,16,129.1607719999738
bSCSO-OBL,WaveformEW,25,0.1919640000000001,0.8113999999999999,21,40,2950.3238777501974
bSCSO-OBL,WaveformEW,24,0.19423600000000002,0.8086,19,40,2960.5235154170077
bSCSO-OBL,WaveformEW,26,0.19335000000000005,0.8099999999999999,21,40,2795.943728500046
bSCSO-OBL,WaveformEW,29,0.19552799999999992,0.8078000000000001,21,40,2613.542829333106
bSCSO-OBL,WaveformEW,27,0.195434,0.8084,23,40,2708.7101490420755
bSCSO-OBL,WaveformEW,28,0.19829999999999995,0.805,21,40,2677.614265459124
