sweep,value,config_tag,dataset,run_id,fitness,accuracy,n_selected_features,runtime_seconds
gamma,0.0,final,Zoo,3,0.024328571428571404,0.9804761904761905,8,230.33962458302267
gamma,0.0,final,Zoo,7,0.024953571428571512,0.9804761904761904,9,230.23674729187042
gamma,0.0,final,Zoo,4,0.023078571428571514,0.9804761904761904,6,230.38531466689892
gamma,0.0,final,Zoo,1,0.022924999999999907,0.9800000000000001,5,230.66679950011894
gamma,0.0,final,Zoo,6,0.023549999999999908,0.9800000000000001,6,230.63577341707423
gamma,0.0,final,Zoo,2,0.026049999999999907,0.9800000000000001,10,230.79020408401266
gamma,0.0,final,Zoo,5,0.025424999999999906,0.9800000000000001,9,231.02100587519817
gamma,0.0,final,Zoo,0,0.025424999999999906,0.9800000000000001,9,232.1284256670624
gamma,0.0,final,Zoo,9,0.03532500000000002,0.97,9,138.19575783307664
gamma,0.0,final,Zoo,8,0.02417499999999991,0.9800000000000001,7,138.68755454104394
gamma,0.0,final,Sonar,1,0.08954703832752618,0.913588850174216,24,412.979341249913
gamma,0.0,final,Sonar,3,0.10491986062717774,0.8990708478513356,30,413.475971915992
gamma,0.0,final,Sonar,0,0.11906271777003483,0.8847851335656214,30,413.8970053330995
gamma,0.0,final,Sonar,2,0.0940946573751452,0.9088269454123112,23,413.6590856248513
gamma,0.0,final,Sonar,4,0.10867421602787461,0.894773519163763,27,413.7598925840575
gamma,0.0,final,Sonar,5,0.12777293844367013,0.8751451800232288,25,413.55815712502226
gamma,0.0,final,Sonar,7,0.13226887340301982,0.8702671312427409,23,413.8852973750327
gamma,0.0,final,Sonar,6,0.10010220673635317,0.9036004645760742,28,415.8719042921439
gamma,0.0,final,Sonar,8,0.10353484320557498,0.8989547038327526,21,443.84149174997583
gamma,0.0,final,Sonar,9,0.12945121951219515,0.8747967479674796,33,444.2284179169219
gamma,0.0,final,ColonCancer,0,0.14975230769230774,0.8538461538461538,1012,466.861998291919
gamma,0.0,final,ColonCancer,1,0.2117846153846153,0.7910256410256411,980,466.9424169168342
gamma,0.0,final,ColonCancer,2,0.11911576923076915,0.8846153846153847,977,466.90749891707674
gamma,0.0,final,ColonCancer,3,0.1788046153846153,0.8243589743589744,984,467.5848342909012
gamma,0.0,final,ColonCancer,4,0.13420153846153832,0.8692307692307694,948,454.9387779170647
gamma,0.0,final,ColonCancer,5,0.21054538461538452,0.7923076923076924,986,455.93610808299854
gamma,0.25,final,Zoo,0,0.026049999999999907,0.9800000000000001,10,148.47317195800133
gamma,0.25,final,Zoo,1,0.025424999999999906,0.9800000000000001,9,150.54466787492856
gamma,0.25,final,Zoo,2,0.022924999999999907,0.9800000000000001,5,168.06359275011346
gamma,0.25,final,Zoo,3,0.022453571428571403,0.9804761904761905,5,168.29049070901237
gamma,0.25,final,Zoo,4,0.025578571428571513,0.9804761904761904,10,168.69903979217634
gamma,0.25,final,Zoo,5,0.02417499999999991,0.9800000000000001,7,170.86549470899627
gamma,0.0,final,ColonCancer,6,0.14957230769230773,0.8538461538461538,976,419.1485635410063
gamma,0.0,final,ColonCancer,7,0.13066884615384625,0.873076923076923,1003,420.76411400013603
gamma,0.0,final,ColonCancer,8,0.14586961538461543,0.8576923076923076,997,416.51201633294113
gamma,0.0,final,ColonCancer,9,0.1649480769230769,0.8384615384615385,1005,417.4545628328342
gamma,0.25,final,Zoo,6,0.022924999999999907,0.9800000000000001,5,165.94518762500957
gamma,0.25,final,Zoo,7,0.025578571428571402,0.9804761904761905,10,166.6968274579849
gamma,0.25,final,Zoo,8,0.02479999999999991,0.9800000000000001,8,162.38876779098064
gamma,0.25,final,Zoo,9,0.022924999999999907,0.9800000000000001,5,162.80138279194944
gamma,0.25,final,Sonar,0,0.12189198606271776,0.8799070847851336,18,400.53231112495996
gamma,0.25,final,Sonar,1,0.11296341463414637,0.8894308943089431,21,402.1685571249109
gamma,0.25,final,Sonar,2,0.09303135888501742,0.9090592334494774,18,404.1419935829472
gamma,0.25,final,Sonar,3,0.0991538908246226,0.9037166085946573,23,404.86140129202977
gamma,0.25,final,Sonar,4,0.11661440185830425,0.8849012775842044,16,408.51776058296673
gamma,0.25,final,Sonar,5,0.123006968641115,0.8797909407665505,24,412.05747929099016
gamma,0.25,final,Sonar,6,0.10903077816492457,0.8940766550522647,25,415.79334200010635
gamma,0.25,final,Sonar,7,0.12649128919860633,0.8752613240418118,18,418.3993553330656
gamma,0.25,final,Sonar,8,0.10420150987224164,0.8989547038327526,25,434.067685832968
gamma,0.25,final,Sonar,9,0.11284843205574914,0.8895470383275261,21,434.9989823328797
gamma,0.25,final,ColonCancer,0,0.13304653846153855,0.8692307692307691,717,458.04847533395514
gamma,0.25,final,ColonCancer,1,0.17897384615384618,0.823076923076923,764,458.318611582974
gamma,0.25,final,ColonCancer,2,0.10158076923076922,0.9012820512820513,770,458.3605669999961
gamma,0.25,final,ColonCancer,3,0.14583884615384618,0.8564102564102564,737,459.3160689161159
gamma,0.25,final,ColonCancer,4,0.1168265384615384,0.885897435897436,773,459.38562187482603
gamma,0.25,final,ColonCancer,5,0.1791488461538462,0.823076923076923,799,459.02731116698124
gamma,0.5,final,Zoo,0,0.025424999999999906,0.9800000000000001,9,161.90117475017905
umr_k,8.0,final,Zoo,0,0.025424999999999906,0.9800000000000001,9,161.90117475017905
gamma,0.5,final,Zoo,1,0.025424999999999906,0.9800000000000001,9,163.00640354095958
umr_k,8.0,final,Zoo,1,0.025424999999999906,0.9800000000000001,9,163.00640354095958
gamma,0.5,final,Zoo,2,0.01677500000000001,0.99,11,165.3894087499939
umr_k,8.0,final,Zoo,2,0.01677500000000001,0.99,11,165.3894087499939
gamma,0.5,final,Zoo,3,0.0249535714285714,0.9804761904761905,9,167.98468325007707
umr_k,8.0,final,Zoo,3,0.0249535714285714,0.9804761904761905,9,167.98468325007707
gamma,0.25,final,ColonCancer,6,0.13320653846153854,0.8692307692307691,749,420.62944162497297
gamma,0.25,final,ColonCancer,7,0.1128588461538461,0.8897435897435898,741,420.6225651248824
gamma,0.5,final,Zoo,4,0.022453571428571514,0.9804761904761904,5,171.71727954084054
umr_k,8.0,final,Zoo,4,0.022453571428571514,0.9804761904761904,5,171.71727954084054
gamma,0.5,final,Zoo,5,0.02417499999999991,0.9800000000000001,7,172.0820351659786
umr_k,8.0,final,Zoo,5,0.02417499999999991,0.9800000000000001,7,172.0820351659786
gamma,0.5,final,Zoo,6,0.023549999999999908,0.9800000000000001,6,174.05729729193263
umr_k,8.0,final,Zoo,6,0.023549999999999908,0.9800000000000001,6,174.05729729193263
gamma,0.25,final,ColonCancer,8,0.12954384615384626,0.873076923076923,778,422.63195166690275
gamma,0.25,final,ColonCancer,9,0.14728307692307696,0.8551282051282051,772,422.455303540919
gamma,0.5,final,Zoo,7,0.022453571428571403,0.9804761904761905,5,176.11037887493148
umr_k,8.0,final,Zoo,7,0.022453571428571403,0.9804761904761905,5,176.11037887493148
gamma,0.5,final,Zoo,8,0.022924999999999907,0.9800000000000001,5,161.97694466705434
umr_k,8.0,final,Zoo,8,0.022924999999999907,0.9800000000000001,5,161.97694466705434
gamma,0.5,final,Zoo,9,0.022924999999999907,0.9800000000000001,5,161.25683937501162
umr_k,8.0,final,Zoo,9,0.022924999999999907,0.9800000000000001,5,161.25683937501162
gamma,0.5,final,Sonar,4,0.11651103368176541,0.8846689895470383,14,310.10976400016807
umr_k,8.0,final,Sonar,4,0.11651103368176541,0.8846689895470383,14,310.10976400016807
gamma,0.5,final,Sonar,0,0.11784436701509873,0.8846689895470383,22,356.0647815831471
umr_k,8.0,final,Sonar,0,0.11784436701509873,0.8846689895470383,22,356.0647815831471
gamma,0.5,final,Sonar,1,0.10824912891986067,0.8941927990708478,21,352.7931812501047
umr_k,8.0,final,Sonar,1,0.10824912891986067,0.8941927990708478,21,352.7931812501047
gamma,0.5,final,Sonar,2,0.1120150987224158,0.8895470383275261,16,338.1101148747839
umr_k,8.0,final,Sonar,2,0.1120150987224158,0.8895470383275261,16,338.1101148747839
gamma,0.5,final,Sonar,3,0.09860220673635317,0.9036004645760742,19,367.9274915000424
umr_k,8.0,final,Sonar,3,0.09860220673635317,0.9036004645760742,19,367.9274915000424
gamma,0.5,final,Sonar,5,0.10785249709639953,0.8944250871080139,20,369.30912783392705
umr_k,8.0,final,Sonar,5,0.10785249709639953,0.8944250871080139,20,369.30912783392705
gamma,0.5,final,Sonar,6,0.09793554006968651,0.9036004645760742,15,366.8066466660239
umr_k,8.0,final,Sonar,6,0.09793554006968651,0.9036004645760742,15,366.8066466660239
gamma,0.5,final,Sonar,7,0.10313821138211383,0.8991869918699187,20,376.3304646250326
umr_k,8.0,final,Sonar,7,0.10313821138211383,0.8991869918699187,20,376.3304646250326
gamma,0.5,final,Sonar,8,0.0981538908246226,0.9037166085946573,17,366.6403969579842
umr_k,8.0,final,Sonar,8,0.0981538908246226,0.9037166085946573,17,366.6403969579842
gamma,0.5,final,Sonar,9,0.1121416957026714,0.8890824622531939,14,365.6335842499975
umr_k,8.0,final,Sonar,9,0.1121416957026714,0.8890824622531939,14,365.6335842499975
gamma,0.5,final,ColonCancer,0,0.11570653846153839,0.885897435897436,549,459.50466062501073
umr_k,8.0,final,ColonCancer,0,0.11570653846153839,0.885897435897436,549,459.50466062501073
gamma,0.5,final,ColonCancer,1,0.16157384615384615,0.8397435897435898,584,459.88244195794687
umr_k,8.0,final,ColonCancer,1,0.16157384615384615,0.8397435897435898,584,459.88244195794687
gamma,0.5,final,ColonCancer,2,0.08401076923076928,0.9179487179487179,556,457.15423358394764
umr_k,8.0,final,ColonCancer,2,0.08401076923076928,0.9179487179487179,556,457.15423358394764
gamma,0.5,final,ColonCancer,3,0.12850884615384625,0.873076923076923,571,456.8892557080835
umr_k,8.0,final,ColonCancer,3,0.12850884615384625,0.873076923076923,571,456.8892557080835
gamma,0.5,final,ColonCancer,4,0.10053576923076922,0.9012820512820513,561,444.1035492499359
umr_k,8.0,final,ColonCancer,4,0.10053576923076922,0.9012820512820513,561,444.1035492499359
gamma,0.5,final,ColonCancer,5,0.14621307692307695,0.8551282051282051,558,442.5634030420333
umr_k,8.0,final,ColonCancer,5,0.14621307692307695,0.8551282051282051,558,442.5634030420333
gamma,0.75,final,Zoo,0,0.025424999999999906,0.9800000000000001,9,151.88679362484254
gamma,0.75,final,Zoo,1,0.025424999999999906,0.9800000000000001,9,155.45419499999844
gamma,0.75,final,Zoo,2,0.022924999999999907,0.9800000000000001,5,174.95020624995232
gamma,0.75,final,Zoo,3,0.022453571428571403,0.9804761904761905,5,178.65706187509932
gamma,0.5,final,ColonCancer,7,0.09545384615384615,0.9064102564102564,560,445.3994962910656
umr_k,8.0,final,ColonCancer,7,0.09545384615384615,0.9064102564102564,560,445.3994962910656
gamma,0.5,final,ColonCancer,6,0.11465230769230762,0.8871794871794872,592,447.22678012494
umr_k,8.0,final,ColonCancer,6,0.11465230769230762,0.8871794871794872,592,447.22678012494
gamma,0.75,final,Zoo,4,0.022453571428571514,0.9804761904761904,5,185.90353229199536
gamma,0.75,final,Zoo,5,0.02417499999999991,0.9800000000000001,7,188.81316816690378
gamma,0.5,final,ColonCancer,8,0.12830384615384627,0.873076923076923,530,452.31518695806153
umr_k,8.0,final,ColonCancer,8,0.12830384615384627,0.873076923076923,530,452.31518695806153
gamma,0.5,final,ColonCancer,9,0.1158365384615384,0.885897435897436,575,456.63405929110013
umr_k,8.0,final,ColonCancer,9,0.1158365384615384,0.885897435897436,575,456.63405929110013
gamma,0.75,final,Zoo,6,0.022924999999999907,0.9800000000000001,5,191.17323345900513
gamma,0.75,final,Zoo,7,0.022453571428571403,0.9804761904761905,5,192.29106279206462
gamma,0.75,final,Zoo,8,0.022924999999999907,0.9800000000000001,5,194.04487404087558
gamma,0.75,final,Zoo,9,0.022924999999999907,0.9800000000000001,5,194.75579216703773
gamma,0.75,final,Sonar,0,0.09742392566782815,0.9039488966318234,14,254.90997549984604
gamma,0.75,final,Sonar,1,0.09310627177700358,0.908478513356562,15,270.8462838327978
gamma,0.75,final,Sonar,2,0.1165743321718932,0.8844367015098722,13,248.5045795419719
gamma,0.75,final,Sonar,4,0.11624099883855987,0.8844367015098722,11,251.81449395907111
gamma,0.75,final,Sonar,3,0.11280836236933807,0.8890824622531939,18,322.5828376659192
gamma,0.75,final,Sonar,7,0.11555110336817657,0.8851335656213705,11,248.9554602918215
gamma,0.75,final,Sonar,5,0.12167363530778166,0.8797909407665505,16,282.58373324992135
gamma,0.75,final,Sonar,6,0.09242799070847854,0.9088269454123112,13,291.13267445890233
gamma,0.75,final,Sonar,8,0.10231649245063887,0.8988385598141695,13,229.69940187502652
gamma,0.75,final,Sonar,9,0.12113356562137059,0.8793263646922183,10,220.96745912497863
gamma,0.75,final,ColonCancer,0,0.0816915384615385,0.9192307692307692,346,442.3381877921056
gamma,0.75,final,ColonCancer,1,0.11332730769230762,0.8871794871794872,327,427.0638480000198
gamma,0.75,final,ColonCancer,3,0.08032730769230774,0.9205128205128205,327,427.44631683290936
gamma,0.75,final,ColonCancer,2,0.06650576923076922,0.9346153846153846,355,427.6743334159255
gamma,0.75,final,ColonCancer,4,0.08290076923076928,0.9179487179487179,334,427.91117741703056
gamma,0.75,final,ColonCancer,5,0.1146715384615384,0.885897435897436,342,425.0227382921148
gamma,0.75,final,ColonCancer,6,0.0817765384615384,0.9192307692307693,363,424.2011358749587
gamma,0.75,final,ColonCancer,7,0.07901807692307687,0.9217948717948719,319,423.78129779198207
gamma,1.0,final,Zoo,0,0.025424999999999906,0.9800000000000001,9,163.0810713749379
gamma,1.0,final,Zoo,1,0.022924999999999907,0.9800000000000001,5,163.2172238328494
gamma,1.0,final,Zoo,2,0.022924999999999907,0.9800000000000001,5,168.58120695897378
gamma,1.0,final,Zoo,3,0.022453571428571403,0.9804761904761905,5,171.7078767500352
gamma,1.0,final,Zoo,4,0.022453571428571514,0.9804761904761904,5,177.2480376251042
gamma,1.0,final,Zoo,5,0.02417499999999991,0.9800000000000001,7,181.0825362498872
gamma,0.75,final,ColonCancer,8,0.09565307692307691,0.9051282051282051,346,403.93416541605256
gamma,1.0,final,Zoo,7,0.022453571428571403,0.9804761904761905,5,176.40575333405286
gamma,1.0,final,Zoo,6,0.022924999999999907,0.9800000000000001,5,178.23380854097195
gamma,1.0,final,Zoo,8,0.03282500000000003,0.97,5,176.94307662500069
gamma,0.75,final,ColonCancer,9,0.0816215384615385,0.9192307692307692,332,405.0081215829123
gamma,1.0,final,Zoo,9,0.022924999999999907,0.9800000000000001,5,176.23147329199128
gamma,1.0,final,Sonar,0,0.13849477351916378,0.8651567944250871,30,260.2323314589448
gamma,1.0,final,Sonar,1,0.10841579558652734,0.8941927990708478,22,264.8649863752071
gamma,1.0,final,Sonar,2,0.12105865272938442,0.8799070847851336,13,212.4623152089771
gamma,1.0,final,Sonar,4,0.1343281068524971,0.8651567944250871,5,214.77853129198775
gamma,1.0,final,Sonar,7,0.13863414634146343,0.8609756097560975,6,209.9262775410898
gamma,1.0,final,Sonar,3,0.1125150987224158,0.8895470383275261,19,263.03981762495823
gamma,1.0,final,Sonar,5,0.14591173054587692,0.8559814169570267,20,260.06719679082744
gamma,1.0,final,Sonar,6,0.11538327526132401,0.8885017421602788,30,261.16549245803617
gamma,1.0,final,Sonar,9,0.12972880371660864,0.8698025551684088,5,182.10147608397529
gamma,1.0,final,Sonar,8,0.13055052264808362,0.870150987224158,12,227.47837912500836
gamma,1.0,final,ColonCancer,0,0.0805015384615384,0.9192307692307693,108,405.73519437504
gamma,1.0,final,ColonCancer,1,0.07929730769230774,0.9205128205128205,121,406.1806566659361
gamma,1.0,final,ColonCancer,2,0.06536076923076922,0.9346153846153846,126,406.4173333339859
gamma,1.0,final,ColonCancer,3,0.06402653846153845,0.9358974358974359,113,407.4243691249285
gamma,1.0,final,ColonCancer,4,0.0806815384615384,0.9192307692307693,144,406.6193337920122
gamma,1.0,final,ColonCancer,5,0.08188076923076916,0.917948717948718,130,404.8189514160622
gamma,1.0,final,ColonCancer,6,0.06532576923076922,0.9346153846153846,119,395.5800057919696
gamma,1.0,final,ColonCancer,7,0.06276230769230769,0.9371794871794872,114,393.0622601250652
umr_k,2.0,final,Zoo,0,0.026049999999999907,0.9800000000000001,10,152.71303187520243
umr_k,2.0,final,Zoo,1,0.01677500000000001,0.99,11,155.17706675012596
umr_k,2.0,final,Zoo,2,0.022924999999999907,0.9800000000000001,5,162.67059858422726
umr_k,2.0,final,Zoo,3,0.022453571428571403,0.9804761904761905,5,165.7746621670667
umr_k,2.0,final,Zoo,4,0.03250714285714291,0.9709523809523809,6,181.55667470907792
umr_k,2.0,final,Zoo,5,0.03282500000000003,0.97,5,181.6568475421518
umr_k,2.0,final,Zoo,6,0.023549999999999908,0.9800000000000001,6,180.2054890829604
gamma,1.0,final,ColonCancer,8,0.06402153846153846,0.9358974358974359,112,389.7923491669353
umr_k,2.0,final,Zoo,7,0.022453571428571403,0.9804761904761905,5,178.82094654184766
gamma,1.0,final,ColonCancer,9,0.06410153846153846,0.9358974358974359,128,389.1564034160692
umr_k,2.0,final,Zoo,8,0.022924999999999907,0.9800000000000001,5,174.5652889998164
umr_k,2.0,final,Zoo,9,0.022924999999999907,0.9800000000000001,5,171.91482470789924
umr_k,2.0,final,Sonar,0,0.11152671312427417,0.8891986062717769,11,326.5488300421275
umr_k,2.0,final,Sonar,1,0.10658246225319401,0.8941927990708478,11,333.50621445919387
umr_k,2.0,final,Sonar,2,0.10657084785133573,0.8945412311265969,13,325.7304609580897
umr_k,2.0,final,Sonar,3,0.09692392566782815,0.9039488966318234,11,320.36003879085183
umr_k,2.0,final,Sonar,4,0.1126416957026714,0.8890824622531939,17,333.06181137496606
umr_k,2.0,final,Sonar,5,0.11252671312427416,0.8891986062717769,17,339.7743476249743
umr_k,2.0,final,Sonar,6,0.0982171893147504,0.9034843205574912,16,339.88741850014776
umr_k,2.0,final,Sonar,7,0.11662601626016264,0.8845528455284553,14,331.27641391707584
umr_k,2.0,final,Sonar,8,0.0981538908246226,0.9037166085946573,17,334.59786112513393
umr_k,2.0,final,Sonar,9,0.11219337979094084,0.8891986062717769,15,332.2073916248046
umr_k,2.0,final,ColonCancer,0,0.11568153846153839,0.885897435897436,544,444.30493933311664
umr_k,2.0,final,ColonCancer,1,0.1627330769230769,0.8384615384615385,562,445.9016692498699
umr_k,2.0,final,ColonCancer,2,0.08401576923076927,0.9179487179487179,557,447.2328976672143
umr_k,2.0,final,ColonCancer,3,0.12852384615384627,0.873076923076923,574,446.3953948749695
umr_k,2.0,final,ColonCancer,4,0.10054076923076923,0.9012820512820513,562,444.87935316585936
umr_k,2.0,final,ColonCancer,5,0.16131384615384614,0.8397435897435898,532,443.657745791832
umr_k,4.0,final,Zoo,0,0.025424999999999906,0.9800000000000001,9,159.18524845899083
umr_k,4.0,final,Zoo,1,0.01677500000000001,0.99,11,162.86771783279255
umr_k,4.0,final,Zoo,2,0.022924999999999907,0.9800000000000001,5,163.69955858308822
umr_k,4.0,final,Zoo,3,0.0249535714285714,0.9804761904761905,9,165.35935600008816
umr_k,2.0,final,ColonCancer,6,0.11465230769230762,0.8871794871794872,592,404.83850770792924
umr_k,2.0,final,ColonCancer,7,0.09545884615384616,0.9064102564102564,561,401.86453483300284
umr_k,4.0,final,Zoo,4,0.022453571428571514,0.9804761904761904,5,176.18975483393297
umr_k,4.0,final,Zoo,5,0.03282500000000003,0.97,5,179.42774399998598
umr_k,4.0,final,Zoo,6,0.023549999999999908,0.9800000000000001,6,179.5315493750386
umr_k,4.0,final,Zoo,7,0.022453571428571403,0.9804761904761905,5,178.33028124994598
umr_k,2.0,final,ColonCancer,8,0.11311807692307686,0.8884615384615385,539,393.6152513329871
umr_k,2.0,final,ColonCancer,9,0.11585653846153839,0.885897435897436,579,394.02853666595183
umr_k,4.0,final,Zoo,8,0.022924999999999907,0.9800000000000001,5,175.45455170888454
umr_k,4.0,final,Zoo,9,0.03282500000000003,0.97,5,171.33488808292896
umr_k,4.0,final,Sonar,0,0.11745934959349597,0.8845528455284553,19,351.46499425009824
umr_k,4.0,final,Sonar,3,0.10708246225319401,0.8941927990708478,14,336.58130266703665
umr_k,4.0,final,Sonar,1,0.11784436701509873,0.8846689895470383,22,352.999980624998
umr_k,4.0,final,Sonar,2,0.10657084785133573,0.8945412311265969,13,344.538781167008
umr_k,4.0,final,Sonar,4,0.1078641114982579,0.8940766550522647,18,356.5623923749663
umr_k,4.0,final,Sonar,5,0.1170110336817654,0.8846689895470383,17,357.9118931670673
umr_k,4.0,final,Sonar,6,0.0982171893147504,0.9034843205574912,16,363.3025563340634
umr_k,4.0,final,Sonar,7,0.11678106852497092,0.8849012775842044,17,352.8105371668935
umr_k,4.0,final,Sonar,8,0.0981538908246226,0.9037166085946573,17,343.15960012516007
umr_k,4.0,final,Sonar,9,0.10310975609756091,0.8983739837398375,15,334.0310016658623
umr_k,4.0,final,ColonCancer,0,0.11571653846153838,0.885897435897436,551,445.8785829159897
umr_k,4.0,final,ColonCancer,1,0.14624307692307695,0.8551282051282051,564,444.3474262920208
umr_k,4.0,final,ColonCancer,2,0.08401576923076927,0.9179487179487179,557,445.2414612499997
umr_k,4.0,final,ColonCancer,3,0.12851884615384626,0.873076923076923,573,446.6882190830074
umr_k,4.0,final,ColonCancer,4,0.10054076923076923,0.9012820512820513,562,447.4011943337973
umr_k,4.0,final,ColonCancer,5,0.14621307692307695,0.8551282051282051,558,447.72103875014
umr_k,12.0,final,Zoo,0,0.025424999999999906,0.9800000000000001,9,175.74246483296156
umr_k,12.0,final,Zoo,1,0.025424999999999906,0.9800000000000001,9,177.34614970814437
umr_k,12.0,final,Zoo,2,0.01615000000000001,0.99,10,184.64430516702123
umr_k,12.0,final,Zoo,3,0.026203571428571402,0.9804761904761905,11,183.92824575002305
umr_k,4.0,final,ColonCancer,6,0.11465230769230762,0.8871794871794872,592,431.7101827498991
umr_k,4.0,final,ColonCancer,7,0.09545884615384616,0.9064102564102564,561,429.6877478330862
umr_k,12.0,final,Zoo,4,0.022453571428571514,0.9804761904761904,5,190.70479308301583
umr_k,12.0,final,Zoo,5,0.02417499999999991,0.9800000000000001,7,189.38093566708267
umr_k,4.0,final,ColonCancer,8,0.11311307692307686,0.8884615384615385,538,435.81481962511316
umr_k,4.0,final,ColonCancer,9,0.11584653846153839,0.885897435897436,577,435.0696014580317
umr_k,12.0,final,Zoo,6,0.023549999999999908,0.9800000000000001,6,191.3711089999415
umr_k,12.0,final,Zoo,7,0.025578571428571402,0.9804761904761905,10,190.5267415838316
umr_k,12.0,final,Zoo,8,0.022924999999999907,0.9800000000000001,5,186.0572212501429
umr_k,12.0,final,Zoo,9,0.01615000000000001,0.99,10,184.16164537495933
umr_k,12.0,final,Sonar,4,0.11651103368176541,0.8846689895470383,14,286.3178755841218
umr_k,12.0,final,Sonar,0,0.11784436701509873,0.8846689895470383,22,344.47242612508126
umr_k,12.0,final,Sonar,1,0.11667770034843207,0.8846689895470383,15,348.2360191659536
umr_k,12.0,final,Sonar,2,0.1120150987224158,0.8895470383275261,16,324.8187495409511
umr_k,12.0,final,Sonar,3,0.08950696864111511,0.9131242740998837,21,353.2123109579552
umr_k,12.0,final,Sonar,5,0.11789605110336815,0.8847851335656214,23,352.7105202078819
umr_k,12.0,final,Sonar,6,0.0987171893147504,0.9034843205574912,19,339.8857354160864
umr_k,12.0,final,Sonar,7,0.10313821138211383,0.8991869918699187,20,352.83783287508413
umr_k,12.0,final,Sonar,8,0.0981538908246226,0.9037166085946573,17,336.86514183320105
umr_k,12.0,final,Sonar,9,0.1128600464576075,0.8891986062717769,19,361.831707125064
umr_k,12.0,final,ColonCancer,0,0.11569653846153839,0.885897435897436,547,420.5263335001655
umr_k,12.0,final,ColonCancer,1,0.16156384615384614,0.8397435897435898,582,421.1716273750644
umr_k,12.0,final,ColonCancer,2,0.08400576923076927,0.9179487179487179,555,422.1747391251847
umr_k,12.0,final,ColonCancer,3,0.12849884615384624,0.873076923076923,569,423.2634131249506
umr_k,12.0,final,ColonCancer,4,0.10053576923076922,0.9012820512820513,561,419.635364666814
umr_k,12.0,final,ColonCancer,5,0.14621307692307695,0.8551282051282051,558,415.4485360418912
umr_k,16.0,final,Zoo,0,0.025424999999999906,0.9800000000000001,9,152.6945874169469
umr_k,16.0,final,Zoo,1,0.02479999999999991,0.9800000000000001,8,154.80294466693886
umr_k,16.0,final,Zoo,2,0.01615000000000001,0.99,10,160.5002305000089
umr_k,16.0,final,Zoo,3,0.025578571428571402,0.9804761904761905,10,162.01756524993107
umr_k,12.0,final,ColonCancer,6,0.11464730769230762,0.8871794871794872,591,390.77628962509334
umr_k,12.0,final,ColonCancer,7,0.09663807692307691,0.9051282051282051,543,385.69490791717544
umr_k,16.0,final,Zoo,4,0.022453571428571514,0.9804761904761904,5,169.75367350014858
umr_k,12.0,final,ColonCancer,8,0.12829884615384626,0.873076923076923,529,380.1945480830036
umr_k,16.0,final,Zoo,5,0.02417499999999991,0.9800000000000001,7,170.5822892920114
umr_k,12.0,final,ColonCancer,9,0.11462730769230761,0.8871794871794872,587,380.23096354096197
umr_k,16.0,final,Zoo,6,0.022924999999999907,0.9800000000000001,5,170.5903041670099
umr_k,16.0,final,Zoo,7,0.025578571428571402,0.9804761904761905,10,171.3966604580637
umr_k,16.0,final,Zoo,8,0.022924999999999907,0.9800000000000001,5,169.76246229209937
umr_k,16.0,final,Zoo,9,0.03282500000000003,0.97,5,165.3436886658892
umr_k,16.0,final,Sonar,4,0.11651103368176541,0.8846689895470383,14,279.65927195805125
umr_k,16.0,final,Sonar,1,0.11156678281068523,0.8896631823461092,14,320.92937900009565
umr_k,16.0,final,Sonar,2,0.11661440185830425,0.8849012775842044,16,335.2793126250617
umr_k,16.0,final,Sonar,0,0.11784436701509873,0.8846689895470383,22,351.14432270801626
umr_k,16.0,final,Sonar,3,0.08950696864111511,0.9131242740998837,21,358.8745429168921
umr_k,16.0,final,Sonar,5,0.11740766550522654,0.8844367015098722,18,358.38902316684835
umr_k,16.0,final,Sonar,7,0.11644773519163759,0.8849012775842044,15,331.0966028338298
umr_k,16.0,final,Sonar,6,0.0987171893147504,0.9034843205574912,19,359.5019697500393
umr_k,16.0,final,Sonar,8,0.0981538908246226,0.9037166085946573,17,356.13971504196525
umr_k,16.0,final,Sonar,9,0.1128600464576075,0.8891986062717769,19,360.2827035828959
umr_k,16.0,final,ColonCancer,0,0.11569653846153839,0.885897435897436,547,435.21727899997495
umr_k,16.0,final,ColonCancer,1,0.16155884615384614,0.8397435897435898,581,434.3628145828843
umr_k,16.0,final,ColonCancer,2,0.08400576923076927,0.9179487179487179,555,435.5798116668593
umr_k,16.0,final,ColonCancer,3,0.12848884615384626,0.873076923076923,567,433.45343116717413
umr_k,16.0,final,ColonCancer,4,0.10053076923076922,0.9012820512820513,560,430.2635860829614
umr_k,16.0,final,ColonCancer,5,0.14621307692307695,0.8551282051282051,558,431.21318383305334
ema_lambda,0.7,orl,Zoo,0,0.025424999999999906,0.9800000000000001,9,151.45467441692017
ema_lambda,0.7,orl,Zoo,1,0.01615000000000001,0.99,10,157.71936304098926
ema_lambda,0.7,orl,Zoo,2,0.026049999999999907,0.9800000000000001,10,161.2825545000378
ema_lambda,0.7,orl,Zoo,3,0.022453571428571403,0.9804761904761905,5,164.107911542058
umr_k,16.0,final,ColonCancer,6,0.11454230769230762,0.8871794871794872,570,392.4332319998648
umr_k,16.0,final,ColonCancer,7,0.09663307692307692,0.9051282051282051,542,389.7149041669909
ema_lambda,0.7,orl,Zoo,4,0.022453571428571514,0.9804761904761904,5,171.21712612500414
umr_k,16.0,final,ColonCancer,8,0.12828884615384625,0.873076923076923,527,381.69300179206766
umr_k,16.0,final,ColonCancer,9,0.1298530769230768,0.8717948717948719,586,381.6072809579782
ema_lambda,0.7,orl,Zoo,5,0.02417499999999991,0.9800000000000001,7,174.00408987491392
ema_lambda,0.7,orl,Zoo,6,0.022924999999999907,0.9800000000000001,5,173.66200891695917
ema_lambda,0.7,orl,Zoo,7,0.0249535714285714,0.9804761904761905,9,177.06573875015602
ema_lambda,0.7,orl,Zoo,8,0.022924999999999907,0.9800000000000001,5,172.62692370801233
ema_lambda,0.7,orl,Zoo,9,0.023549999999999908,0.9800000000000001,6,172.66085062501952
ema_lambda,0.7,orl,Sonar,0,0.12599128919860622,0.8752613240418119,15,349.4126773751341
ema_lambda,0.7,orl,Sonar,1,0.10713414634146344,0.8943089430894309,15,335.61285283393227
ema_lambda,0.7,orl,Sonar,2,0.10701916376306621,0.8944250871080139,15,335.9536860419903
ema_lambda,0.7,orl,Sonar,3,0.08961033681765397,0.9133565621370499,23,353.5802327909041
ema_lambda,0.7,orl,Sonar,4,0.0836660859465738,0.9183507549361207,17,347.19122137501836
ema_lambda,0.7,orl,Sonar,5,0.10797909407665514,0.8939605110336817,18,359.40449470910244
ema_lambda,0.7,orl,Sonar,6,0.07446747967479687,0.9276422764227641,17,339.13831187505275
ema_lambda,0.7,orl,Sonar,7,0.12161033681765385,0.8800232288037166,17,359.6229783340823
ema_lambda,0.7,orl,Sonar,9,0.08844367015098731,0.9133565621370499,16,344.5527607500553
ema_lambda,0.7,orl,Sonar,8,0.07933681765389088,0.9232288037166085,20,350.8671448749956
ema_lambda,0.7,orl,ColonCancer,0,0.09931153846153845,0.9025641025641026,570,436.81385975005105
ema_lambda,0.7,orl,ColonCancer,1,0.16147384615384613,0.8397435897435898,564,436.82077987492085
ema_lambda,0.7,orl,ColonCancer,2,0.08381076923076927,0.9179487179487179,516,436.06930079194717
ema_lambda,0.7,orl,ColonCancer,3,0.14387461538461543,0.8576923076923076,598,437.2286179999355
ema_lambda,0.7,orl,ColonCancer,4,0.09921153846153845,0.9025641025641026,550,436.783279000083
ema_lambda,0.7,orl,ColonCancer,5,0.16147384615384613,0.8397435897435898,564,433.1919726659544
ema_lambda,0.9,orl,Zoo,0,0.025424999999999906,0.9800000000000001,9,157.46068245894276
w_online,0.3,orl,Zoo,0,0.025424999999999906,0.9800000000000001,9,157.46068245894276
ema_lambda,0.9,orl,Zoo,2,0.022924999999999907,0.9800000000000001,5,163.8110823330935
w_online,0.3,orl,Zoo,2,0.022924999999999907,0.9800000000000001,5,163.8110823330935
ema_lambda,0.9,orl,Zoo,1,0.022924999999999907,0.9800000000000001,5,165.90538858389482
w_online,0.3,orl,Zoo,1,0.022924999999999907,0.9800000000000001,5,165.90538858389482
ema_lambda,0.9,orl,Zoo,3,0.022453571428571403,0.9804761904761905,5,166.22557008289732
w_online,0.3,orl,Zoo,3,0.022453571428571403,0.9804761904761905,5,166.22557008289732
ema_lambda,0.7,orl,ColonCancer,6,0.11456730769230762,0.8871794871794872,575,402.6394286660943
ema_lambda,0.7,orl,ColonCancer,7,0.09663307692307692,0.9051282051282051,542,402.9920572920237
ema_lambda,0.9,orl,Zoo,4,0.022453571428571514,0.9804761904761904,5,172.37655374989845
w_online,0.3,orl,Zoo,4,0.022453571428571514,0.9804761904761904,5,172.37655374989845
ema_lambda,0.7,orl,ColonCancer,8,0.11306307692307686,0.8884615384615385,528,393.60329200001433
ema_lambda,0.9,orl,Zoo,5,0.026049999999999907,0.9800000000000001,10,175.19912475021556
w_online,0.3,orl,Zoo,5,0.026049999999999907,0.9800000000000001,10,175.19912475021556
ema_lambda,0.9,orl,Zoo,6,0.022924999999999907,0.9800000000000001,5,176.17043833294883
w_online,0.3,orl,Zoo,6,0.022924999999999907,0.9800000000000001,5,176.17043833294883
ema_lambda,0.7,orl,ColonCancer,9,0.11442730769230762,0.8871794871794872,547,389.0464590829797
ema_lambda,0.9,orl,Zoo,7,0.025578571428571402,0.9804761904761905,10,173.05046454188414
w_online,0.3,orl,Zoo,7,0.025578571428571402,0.9804761904761905,10,173.05046454188414
ema_lambda,0.9,orl,Zoo,8,0.022924999999999907,0.9800000000000001,5,168.9504460839089
w_online,0.3,orl,Zoo,8,0.022924999999999907,0.9800000000000001,5,168.9504460839089
ema_lambda,0.9,orl,Zoo,9,0.023549999999999908,0.9800000000000001,6,170.28565162490122
w_online,0.3,orl,Zoo,9,0.023549999999999908,0.9800000000000001,6,170.28565162490122
ema_lambda,0.9,orl,Sonar,0,0.11774099883855986,0.8844367015098722,20,329.94032866694033
w_online,0.3,orl,Sonar,0,0.11774099883855986,0.8844367015098722,20,329.94032866694033
ema_lambda,0.9,orl,Sonar,1,0.09326132404181188,0.9088269454123112,18,346.9892814171035
w_online,0.3,orl,Sonar,1,0.09326132404181188,0.9088269454123112,18,346.9892814171035
ema_lambda,0.9,orl,Sonar,3,0.09270963995354245,0.9087108013937282,14,324.3282242498826
w_online,0.3,orl,Sonar,3,0.09270963995354245,0.9087108013937282,14,324.3282242498826
ema_lambda,0.9,orl,Sonar,4,0.11269337979094084,0.8891986062717769,18,322.9825328749139
w_online,0.3,orl,Sonar,4,0.11269337979094084,0.8891986062717769,18,322.9825328749139
ema_lambda,0.9,orl,Sonar,2,0.11246341463414637,0.8894308943089431,18,337.98075666697696
w_online,0.3,orl,Sonar,2,0.11246341463414637,0.8894308943089431,18,337.98075666697696
ema_lambda,0.9,orl,Sonar,5,0.10874912891986067,0.8941927990708478,24,347.8051272497978
w_online,0.3,orl,Sonar,5,0.10874912891986067,0.8941927990708478,24,347.8051272497978
ema_lambda,0.9,orl,Sonar,6,0.1054947735191639,0.8984901277584203,30,340.87321795895696
w_online,0.3,orl,Sonar,6,0.1054947735191639,0.8984901277584203,30,340.87321795895696
ema_lambda,0.9,orl,Sonar,7,0.1258763066202091,0.8753774680603948,15,368.36156454100274
w_online,0.3,orl,Sonar,7,0.1258763066202091,0.8753774680603948,15,368.36156454100274
ema_lambda,0.9,orl,Sonar,8,0.10781242740998846,0.8939605110336817,17,341.6167251660954
w_online,0.3,orl,Sonar,8,0.10781242740998846,0.8939605110336817,17,341.6167251660954
ema_lambda,0.9,orl,Sonar,9,0.08344773519163771,0.9182346109175377,15,332.8792981659062
w_online,0.3,orl,Sonar,9,0.08344773519163771,0.9182346109175377,15,332.8792981659062
ema_lambda,0.9,orl,ColonCancer,0,0.11592653846153839,0.885897435897436,593,432.54077366692945
w_online,0.3,orl,ColonCancer,0,0.11592653846153839,0.885897435897436,593,432.54077366692945
ema_lambda,0.9,orl,ColonCancer,1,0.162638076923077,0.8384615384615384,543,430.481541500194
w_online,0.3,orl,ColonCancer,1,0.162638076923077,0.8384615384615384,543,430.481541500194
ema_lambda,0.9,orl,ColonCancer,2,0.09934653846153844,0.9025641025641026,577,431.41911129211076
w_online,0.3,orl,ColonCancer,2,0.09934653846153844,0.9025641025641026,577,431.41911129211076
ema_lambda,0.9,orl,ColonCancer,3,0.12854884615384626,0.873076923076923,579,432.3638773341663
w_online,0.3,orl,ColonCancer,3,0.12854884615384626,0.873076923076923,579,432.3638773341663
ema_lambda,0.9,orl,ColonCancer,4,0.08400076923076916,0.917948717948718,554,431.4266045419499
w_online,0.3,orl,ColonCancer,4,0.08400076923076916,0.917948717948718,554,431.4266045419499
ema_lambda,0.9,orl,ColonCancer,5,0.14613307692307695,0.8551282051282051,542,430.72352279210463
w_online,0.3,orl,ColonCancer,5,0.14613307692307695,0.8551282051282051,542,430.72352279210463
ema_lambda,0.99,orl,Zoo,0,0.025424999999999906,0.9800000000000001,9,149.46107600000687
ema_lambda,0.99,orl,Zoo,1,0.025424999999999906,0.9800000000000001,9,156.88624966610223
ema_lambda,0.99,orl,Zoo,2,0.022924999999999907,0.9800000000000001,5,161.30020179203711
ema_lambda,0.99,orl,Zoo,3,0.024328571428571515,0.9804761904761904,8,163.92306062509306
ema_lambda,0.9,orl,ColonCancer,6,0.11436230769230762,0.8871794871794872,534,399.2242601250764
w_online,0.3,orl,ColonCancer,6,0.11436230769230762,0.8871794871794872,534,399.2242601250764
ema_lambda,0.9,orl,ColonCancer,7,0.09662307692307691,0.9051282051282051,540,396.2609477080405
w_online,0.3,orl,ColonCancer,7,0.09662307692307691,0.9051282051282051,540,396.2609477080405
ema_lambda,0.99,orl,Zoo,4,0.022453571428571514,0.9804761904761904,5,168.1113682091236
ema_lambda,0.99,orl,Zoo,5,0.02417499999999991,0.9800000000000001,7,170.72459854208864
ema_lambda,0.9,orl,ColonCancer,8,0.09806230769230768,0.9038461538461539,574,383.6423726249486
w_online,0.3,orl,ColonCancer,8,0.09806230769230768,0.9038461538461539,574,383.6423726249486
ema_lambda,0.9,orl,ColonCancer,9,0.11313307692307686,0.8884615384615385,542,382.92328962497413
w_online,0.3,orl,ColonCancer,9,0.11313307692307686,0.8884615384615385,542,382.92328962497413
ema_lambda,0.99,orl,Zoo,6,0.022924999999999907,0.9800000000000001,5,172.4598475000821
ema_lambda,0.99,orl,Zoo,7,0.025578571428571402,0.9804761904761905,10,169.90066170901991
ema_lambda,0.99,orl,Zoo,8,0.022924999999999907,0.9800000000000001,5,167.90448283287697
ema_lambda,0.99,orl,Zoo,9,0.01615000000000001,0.99,10,164.72914233291522
ema_lambda,0.99,orl,Sonar,0,0.0983722415795587,0.9038327526132404,19,334.3347448329441
ema_lambda,0.99,orl,Sonar,1,0.11274506387921027,0.88931475029036,19,336.9297951669432
ema_lambda,0.99,orl,Sonar,3,0.10753077816492457,0.8940766550522647,16,330.0987808338832
ema_lambda,0.99,orl,Sonar,2,0.1125783972125436,0.88931475029036,18,336.59909058292396
ema_lambda,0.99,orl,Sonar,4,0.07861846689895478,0.9231126596980255,15,320.3633715410251
ema_lambda,0.99,orl,Sonar,6,0.0883803716608595,0.913588850174216,17,345.26580508286133
ema_lambda,0.99,orl,Sonar,5,0.10285656213705004,0.8993031358885016,19,355.57292591710575
ema_lambda,0.99,orl,Sonar,7,0.1025232288037167,0.8993031358885016,17,344.7649937090464
ema_lambda,0.99,orl,Sonar,8,0.1030232288037166,0.8993031358885017,20,345.14723304100335
ema_lambda,0.99,orl,Sonar,9,0.10797909407665514,0.8939605110336817,18,349.5302267500665
ema_lambda,0.99,orl,ColonCancer,0,0.11584653846153839,0.885897435897436,577,435.6290280839894
ema_lambda,0.99,orl,ColonCancer,1,0.16394230769230766,0.8371794871794872,550,437.13978574983776
ema_lambda,0.99,orl,ColonCancer,2,0.08389076923076927,0.9179487179487179,532,437.5616007910576
ema_lambda,0.99,orl,ColonCancer,3,0.12841384615384627,0.873076923076923,552,431.6523009578232
ema_lambda,0.99,orl,ColonCancer,4,0.10046576923076922,0.9012820512820513,547,433.17004391714
ema_lambda,0.99,orl,ColonCancer,5,0.16142384615384614,0.8397435897435898,554,431.11948266695254
w_online,0.1,orl,Zoo,0,0.025424999999999906,0.9800000000000001,9,149.99782325001433
w_online,0.1,orl,Zoo,1,0.023549999999999908,0.9800000000000001,6,159.97205258300528
w_online,0.1,orl,Zoo,2,0.022924999999999907,0.9800000000000001,5,161.93026954098605
w_online,0.1,orl,Zoo,3,0.022453571428571403,0.9804761904761905,5,163.09138508304022
ema_lambda,0.99,orl,ColonCancer,6,0.09921653846153844,0.9025641025641026,551,400.7090031669941
ema_lambda,0.99,orl,ColonCancer,7,0.09665307692307691,0.9051282051282051,546,395.98332429188304
w_online,0.1,orl,Zoo,4,0.026203571428571514,0.9804761904761904,11,167.55635512503795
ema_lambda,0.99,orl,ColonCancer,8,0.09817730769230769,0.9038461538461539,597,385.97379670804366
ema_lambda,0.99,orl,ColonCancer,9,0.11441730769230762,0.8871794871794872,545,384.40058733406477
w_online,0.1,orl,Zoo,5,0.03282500000000003,0.97,5,170.97374362498522
w_online,0.1,orl,Zoo,6,0.022924999999999907,0.9800000000000001,5,172.65045995800756
w_online,0.1,orl,Zoo,7,0.022453571428571403,0.9804761904761905,5,171.71397408284247
w_online,0.1,orl,Zoo,8,0.022924999999999907,0.9800000000000001,5,169.39068841701373
w_online,0.1,orl,Zoo,9,0.022924999999999907,0.9800000000000001,5,163.3941806659568
w_online,0.1,orl,Sonar,0,0.1115150987224158,0.8895470383275261,13,298.3177913748659
w_online,0.1,orl,Sonar,5,0.10685249709639955,0.8944250871080139,14,299.1330819579307
w_online,0.1,orl,Sonar,1,0.09882055749128928,0.9037166085946573,21,333.05291991704144
w_online,0.1,orl,Sonar,3,0.10753077816492457,0.8940766550522647,16,328.7368072918616
w_online,0.1,orl,Sonar,2,0.09842392566782814,0.9039488966318234,20,338.91861670813523
w_online,0.1,orl,Sonar,4,0.11268176538908246,0.8895470383275261,20,341.232151791919
w_online,0.1,orl,Sonar,6,0.0883803716608595,0.913588850174216,17,355.2613580839243
w_online,0.1,orl,Sonar,7,0.10313821138211383,0.8991869918699187,20,353.51495554181747
w_online,0.1,orl,Sonar,8,0.09746399535423919,0.9044134727061557,17,340.9805332920514
w_online,0.1,orl,Sonar,9,0.11309001161440196,0.8889663182346108,19,348.43198850005865
w_online,0.1,orl,ColonCancer,1,0.16394730769230767,0.8371794871794872,551,433.8785471250303
w_online,0.1,orl,ColonCancer,0,0.11567653846153839,0.885897435897436,543,435.30835050018504
w_online,0.1,orl,ColonCancer,2,0.08402076923076927,0.9179487179487179,558,437.2132294590119
w_online,0.1,orl,ColonCancer,3,0.12984807692307682,0.8717948717948719,585,436.677571374923
w_online,0.1,orl,ColonCancer,4,0.09925153846153845,0.9025641025641026,558,432.8971214168705
w_online,0.1,orl,ColonCancer,5,0.1625180769230769,0.8384615384615385,519,426.54326016595587
w_online,0.7,orl,Zoo,0,0.025424999999999906,0.9800000000000001,9,157.65485524991527
w_online,0.7,orl,Zoo,1,0.01615000000000001,0.99,10,159.02730316692032
w_online,0.1,orl,ColonCancer,6,0.13083230769230778,0.8705128205128204,528,402.8182119168341
w_online,0.7,orl,Zoo,2,0.022924999999999907,0.9800000000000001,5,162.29801875003614
w_online,0.7,orl,Zoo,3,0.022453571428571403,0.9804761904761905,5,164.7175495000556
w_online,0.1,orl,ColonCancer,7,0.09651807692307691,0.9051282051282051,519,393.68970204214565
w_online,0.7,orl,Zoo,4,0.022453571428571514,0.9804761904761904,5,177.5569753330201
w_online,0.7,orl,Zoo,5,0.02417499999999991,0.9800000000000001,7,177.67501616687514
w_online,0.7,orl,Zoo,6,0.022924999999999907,0.9800000000000001,5,177.8423620411195
w_online,0.1,orl,ColonCancer,8,0.09801230769230769,0.9038461538461539,564,390.0558891671244
w_online,0.1,orl,ColonCancer,9,0.11442730769230762,0.8871794871794872,547,390.394256665837
w_online,0.7,orl,Zoo,7,0.01615000000000001,0.99,10,176.14131883298978
w_online,0.7,orl,Zoo,8,0.022924999999999907,0.9800000000000001,5,171.57084429217502
w_online,0.7,orl,Zoo,9,0.022924999999999907,0.9800000000000001,5,161.80115800001658
w_online,0.7,orl,Sonar,0,0.09825725900116147,0.9039488966318234,19,342.1881878329441
w_online,0.7,orl,Sonar,1,0.10897909407665514,0.8939605110336817,24,344.3581703340169
w_online,0.7,orl,Sonar,4,0.07788850174216032,0.9233449477351916,12,335.42388579202816
w_online,0.7,orl,Sonar,5,0.12127700348432063,0.8800232288037165,15,337.2017447501421
w_online,0.7,orl,Sonar,2,0.10335656213704994,0.8993031358885017,22,346.85746287507936
w_online,0.7,orl,Sonar,3,0.10380487804878051,0.8991869918699187,24,348.7862129579298
w_online,0.7,orl,Sonar,6,0.08640766550522642,0.9177700348432056,30,351.6774964169599
w_online,0.7,orl,Sonar,7,0.0888803716608595,0.913588850174216,20,343.1624701661058
w_online,0.7,orl,Sonar,8,0.09832055749128928,0.9037166085946573,18,356.3288541249931
w_online,0.7,orl,Sonar,9,0.1079274099883857,0.8938443670150986,17,358.49986833287403
w_online,0.7,orl,ColonCancer,0,0.11569653846153839,0.885897435897436,547,436.1408603338059
w_online,0.7,orl,ColonCancer,1,0.16260807692307688,0.8384615384615385,537,437.46766104199924
w_online,0.7,orl,ColonCancer,2,0.09950653846153845,0.9025641025641026,609,437.6350042920094
w_online,0.7,orl,ColonCancer,3,0.12970807692307681,0.8717948717948719,557,434.51513908291236
w_online,0.7,orl,ColonCancer,4,0.09927153846153845,0.9025641025641026,562,426.97313516703434
w_online,0.7,orl,ColonCancer,5,0.14600307692307696,0.8551282051282051,516,414.0649392500054
w_online,0.7,orl,ColonCancer,6,0.09939653846153845,0.9025641025641026,587,279.84253670903854
w_online,0.7,orl,ColonCancer,7,0.09661307692307691,0.9051282051282051,538,267.60679183294997
w_online,0.7,orl,ColonCancer,8,0.11322307692307686,0.8884615384615385,560,194.1728520418983
w_online,0.7,orl,ColonCancer,9,0.1299080769230768,0.8717948717948719,597,188.19818366714753
