algorithm,dataset,run_id,accuracy,n_selected_features,target_k
ConcreteAE,Zoo,0,0.9209523809523812,6,7
ConcreteAE,Zoo,1,0.8609523809523811,5,7
ConcreteAE,BreastEW,0,0.9619042507513955,4,4
ConcreteAE,BreastEW,1,0.9385465865178189,4,4
ConcreteAE,BreastEW,2,0.9443537999141263,4,4
ConcreteAE,BreastEW,3,0.9472735079433233,4,4
ConcreteAE,BreastEW,4,0.9297337913267498,4,4
ConcreteAE,BreastEW,5,0.9341348218119364,4,4
ConcreteAE,BreastEW,6,0.9341133533705452,4,4
ConcreteAE,BreastEW,7,0.9531451266638042,4,4
ConcreteAE,BreastEW,8,0.9604551309574925,4,4
ConcreteAE,BreastEW,9,0.9487655646200086,4,4
ConcreteAE,BreastEW,10,0.944332331472735,4,4
ConcreteAE,BreastEW,11,0.9590274796049807,4,4
ConcreteAE,BreastEW,12,0.9502361528553027,4,4
ConcreteAE,BreastEW,13,0.9458351223701159,4,4
ConcreteAE,BreastEW,14,0.9019321597252039,3,4
ConcreteAE,BreastEW,15,0.9443108630313439,4,4
ConcreteAE,BreastEW,16,0.9370223271790469,4,4
ConcreteAE,BreastEW,17,0.9472627737226278,4,4
ConcreteAE,BreastEW,18,0.9473164448261058,4,4
ConcreteAE,BreastEW,19,0.9560541004723057,4,4
ConcreteAE,BreastEW,20,0.9385036496350365,4,4
ConcreteAE,BreastEW,21,0.9531451266638042,4,4
ConcreteAE,BreastEW,22,0.957546157148991,4,4
ConcreteAE,BreastEW,23,0.9385036496350365,4,4
ConcreteAE,BreastEW,24,0.939984972091026,4,4
ConcreteAE,BreastEW,25,0.951728209531988,4,4
ConcreteAE,BreastEW,26,0.9604980678402748,4,4
ConcreteAE,BreastEW,27,0.9458351223701159,4,4
ConcreteAE,BreastEW,28,0.9649098325461571,4,4
ConcreteAE,BreastEW,29,0.9414018892228423,4,4
ConcreteAE,ColonCancer,0,0.8064102564102564,309,563
ConcreteAE,ColonCancer,1,0.7576923076923077,316,563
ConcreteAE,ColonCancer,2,0.8371794871794872,313,563
ConcreteAE,ColonCancer,3,0.7743589743589743,323,563
ConcreteAE,ColonCancer,4,0.7871794871794872,324,563
ConcreteAE,ColonCancer,5,0.7602564102564102,316,563
ConcreteAE,ColonCancer,6,0.758974358974359,327,563
ConcreteAE,ColonCancer,7,0.7897435897435898,311,563
ConcreteAE,ColonCancer,8,0.7923076923076924,337,563
ConcreteAE,ColonCancer,9,0.8717948717948719,341,563
ConcreteAE,ColonCancer,10,0.8051282051282052,326,563
ConcreteAE,ColonCancer,11,0.7576923076923077,311,563
ConcreteAE,ColonCancer,12,0.7756410256410258,315,563
ConcreteAE,ColonCancer,13,0.7576923076923077,329,563
ConcreteAE,ColonCancer,14,0.7448717948717949,304,563
ConcreteAE,ColonCancer,15,0.8705128205128204,337,563
ConcreteAE,ColonCancer,16,0.7948717948717949,319,563
ConcreteAE,ColonCancer,17,0.8551282051282051,321,563
ConcreteAE,ColonCancer,18,0.8076923076923077,326,563
ConcreteAE,ColonCancer,19,0.7743589743589744,328,563
ConcreteAE,ColonCancer,20,0.7910256410256411,345,563
ConcreteAE,ColonCancer,21,0.8217948717948719,343,563
ConcreteAE,ColonCancer,22,0.7756410256410257,321,563
ConcreteAE,ColonCancer,23,0.7871794871794873,305,563
ConcreteAE,ColonCancer,24,0.7871794871794872,325,563
ConcreteAE,ColonCancer,25,0.7730769230769231,314,563
ConcreteAE,ColonCancer,26,0.791025641025641,322,563
ConcreteAE,ColonCancer,27,0.8038461538461539,325,563
ConcreteAE,ColonCancer,28,0.758974358974359,342,563
ConcreteAE,ColonCancer,29,0.8384615384615385,332,563
ConcreteAE,Diabetes,0,0.7277820218996689,5,5
ConcreteAE,Diabetes,1,0.7330107800696035,5,5
ConcreteAE,Diabetes,2,0.6640862405568289,4,5
ConcreteAE,Diabetes,3,0.6522706052117817,5,5
ConcreteAE,Diabetes,4,0.6810033104150752,5,5
ConcreteAE,Diabetes,5,0.6927001103471692,5,5
ConcreteAE,Diabetes,6,0.6419064595535183,5,5
ConcreteAE,Diabetes,7,0.6536711654358713,5,5
ConcreteAE,Diabetes,8,0.6848569730922672,5,5
ConcreteAE,Diabetes,9,0.7409048467871997,5,5
ConcreteAE,Diabetes,10,0.7408029878618114,5,5
ConcreteAE,Diabetes,11,0.7512520159578984,5,5
ConcreteAE,Diabetes,12,0.6770817417876243,4,5
ConcreteAE,Diabetes,13,0.7292165350988881,5,5
ConcreteAE,Diabetes,14,0.7175027586792293,4,5
ConcreteAE,Diabetes,15,0.7096681096681097,4,5
ConcreteAE,Diabetes,16,0.7030812324929971,4,5
ConcreteAE,Diabetes,17,0.7097105508870215,4,5
ConcreteAE,Diabetes,18,0.6965537730243613,5,5
ConcreteAE,Diabetes,19,0.6783464901111959,5,5
ConcreteAE,Diabetes,20,0.7343943638061285,5,5
ConcreteAE,Diabetes,21,0.6653255241490535,4,5
ConcreteAE,Diabetes,22,0.7252779899838723,5,5
ConcreteAE,Diabetes,23,0.6667260843731432,5,5
ConcreteAE,Diabetes,24,0.7200577200577201,5,5
ConcreteAE,Diabetes,25,0.6471097529921059,5,5
ConcreteAE,Diabetes,26,0.6353705118410999,4,5
ConcreteAE,Diabetes,27,0.6614039555216026,4,5
ConcreteAE,Diabetes,28,0.7252270605211782,5,5
ConcreteAE,Diabetes,29,0.739597657244716,5,5
ConcreteAE,GermanCredit,0,0.685,8,8
ConcreteAE,GermanCredit,1,0.6759999999999999,7,8
ConcreteAE,GermanCredit,2,0.712,6,8
ConcreteAE,GermanCredit,3,0.653,8,8
ConcreteAE,GermanCredit,4,0.711,8,8
ConcreteAE,GermanCredit,5,0.669,8,8
ConcreteAE,GermanCredit,6,0.652,7,8
ConcreteAE,GermanCredit,7,0.7030000000000001,6,8
ConcreteAE,GermanCredit,8,0.688,7,8
ConcreteAE,GermanCredit,9,0.672,6,8
ConcreteAE,GermanCredit,10,0.7070000000000001,8,8
ConcreteAE,GermanCredit,11,0.712,7,8
ConcreteAE,GermanCredit,12,0.688,8,8
ConcreteAE,GermanCredit,13,0.704,7,8
ConcreteAE,GermanCredit,14,0.68,7,8
ConcreteAE,GermanCredit,15,0.7070000000000001,7,8
ConcreteAE,GermanCredit,16,0.6859999999999999,7,8
ConcreteAE,GermanCredit,17,0.6890000000000002,7,8
ConcreteAE,GermanCredit,18,0.691,7,8
ConcreteAE,GermanCredit,19,0.713,6,8
ConcreteAE,GermanCredit,20,0.648,6,8
ConcreteAE,GermanCredit,21,0.6940000000000001,8,8
ConcreteAE,GermanCredit,22,0.709,7,8
ConcreteAE,GermanCredit,23,0.7289999999999999,6,8
ConcreteAE,GermanCredit,24,0.6890000000000001,6,8
ConcreteAE,GermanCredit,25,0.6859999999999999,8,8
ConcreteAE,GermanCredit,26,0.7089999999999999,7,8
ConcreteAE,GermanCredit,27,0.695,7,8
ConcreteAE,GermanCredit,28,0.7129999999999999,6,8
ConcreteAE,GermanCredit,29,0.6610000000000001,6,8
ConcreteAE,HeartDisease,0,0.801129943502825,5,5
ConcreteAE,HeartDisease,1,0.7272881355932204,4,5
ConcreteAE,HeartDisease,2,0.727457627118644,4,5
ConcreteAE,HeartDisease,3,0.7781920903954802,5,5
ConcreteAE,HeartDisease,4,0.733954802259887,4,5
ConcreteAE,HeartDisease,5,0.6968926553672316,5,5
ConcreteAE,HeartDisease,6,0.7238418079096045,5,5
ConcreteAE,HeartDisease,7,0.8186440677966103,5,5
ConcreteAE,HeartDisease,8,0.7642372881355932,5,5
ConcreteAE,HeartDisease,9,0.7545197740112994,5,5
ConcreteAE,HeartDisease,10,0.7474011299435027,4,5
ConcreteAE,HeartDisease,11,0.713728813559322,5,5
ConcreteAE,HeartDisease,12,0.8048022598870057,5,5
ConcreteAE,HeartDisease,13,0.7172881355932204,5,5
ConcreteAE,HeartDisease,14,0.7642937853107344,5,5
ConcreteAE,HeartDisease,15,0.723954802259887,4,5
ConcreteAE,HeartDisease,16,0.7271751412429378,4,5
ConcreteAE,HeartDisease,17,0.7781920903954802,4,5
ConcreteAE,HeartDisease,18,0.8081920903954802,5,5
ConcreteAE,HeartDisease,19,0.7810734463276836,5,5
ConcreteAE,HeartDisease,20,0.7845197740112995,5,5
ConcreteAE,HeartDisease,21,0.7712994350282486,4,5
ConcreteAE,HeartDisease,22,0.7436723163841809,5,5
ConcreteAE,HeartDisease,23,0.7338418079096045,5,5
ConcreteAE,HeartDisease,24,0.7577966101694915,5,5
ConcreteAE,HeartDisease,25,0.7406779661016949,5,5
ConcreteAE,HeartDisease,26,0.6805084745762711,5,5
ConcreteAE,HeartDisease,27,0.7441242937853108,5,5
ConcreteAE,HeartDisease,28,0.7646327683615819,5,5
ConcreteAE,HeartDisease,29,0.777909604519774,5,5
ConcreteAE,IonosphereEW,0,0.8718309859154928,8,8
ConcreteAE,IonosphereEW,1,0.8717907444668007,8,8
ConcreteAE,IonosphereEW,2,0.8576659959758551,8,8
ConcreteAE,IonosphereEW,3,0.8746076458752515,7,8
ConcreteAE,IonosphereEW,4,0.8490945674044266,7,8
ConcreteAE,IonosphereEW,5,0.8720724346076458,7,8
ConcreteAE,IonosphereEW,6,0.8661167002012071,7,8
ConcreteAE,IonosphereEW,7,0.8602012072434608,7,8
ConcreteAE,IonosphereEW,8,0.9004024144869215,8,8
ConcreteAE,IonosphereEW,9,0.8519517102615695,8,8
ConcreteAE,IonosphereEW,10,0.8719114688128773,7,8
ConcreteAE,IonosphereEW,11,0.86317907444668,8,8
ConcreteAE,IonosphereEW,12,0.8688531187122737,7,8
ConcreteAE,IonosphereEW,13,0.8744869215291751,8,8
ConcreteAE,IonosphereEW,14,0.8288933601609658,7,8
ConcreteAE,IonosphereEW,15,0.8689336016096579,8,8
ConcreteAE,IonosphereEW,16,0.8490140845070421,7,8
ConcreteAE,IonosphereEW,17,0.8632193158953723,7,8
ConcreteAE,IonosphereEW,18,0.8745674044265594,7,8
ConcreteAE,IonosphereEW,19,0.8403621730382292,8,8
ConcreteAE,IonosphereEW,20,0.857625754527163,7,8
ConcreteAE,IonosphereEW,21,0.8719114688128773,8,8
ConcreteAE,IonosphereEW,22,0.8403621730382292,7,8
ConcreteAE,IonosphereEW,23,0.8745674044265593,6,8
ConcreteAE,IonosphereEW,24,0.877625754527163,7,8
ConcreteAE,IonosphereEW,25,0.8804426559356138,6,8
ConcreteAE,IonosphereEW,26,0.8490140845070423,8,8
ConcreteAE,IonosphereEW,27,0.86897384305835,5,8
ConcreteAE,IonosphereEW,28,0.8318712273641852,7,8
ConcreteAE,IonosphereEW,29,0.840523138832998,8,8
ConcreteAE,KrVsKpEW,0,0.6617634976525821,10,15
ConcreteAE,KrVsKpEW,1,0.590105633802817,10,15
ConcreteAE,KrVsKpEW,2,0.5772882433489828,10,15
ConcreteAE,KrVsKpEW,3,0.6157751369327074,12,15
ConcreteAE,KrVsKpEW,4,0.5735318857589985,11,15
ConcreteAE,KrVsKpEW,5,0.5722794405320814,12,15
ConcreteAE,KrVsKpEW,6,0.7033890845070423,12,15
ConcreteAE,KrVsKpEW,7,0.581977210485133,12,15
ConcreteAE,KrVsKpEW,8,0.6192028560250391,12,15
ConcreteAE,KrVsKpEW,9,0.6085739436619717,15,15
ConcreteAE,KrVsKpEW,10,0.5913639475743349,11,15
ConcreteAE,KrVsKpEW,11,0.5932433489827856,11,15
ConcreteAE,KrVsKpEW,12,0.616712147887324,12,15
ConcreteAE,KrVsKpEW,13,0.5957457942097026,11,15
ConcreteAE,KrVsKpEW,14,0.5919953051643192,11,15
ConcreteAE,KrVsKpEW,15,0.6739715375586854,14,15
ConcreteAE,KrVsKpEW,16,0.5835426447574334,13,15
ConcreteAE,KrVsKpEW,17,0.5994977503912364,13,15
ConcreteAE,KrVsKpEW,18,0.5851090571205008,9,15
ConcreteAE,KrVsKpEW,19,0.6163923122065728,12,15
ConcreteAE,KrVsKpEW,20,0.6045031298904538,11,15
ConcreteAE,KrVsKpEW,21,0.7991206964006261,14,15
ConcreteAE,KrVsKpEW,22,0.6142033450704225,14,15
ConcreteAE,KrVsKpEW,23,0.6020011737089201,11,15
ConcreteAE,KrVsKpEW,24,0.6320407863849764,12,15
ConcreteAE,KrVsKpEW,25,0.5882389475743349,10,15
ConcreteAE,KrVsKpEW,26,0.6148337245696401,9,15
ConcreteAE,KrVsKpEW,27,0.6223391040688576,14,15
ConcreteAE,KrVsKpEW,28,0.61202122456964,10,15
ConcreteAE,KrVsKpEW,29,0.5710245500782473,12,15
ConcreteAE,Leukemia,0,0.9152380952380952,429,940
ConcreteAE,Leukemia,1,0.8742857142857142,421,940
ConcreteAE,Leukemia,2,0.8733333333333333,417,940
ConcreteAE,Leukemia,3,0.9038095238095238,430,940
ConcreteAE,Leukemia,4,0.8609523809523809,437,940
ConcreteAE,Leukemia,5,0.9161904761904763,422,940
ConcreteAE,Leukemia,6,0.9457142857142857,400,940
ConcreteAE,Leukemia,7,0.8752380952380954,413,940
ConcreteAE,Leukemia,8,0.9019047619047619,424,940
ConcreteAE,Leukemia,9,0.8885714285714285,427,940
ConcreteAE,Leukemia,10,0.8895238095238096,414,940
ConcreteAE,Leukemia,11,0.917142857142857,440,940
ConcreteAE,Leukemia,12,0.9171428571428573,405,940
ConcreteAE,Leukemia,13,0.9028571428571428,439,940
ConcreteAE,Leukemia,14,0.8895238095238096,404,940
ConcreteAE,Leukemia,15,0.8876190476190475,414,940
ConcreteAE,Leukemia,16,0.903809523809524,423,940
ConcreteAE,Leukemia,17,0.86,416,940
ConcreteAE,Leukemia,18,0.8619047619047618,387,940
ConcreteAE,Leukemia,19,0.917142857142857,435,940
ConcreteAE,Leukemia,20,0.9304761904761906,420,940
ConcreteAE,Leukemia,21,0.8495238095238096,404,940
ConcreteAE,Leukemia,22,0.9028571428571428,414,940
ConcreteAE,Leukemia,23,0.8752380952380954,415,940
ConcreteAE,Leukemia,24,0.9304761904761906,442,940
ConcreteAE,Leukemia,25,0.8200000000000001,386,940
ConcreteAE,Leukemia,26,0.8752380952380954,418,940
ConcreteAE,Leukemia,27,0.8866666666666667,424,940
ConcreteAE,Leukemia,28,0.9161904761904761,392,940
ConcreteAE,Leukemia,29,0.8742857142857142,447,940
ConcreteAE,Lymphography,0,0.839080459770115,8,8
ConcreteAE,Lymphography,1,0.7767816091954023,8,8
ConcreteAE,Lymphography,2,0.7501149425287357,7,8
ConcreteAE,Lymphography,3,0.7367816091954023,8,8
ConcreteAE,Lymphography,4,0.8114942528735632,8,8
ConcreteAE,Lymphography,5,0.7372413793103448,7,8
ConcreteAE,Lymphography,6,0.7289655172413793,6,8
ConcreteAE,Lymphography,7,0.7774712643678161,8,8
ConcreteAE,Lymphography,8,0.756551724137931,6,8
ConcreteAE,Lymphography,9,0.769655172413793,5,8
ConcreteAE,Lymphography,10,0.7636781609195402,7,8
ConcreteAE,Lymphography,11,0.8374712643678162,7,8
ConcreteAE,Lymphography,12,0.7908045977011493,8,8
ConcreteAE,Lymphography,13,0.7701149425287357,7,8
ConcreteAE,Lymphography,14,0.7365517241379311,6,8
ConcreteAE,Lymphography,15,0.7708045977011494,8,8
ConcreteAE,Lymphography,16,0.7363218390804598,6,8
ConcreteAE,Lymphography,17,0.8241379310344827,6,8
ConcreteAE,Lymphography,18,0.7239080459770115,7,8
ConcreteAE,Lymphography,19,0.7358620689655172,8,8
ConcreteAE,Lymphography,20,0.7981609195402298,6,8
ConcreteAE,Lymphography,21,0.8174712643678161,8,8
ConcreteAE,Lymphography,22,0.771264367816092,7,8
ConcreteAE,Lymphography,23,0.7703448275862068,7,8
ConcreteAE,Lymphography,24,0.7232183908045977,6,8
ConcreteAE,Lymphography,25,0.7703448275862068,6,8
ConcreteAE,Lymphography,26,0.8105747126436782,7,8
ConcreteAE,Lymphography,27,0.7367816091954023,7,8
ConcreteAE,Lymphography,28,0.7496551724137931,7,8
ConcreteAE,Lymphography,29,0.7558620689655171,7,8
ConcreteAE,M-of-n,0,0.739,5,6
ConcreteAE,M-of-n,1,0.534,5,6
ConcreteAE,M-of-n,2,0.6489999999999999,6,6
ConcreteAE,M-of-n,3,0.793,6,6
ConcreteAE,M-of-n,4,0.702,6,6
ConcreteAE,M-of-n,5,0.813,6,6
ConcreteAE,M-of-n,6,0.724,6,6
ConcreteAE,M-of-n,7,0.666,6,6
ConcreteAE,M-of-n,8,0.76,6,6
ConcreteAE,M-of-n,9,0.62,6,6
ConcreteAE,M-of-n,10,0.6910000000000001,6,6
ConcreteAE,M-of-n,11,0.7060000000000001,6,6
ConcreteAE,M-of-n,12,0.768,6,6
ConcreteAE,M-of-n,13,0.713,5,6
ConcreteAE,M-of-n,14,0.7780000000000001,6,6
ConcreteAE,M-of-n,15,0.7170000000000001,6,6
ConcreteAE,M-of-n,16,0.6779999999999999,6,6
ConcreteAE,M-of-n,17,0.6699999999999999,5,6
ConcreteAE,M-of-n,18,0.669,5,6
ConcreteAE,M-of-n,19,0.67,6,6
ConcreteAE,M-of-n,20,0.734,5,6
ConcreteAE,M-of-n,21,0.6950000000000001,6,6
ConcreteAE,M-of-n,22,0.6359999999999999,5,6
ConcreteAE,M-of-n,23,0.807,6,6
ConcreteAE,M-of-n,24,0.674,6,6
ConcreteAE,M-of-n,25,0.7089999999999999,5,6
ConcreteAE,M-of-n,26,0.773,6,6
ConcreteAE,M-of-n,27,0.788,6,6
ConcreteAE,M-of-n,28,0.784,6,6
ConcreteAE,M-of-n,29,0.6940000000000001,5,6
ConcreteAE,Parkinsons,0,0.923076923076923,8,8
ConcreteAE,Parkinsons,1,0.8871794871794872,7,8
ConcreteAE,Parkinsons,2,0.8461538461538461,7,8
ConcreteAE,Parkinsons,3,0.8307692307692308,6,8
ConcreteAE,Parkinsons,4,0.8923076923076924,7,8
ConcreteAE,Parkinsons,5,0.9025641025641026,6,8
ConcreteAE,Parkinsons,6,0.876923076923077,7,8
ConcreteAE,Parkinsons,7,0.8256410256410257,6,8
ConcreteAE,Parkinsons,8,0.9282051282051281,8,8
ConcreteAE,Parkinsons,9,0.841025641025641,6,8
ConcreteAE,Parkinsons,10,0.9076923076923077,8,8
ConcreteAE,Parkinsons,11,0.8820512820512821,7,8
ConcreteAE,Parkinsons,12,0.841025641025641,7,8
ConcreteAE,Parkinsons,13,0.923076923076923,7,8
ConcreteAE,Parkinsons,14,0.8256410256410257,7,8
ConcreteAE,Parkinsons,15,0.8923076923076924,5,8
ConcreteAE,Parkinsons,16,0.9025641025641026,7,8
ConcreteAE,Parkinsons,17,0.8923076923076924,8,8
ConcreteAE,Parkinsons,18,0.9025641025641026,7,8
ConcreteAE,Parkinsons,19,0.8974358974358975,7,8
ConcreteAE,Parkinsons,20,0.8615384615384615,7,8
ConcreteAE,Parkinsons,21,0.8871794871794872,8,8
ConcreteAE,Parkinsons,22,0.9230769230769231,8,8
ConcreteAE,Parkinsons,23,0.8820512820512821,6,8
ConcreteAE,Parkinsons,24,0.9128205128205128,6,8
ConcreteAE,Parkinsons,25,0.8871794871794872,7,8
ConcreteAE,Parkinsons,26,0.8974358974358975,7,8
ConcreteAE,Parkinsons,27,0.9025641025641026,7,8
ConcreteAE,Parkinsons,28,0.8717948717948717,6,8
ConcreteAE,Parkinsons,29,0.8871794871794872,6,8
ConcreteAE,Sonar,0,0.8077816492450639,16,19
ConcreteAE,Sonar,1,0.7887340301974447,17,19
ConcreteAE,Sonar,2,0.846109175377468,17,19
ConcreteAE,Sonar,3,0.7936120789779325,15,19
ConcreteAE,Sonar,4,0.759233449477352,15,19
ConcreteAE,Sonar,5,0.802787456445993,17,19
ConcreteAE,Sonar,6,0.8120789779326364,17,19
ConcreteAE,Sonar,7,0.7646922183507548,17,19
ConcreteAE,Sonar,8,0.7550522648083623,16,19
ConcreteAE,Sonar,9,0.7399535423925669,18,19
ConcreteAE,Sonar,10,0.8177700348432057,16,19
ConcreteAE,Sonar,11,0.8170731707317073,18,19
ConcreteAE,Sonar,12,0.778397212543554,19,19
ConcreteAE,Sonar,13,0.8464576074332172,13,19
ConcreteAE,Sonar,14,0.7743321718931474,17,19
ConcreteAE,Sonar,15,0.8174216027874565,18,19
ConcreteAE,Sonar,16,0.8176538908246226,17,19
ConcreteAE,Sonar,17,0.7745644599303135,15,19
ConcreteAE,Sonar,18,0.7981416957026713,15,19
ConcreteAE,Sonar,19,0.7695702671312427,16,19
ConcreteAE,Sonar,20,0.778513356562137,18,19
ConcreteAE,Sonar,21,0.7689895470383277,15,19
ConcreteAE,Sonar,22,0.7743321718931474,16,19
ConcreteAE,Sonar,23,0.7159117305458769,15,19
ConcreteAE,Sonar,24,0.7552845528455284,18,19
ConcreteAE,Sonar,25,0.7547038327526133,15,19
ConcreteAE,Sonar,26,0.778861788617886,13,19
ConcreteAE,Sonar,27,0.8032520325203253,17,19
ConcreteAE,Sonar,28,0.8031358885017422,15,19
ConcreteAE,Sonar,29,0.807897793263647,16,19
ConcreteAE,SpectEW,0,0.8165618448637317,7,9
ConcreteAE,SpectEW,1,0.7868623340321453,8,9
ConcreteAE,SpectEW,2,0.790146750524109,9,9
ConcreteAE,SpectEW,3,0.7935709294199861,9,9
ConcreteAE,SpectEW,4,0.7638714185883997,8,9
ConcreteAE,SpectEW,5,0.8125786163522013,9,9
ConcreteAE,SpectEW,6,0.7677847658979735,8,9
ConcreteAE,SpectEW,7,0.786722571628232,9,9
ConcreteAE,SpectEW,8,0.7451432564640112,7,9
ConcreteAE,SpectEW,9,0.7451432564640112,7,9
ConcreteAE,SpectEW,10,0.7902166317260656,8,9
ConcreteAE,SpectEW,11,0.7898672257162823,8,9
ConcreteAE,SpectEW,12,0.7749825296995109,8,9
ConcreteAE,SpectEW,13,0.7750524109014675,9,9
ConcreteAE,SpectEW,14,0.7341719077568134,8,9
ConcreteAE,SpectEW,15,0.8244584206848359,8,9
ConcreteAE,SpectEW,16,0.7563242487770789,8,9
ConcreteAE,SpectEW,17,0.7860237596086652,9,9
ConcreteAE,SpectEW,18,0.7829489867225716,8,9
ConcreteAE,SpectEW,19,0.7940600978336827,8,9
ConcreteAE,SpectEW,20,0.7830188679245284,8,9
ConcreteAE,SpectEW,21,0.7720475192173305,7,9
ConcreteAE,SpectEW,22,0.7755415793151642,7,9
ConcreteAE,SpectEW,23,0.7902865129280224,7,9
ConcreteAE,SpectEW,24,0.7636617749825296,9,9
ConcreteAE,SpectEW,25,0.7940600978336828,8,9
ConcreteAE,SpectEW,26,0.7863731656184487,9,9
ConcreteAE,SpectEW,27,0.779245283018868,8,9
ConcreteAE,SpectEW,28,0.771488469601677,7,9
ConcreteAE,SpectEW,29,0.752900069881202,7,9
ConcreteAE,TicTacToe,0,0.7536976439790577,6,7
ConcreteAE,TicTacToe,1,0.7766579406631763,6,7
ConcreteAE,TicTacToe,2,0.6534467713787084,6,7
ConcreteAE,TicTacToe,3,0.772431282722513,6,7
ConcreteAE,TicTacToe,4,0.7650796247818499,7,7
ConcreteAE,TicTacToe,5,0.7953697643979057,7,7
ConcreteAE,TicTacToe,6,0.7338241710296683,7,7
ConcreteAE,TicTacToe,7,0.7401014397905759,7,7
ConcreteAE,TicTacToe,8,0.6941426701570681,7,7
ConcreteAE,TicTacToe,9,0.7578643106457242,6,7
ConcreteAE,TicTacToe,10,0.6858256980802792,6,7
ConcreteAE,TicTacToe,11,0.7630617364746947,7,7
ConcreteAE,TicTacToe,12,0.7379472076788831,6,7
ConcreteAE,TicTacToe,13,0.6889016143106457,6,7
ConcreteAE,TicTacToe,14,0.7755780977312392,7,7
ConcreteAE,TicTacToe,15,0.6942026614310646,6,7
ConcreteAE,TicTacToe,16,0.8163230802792322,7,7
ConcreteAE,TicTacToe,17,0.7066808464223386,6,7
ConcreteAE,TicTacToe,18,0.7505562827225131,6,7
ConcreteAE,TicTacToe,19,0.6722294938917975,6,7
ConcreteAE,TicTacToe,20,0.7599040139616056,6,7
ConcreteAE,TicTacToe,21,0.7943717277486911,7,7
ConcreteAE,TicTacToe,22,0.7349094677137871,5,7
ConcreteAE,TicTacToe,23,0.675338132635253,6,7
ConcreteAE,TicTacToe,24,0.7358420593368238,6,7
ConcreteAE,TicTacToe,25,0.6670320680628272,6,7
ConcreteAE,TicTacToe,26,0.8131435427574172,7,7
ConcreteAE,TicTacToe,27,0.7370037085514834,6,7
ConcreteAE,TicTacToe,28,0.706675392670157,7,7
ConcreteAE,TicTacToe,29,0.7891252181500873,7,7
ConcreteAE,Vote,0,0.8104532839962998,3,3
ConcreteAE,Vote,1,0.8410730804810361,3,3
ConcreteAE,Vote,2,0.8278445883441258,3,3
ConcreteAE,Vote,3,0.9010175763182238,3,3
ConcreteAE,Vote,4,0.8705827937095283,2,3
ConcreteAE,Vote,5,0.7293246993524515,3,3
ConcreteAE,Vote,6,0.8619796484736355,3,3
ConcreteAE,Vote,7,0.8319148936170213,3,3
ConcreteAE,Vote,8,0.8488436632747456,3,3
ConcreteAE,Vote,9,0.9699352451433858,2,3
ConcreteAE,Vote,10,0.8145235892691952,3,3
ConcreteAE,Vote,11,0.8363552266419981,3,3
ConcreteAE,Vote,12,0.8619796484736355,3,3
ConcreteAE,Vote,13,0.840795559666975,3,3
ConcreteAE,Vote,14,0.831822386679001,2,3
ConcreteAE,Vote,15,0.8273820536540241,3,3
ConcreteAE,Vote,16,0.9696577243293246,2,3
ConcreteAE,Vote,17,0.8405180388529139,2,3
ConcreteAE,Vote,18,0.8361702127659575,3,3
ConcreteAE,Vote,19,0.818686401480111,3,3
ConcreteAE,Vote,20,0.849213691026827,3,3
ConcreteAE,Vote,21,0.6933395004625347,3,3
ConcreteAE,Vote,22,0.8493061979648473,3,3
ConcreteAE,Vote,23,0.866327474560592,2,3
ConcreteAE,Vote,24,0.8665124884366326,3,3
ConcreteAE,Vote,25,0.810268270120259,3,3
ConcreteAE,Vote,26,0.8707678075855689,2,3
ConcreteAE,Vote,27,0.8837187789084181,3,3
ConcreteAE,Vote,28,0.7536540240518039,3,3
ConcreteAE,Vote,29,0.8023126734505087,3,3
ConcreteAE,WDBC,0,0.9455364073901569,10,12
ConcreteAE,WDBC,1,0.9543083372147182,11,12
ConcreteAE,WDBC,2,0.9384257102934326,10,12
ConcreteAE,WDBC,3,0.9543393882937432,10,12
ConcreteAE,WDBC,4,0.9507685142058687,11,12
ConcreteAE,WDBC,5,0.9455674584691819,10,12
ConcreteAE,WDBC,6,0.9648967551622419,11,12
ConcreteAE,WDBC,7,0.9542617605961807,10,12
ConcreteAE,WDBC,8,0.9561248253376805,9,12
ConcreteAE,WDBC,9,0.9630802670392796,11,12
ConcreteAE,WDBC,10,0.9508306163639185,10,12
ConcreteAE,WDBC,11,0.9596025461884802,10,12
ConcreteAE,WDBC,12,0.9525384257102936,9,12
ConcreteAE,WDBC,13,0.9596025461884802,11,12
ConcreteAE,WDBC,14,0.9578636857630801,9,12
ConcreteAE,WDBC,15,0.9455519329296692,9,12
ConcreteAE,WDBC,16,0.9508461419034312,10,12
ConcreteAE,WDBC,17,0.9490141282409563,10,12
ConcreteAE,WDBC,18,0.9561092997981678,11,12
ConcreteAE,WDBC,19,0.9507995652848937,9,12
ConcreteAE,WDBC,20,0.9437820214252444,10,12
ConcreteAE,WDBC,21,0.9455674584691819,11,12
ConcreteAE,WDBC,22,0.9525384257102936,12,12
ConcreteAE,WDBC,23,0.9437509703462196,11,12
ConcreteAE,WDBC,24,0.9507685142058687,11,12
ConcreteAE,WDBC,25,0.9385033379909953,9,12
ConcreteAE,WDBC,26,0.9613414066138798,11,12
ConcreteAE,WDBC,27,0.9525539512498058,11,12
ConcreteAE,WDBC,28,0.9683744760130415,12,12
ConcreteAE,WDBC,29,0.9490141282409563,10,12
ConcreteAE,WaveformEW,0,0.8006,10,16
ConcreteAE,WaveformEW,1,0.8158,12,16
ConcreteAE,WaveformEW,2,0.7906,12,16
ConcreteAE,WaveformEW,3,0.7508,11,16
ConcreteAE,WaveformEW,4,0.7651999999999999,9,16
ConcreteAE,WaveformEW,5,0.7300000000000001,11,16
ConcreteAE,WaveformEW,6,0.7904000000000001,12,16
ConcreteAE,WaveformEW,7,0.7986000000000001,9,16
ConcreteAE,WaveformEW,8,0.7962,12,16
ConcreteAE,WaveformEW,9,0.7806,11,16
ConcreteAE,WaveformEW,10,0.7702,10,16
ConcreteAE,WaveformEW,11,0.7692,10,16
ConcreteAE,WaveformEW,12,0.8176,11,16
ConcreteAE,WaveformEW,13,0.7654,10,16
ConcreteAE,WaveformEW,14,0.7587999999999999,11,16
ConcreteAE,WaveformEW,15,0.7776000000000001,8,16
ConcreteAE,WaveformEW,16,0.8001999999999999,12,16
ConcreteAE,WaveformEW,17,0.806,11,16
ConcreteAE,WaveformEW,18,0.799,12,16
ConcreteAE,WaveformEW,19,0.7804,12,16
ConcreteAE,WaveformEW,20,0.7438,10,16
ConcreteAE,WaveformEW,21,0.8220000000000001,13,16
ConcreteAE,WaveformEW,22,0.7916000000000001,10,16
ConcreteAE,WaveformEW,23,0.7992,10,16
ConcreteAE,WaveformEW,24,0.8048,12,16
ConcreteAE,WaveformEW,25,0.796,12,16
ConcreteAE,WaveformEW,26,0.807,11,16
ConcreteAE,WaveformEW,27,0.8056000000000001,14,16
ConcreteAE,WaveformEW,28,0.7838,10,16
ConcreteAE,WaveformEW,29,0.7697999999999999,11,16
ConcreteAE,Zoo,2,0.8314285714285715,5,7
ConcreteAE,Zoo,3,0.7523809523809524,5,7
ConcreteAE,Zoo,4,0.8804761904761905,5,7
ConcreteAE,Zoo,5,0.9104761904761904,6,7
ConcreteAE,Zoo,6,0.8514285714285714,6,7
ConcreteAE,Zoo,7,0.8523809523809524,4,7
ConcreteAE,Zoo,8,0.910952380952381,7,7
ConcreteAE,Zoo,9,0.821904761904762,6,7
ConcreteAE,Zoo,10,0.8909523809523809,6,7
ConcreteAE,Zoo,11,0.8614285714285714,5,7
ConcreteAE,Zoo,12,0.8714285714285713,5,7
ConcreteAE,Zoo,13,0.891904761904762,7,7
ConcreteAE,Zoo,14,0.8319047619047619,5,7
ConcreteAE,Zoo,15,0.8714285714285716,5,7
ConcreteAE,Zoo,16,0.8709523809523809,6,7
ConcreteAE,Zoo,17,0.8914285714285715,6,7
ConcreteAE,Zoo,18,0.8814285714285715,6,7
ConcreteAE,Zoo,19,0.8909523809523809,6,7
ConcreteAE,Zoo,20,0.9114285714285714,5,7
ConcreteAE,Zoo,21,0.8028571428571428,6,7
ConcreteAE,Zoo,22,0.9104761904761904,5,7
ConcreteAE,Zoo,23,0.9404761904761905,7,7
ConcreteAE,Zoo,24,0.9014285714285715,6,7
ConcreteAE,Zoo,25,0.8414285714285713,6,7
ConcreteAE,Zoo,26,0.8909523809523809,6,7
ConcreteAE,Zoo,27,0.8614285714285714,4,7
ConcreteAE,Zoo,28,0.8509523809523809,6,7
ConcreteAE,Zoo,29,0.8714285714285716,5,7
